"b_b_Intercept","b_trL_Intercept","b_trL_anom","r_year__b[2021,Intercept]","r_year__b[2022,Intercept]","r_year__b[2023,Intercept]"
0.575498380161065,0.275423033075547,0.415735335725768,-0.00508498270494914,-0.00943753183512088,0.00668393480005655
0.844087346384044,0.190804606844491,0.147582321777051,0.0141862998184155,-0.0446717113545416,0.00488059990728795
1.09874214643265,0.155824754610476,0.497233536900487,-0.0156033166557043,-0.0107798527007365,-0.0163968918415439
0.977753776456971,0.187389099979482,0.613498697702782,-0.129815475038636,-0.0925758528236797,-0.0676289145671856
0.769627319493026,0.224387107509344,0.464368268593877,0.0119372647349983,-0.00551135721154061,-0.00292833117458505
0.874368929772917,0.177091700680603,0.390578727912327,0.0113659049118774,-0.0305457125430779,0.00915222002487925
0.950823970868287,0.162583425585406,0.563360124839618,0.0681196622188333,0.0703784876220317,0.0526881690191407
0.942573636669042,0.178348443581325,0.442900126988299,-0.0566141344107666,0.00115571310382542,0.00218686925598558
0.858368037570762,0.180224765721928,0.334566992998234,0.0835031077095319,-0.0185432509743456,0.0874622080829903
0.988057314760221,0.20394668080215,0.424676236605681,-0.067598210702139,-0.156190029908121,-0.177932132032784
0.902302998832095,0.206047859758192,0.53404372229824,0.0206278629365885,-0.0425881950376107,0.0262198682437879
0.984499688582738,0.149383166102737,0.508012872233646,-0.033144296996267,-0.0314147664683198,0.0377036884143741
0.803307177278343,0.22113933324241,0.500415033528066,-0.0131508346685673,0.0164366357746764,-0.0147674435638954
0.86085490569421,0.177285012104408,0.261841968444055,-0.0316899022475083,0.0117060144217495,-0.0464546305119075
0.892767844781215,0.179975604155955,0.454222702194914,0.0161671054121843,-0.000282752548433055,0.056182373878615
0.903775010321908,0.154558187518792,0.00699360593684835,0.391479696045298,-0.0365744153165341,-0.0164134329305557
0.808031611550932,0.188941572965278,0.388835155662939,0.0353809686553626,0.00847857413719262,0.0654927140816432
0.781676077030907,0.227511686047611,0.642436448396692,-0.0240006458971545,0.024255901655601,-0.00360772363568203
0.862387158331339,0.191561456419771,0.52076216648592,-0.0120059345425937,0.0158281354645502,0.055387723635001
0.888930172878899,0.179604833504031,0.114094105999343,0.107892956702661,-0.0325859344733216,-0.0322363642913137
0.900871832649435,0.192672715428083,0.630401864934366,0.00247966733758196,-0.000510780295235035,0.00232438472455633
0.778224232103358,0.213277292663726,0.408764114778439,-0.00608907222825486,0.00441172292430027,0.000150075400634189
0.938733470392458,0.180370006629721,0.450365511558558,0.0265988725356577,-0.0276927111374387,-0.00370304220045382
0.591564051341233,0.223097826779396,0.421151308739461,0.190564823619323,0.00496964866383906,0.130562274765877
0.732305237146691,0.215440388173171,0.567875667659714,-0.00645640759629529,0.0429123463357239,-0.0280480045318566
0.711236161313562,0.200452643801373,0.145695811710578,0.394913946668157,0.0013390502042614,-0.0426538399710219
1.03020317255271,0.164315835022225,0.602346313880097,0.0106359872700013,0.00131949226354705,-0.00877763203786238
0.740941998845079,0.215713201801869,0.556344748852783,0.00954559539972648,0.00332109174817805,-0.00789939027003242
0.837874756361216,0.22956899188755,0.318314067267703,0.0602489494277336,-0.0626351159857122,-0.125881880134448
0.940066169940131,0.175826242851508,0.198203169051749,0.133563196922519,-0.053038974640171,-0.0422330556445426
0.721174020726234,0.179675090359989,0.517002462682612,0.230007645330673,0.172068941785233,0.112572173059917
0.924597876295659,0.183559663938237,0.570735413799129,-0.00485293960875324,-0.0154053676348877,0.0137763126496624
0.853165418980107,0.200410543729619,0.312041794572997,0.00058315208921177,-0.000524702250217191,-0.00528654567706526
0.70730202309096,0.216258277561051,0.31357985957121,0.0918109384937287,-0.0138044726794768,0.0534698653661305
0.670118948523478,0.219728032359678,0.485765061409738,0.105701307772223,0.0479240902147142,0.0317120913825682
0.978091078756065,0.184628759530612,0.405043378770166,-0.0410017565301913,-0.0844478907057269,0.0524085679586572
0.764986262987854,0.192438262399713,0.1031113549196,0.334012498515824,-0.128295649175547,0.109297079267931
0.893527230121762,0.206449559781784,0.506110077030503,-0.0733297016276017,-0.0015977245497026,-0.140105643623822
0.875733413920333,0.208960301333405,0.502436554590612,-0.0254111643864685,-0.0624334452885382,-0.00911161451957277
0.926084391419163,0.184425980741159,0.586228584803497,-0.0520564269688225,0.0681446098128187,-0.0341243134493104
1.0318308633296,0.148992717895435,0.548372026433099,-0.0519625716203656,-0.0271401659966318,-0.00261142598583715
0.86007898670076,0.195563524988162,0.663509649763105,0.012341088640923,-0.0535730001856996,-0.00719044070657737
0.89280144001104,0.194490580569699,0.355882067918184,-0.0248825633140197,-0.00332858091986703,-0.0164700264919429
1.04988737774183,0.168126700546354,0.509498224519393,-0.0155798225778476,0.00400996326073717,-0.00404043293145655
0.732723020836295,0.230575885701442,0.512780301957456,0.0298568850660772,-0.00182480905882133,-0.0170876092630052
0.952236730216629,0.163624238536088,0.381283970086659,0.0377720715335579,0.000965745375413139,0.0541634676085154
0.827353672300126,0.204966660813527,0.532470644288637,0.099384168200338,0.0223651669385811,-0.0172737557316423
0.798688618963893,0.179033058070584,0.511068760300296,0.045968797877742,0.12372724470393,0.108438761172333
0.768925781711919,0.217616904502632,0.410487969917083,-0.0593318329261899,0.0155616982778483,0.0176448724143167
0.951617265777946,0.180760074332362,0.64045738268191,-0.0168075783295599,-0.0197472293713614,0.0332920135344159
1.01533731273173,0.184932842662707,0.102857187442685,0.0333196579376512,-0.350416339864468,-0.132088521882983
1.08905604222606,0.121518680351509,0.388243748209732,0.130469679310267,0.0168207734470456,0.121401312239812
0.92646789203439,0.192022680859537,0.58897386734111,0.0113695087960058,-0.0131308033254368,0.00711359943956441
0.741313425343788,0.237044708903678,0.207283765969261,0.0497261121839542,-0.00680411436561951,-0.000147193657798949
0.747370586846581,0.236755414419727,0.415792487894896,-0.067016675254908,-0.111084812371325,-0.0100293729028748
1.02411841400214,0.158071320059182,0.166778801108656,0.118953925816344,-0.15679051501061,-0.0764148908365384
0.913949406222352,0.205970877096772,0.34247764070833,-0.0254938318088687,-0.0262097509994676,-0.0206095890894586
0.874100548729091,0.190961484353801,0.519928775936178,-0.028019503719376,-0.0116093691247355,-0.00536224977941279
0.931936199954261,0.185685537063772,0.583537246235407,-0.0255384275428573,0.0133318332719137,0.0194999136830734
0.783267011781434,0.220370158224191,0.439230299223676,0.00523398601776314,-0.000211349400957186,0.0196835036474402
0.903439402456028,0.183304557602181,0.455313294709136,-0.0153752146001075,0.00173825757515838,-0.0168970956966305
0.835433616249011,0.207081743069548,0.639405999110491,-0.098176470581476,0.00614015471774995,0.00483863257391134
0.936803665426345,0.157822313394264,0.268507111178418,-0.003859862912198,-0.0129155828940335,-0.000492118745949029
1.02220899471901,0.165505959144109,0.49432712741191,0.0157379137066953,-0.00364050568216601,-0.0401978444392822
0.941179556953088,0.175058022242077,0.363163004196483,-0.0107098247769918,0.0965643455048977,-0.104913037399806
0.75680444647273,0.213729217026345,0.589263799820237,-0.00910045942102653,-0.0186403961334885,-0.0491927174835204
0.744195879018491,0.241529645619587,0.291648807831398,-0.0236300402238977,-0.0293544087557691,-0.0187259217450861
0.702622961087301,0.256361264082292,0.631274405139005,0.0177970545560481,-0.00780531001521411,0.00892425416233168
0.794115700739951,0.224503144931759,0.591020069708908,0.061350045537559,-0.035696493417255,-0.0834623797214011
0.840498541786253,0.183790048226879,0.294053201556105,0.124964658631039,-0.0327366389031754,0.0602260609496166
0.696023178291671,0.243799928150934,0.616152499201929,0.0245004099318386,0.0227156164977177,-0.0580521161755837
0.907466838942471,0.177168752437666,0.330541033845476,0.0118661691713109,-0.0390892178467588,0.0600730163275
1.07872740028049,0.137728803087686,0.564301022654099,-0.00750956559725053,0.0109602664286294,-0.0583470054698078
0.868170333067031,0.20805914544984,0.636259780765333,0.00340243106674718,-0.0119929905194635,-0.0331325272397343
0.948723653107768,0.163851033731588,0.528396927595077,0.00332573033194015,-0.0168626829784682,-0.00191899368208657
0.731163353471862,0.222523717652894,0.383763836214433,0.00667800084817715,0.000107182463460376,-0.00549542644620647
0.78367715494548,0.211647783887882,0.450097476038854,0.015203621788071,-0.0316362723079367,-0.0172120310351204
0.881859724433709,0.209521588255437,0.407536258289872,-0.0223242087563743,-0.0181119483624924,-0.0257562084893261
1.04768387943876,0.149008880439652,0.419799951597495,0.0988800633140595,-0.0849500712243313,-0.0286445866511292
0.828264394442661,0.180842333757234,0.763673323599102,0.0418718117411695,0.0478467547177733,-0.00629301044882316
0.703573633668638,0.240210362884297,0.374011657541927,-0.00456095716047067,0.00492616575357741,0.00954294210263665
0.773418681527195,0.231283117255948,0.572270535793977,-0.00100493888376498,-0.00366433848689761,0.00199477947567404
0.859355687911461,0.196763712882294,0.44571514285124,0.0583447750330408,0.00947260827673851,0.0258837970404858
0.681840442938759,0.205493197805728,0.192545832322478,0.200587890371211,0.116949178972879,-0.0360030842610732
0.643298245076508,0.254281312212882,0.580933351095183,0.0192960718352475,-0.0383323881532827,-0.0182061693204146
0.66586896688926,0.240448241334378,0.326469328428501,0.0272315263801891,-0.0253601431860463,-0.0243211402637484
0.55204624129217,0.249032314275414,0.291462381474727,0.23428383410499,0.0268906748988804,0.0986198167745516
0.860365437149452,0.183933452394945,0.427769182554692,0.0717387944470942,-0.0576345661485397,0.0277696518479141
0.941796269950662,0.188448614455593,0.404940661429028,0.0999522917231306,-0.0722014806692108,-0.0976973962988195
0.932863656229576,0.171953642632896,0.41370378108849,0.00922676524855008,-0.0105297793371956,-0.00182749563001098
0.919914936656378,0.190044208783119,0.262704365635616,0.176168057386039,-0.149641490033597,-0.137398490175817
0.830449848977509,0.2235167774443,0.420701732392128,-0.0229783924064417,-0.113501457255807,-0.103414380976525
1.08571881053294,0.137658904361878,0.314448253552683,0.135050217963545,-0.144352133718509,-0.0026427928097822
0.597275594092354,0.249383902196199,0.0500728135307089,0.186670143055008,-0.136403866926064,-0.0762247646467998
0.761907957064138,0.198639141523454,0.645856766447771,0.0290538127317659,-0.0156464879487905,0.112514362740042
0.718509708356289,0.231838600941568,0.554328975746196,0.036681257919928,-0.0504992498125822,0.012822873497789
0.957316417835896,0.174877046715544,0.644036752647531,-0.00545681486370929,-0.00611550433322789,0.0137257852929812
0.906823719660161,0.205048403459385,0.486114819796142,0.0122125383990148,-0.0290270585905698,0.00371352060406277
0.743109779778426,0.243497128662714,0.61837660931824,-0.00260134338473218,0.00288885362784866,0.0061497054275619
0.955262307764292,0.191989289522958,0.164928242893177,0.00772051208991062,-0.241663588272043,-0.202156244058657
0.888786872311381,0.184561043160895,0.392113014437861,0.0424040175151703,-0.0321947025914377,-0.0167724221671172
0.735296191238604,0.24261397313409,0.509890370177557,0.0465275740606692,0.0201847800918153,-0.122772935496338
0.931662584540911,0.196035200105199,0.522916030076581,-0.00142179574686467,-0.000999970365396078,0.00238058646111455
0.943234540242629,0.143764385948698,0.480867127466279,0.149247326132639,0.097564431724392,0.0204276295677119
0.607368819397307,0.252429191991373,0.247863588955304,0.0986204122433178,-0.0177918038567195,0.0735944872193881
0.710749283268362,0.233668350838312,0.745030189289493,-0.0191089768660963,-0.00851392990896636,0.0198248213150765
0.816671097335866,0.207752194174941,0.480077932329725,0.0518380778174415,0.0042385885952321,-0.0384405064496451
0.898450636501115,0.187321666262848,0.677689186923775,-0.00514093210119858,-0.0324477331444067,0.0450096678462095
0.921644976658349,0.207824148736589,0.0465960540810287,0.0791673720803967,-0.262077912853784,-0.0944442822865601
0.807812677411284,0.218053323758527,0.379856268367061,0.0693748317813798,-0.0673790273725195,-0.159092924134952
0.853053809718215,0.202287271814536,0.671603993564833,-0.0733149186275516,-0.0417163574756068,0.0200452436214789
0.715084103946757,0.209283838577365,0.270879251735742,0.276611280355627,0.051644764219879,0.0590379677731471
0.824178591682451,0.195005053224838,0.657127142096147,0.00539137667683886,-0.00382089202523399,-0.0112440169598323
0.933502750573737,0.158944795670058,0.299324429835493,0.134375083936456,0.022996972731726,0.0722784857832497
0.670781381918641,0.219143022876779,0.284065133861403,0.128237128739997,0.019477193203809,-0.0131362751276087
0.859918900296415,0.193583035111328,0.641273384165523,-0.0432270805258705,0.13757225348636,0.0264140367776794
0.856951765244989,0.177212838276047,0.36381545524183,0.0732549263622194,-0.00230417986217183,-0.0281159256124284
0.839377170236884,0.189268804587007,0.483016018454741,0.050276389600453,0.0002596559993676,-0.0564596905486118
0.778462932241991,0.221576188755183,0.454643118520438,-0.0116428744484685,-0.0950276752054158,-0.107403257544008
0.821686594596476,0.19678938063051,0.353261884838476,0.019153109795591,-0.0196706922551653,-0.0305545220911295
0.744867219647582,0.243381714029157,0.506142925941607,0.0141781837555335,0.000756889873322644,-0.0475306369759489
0.643503936726291,0.241981546997938,0.467464664679771,0.201047451506777,0.0648958919797037,-0.0803895499197462
0.565711521338589,0.284754557628679,0.748076739914625,-0.0425653289905064,0.022951703648532,-0.0717070513337765
0.67461285453255,0.214606245536774,0.374380212241582,0.0800697927885656,-0.0074702783166262,0.0652580577299534
0.787916706819402,0.218365843077117,0.330301221377328,0.0119729315944368,0.00218489662908759,-0.00670326765502518
1.09833226276138,0.17030949050486,0.562128930044129,-0.0822276128638847,-0.0984107548565397,-0.072185568060008
0.900892409464773,0.191973572078067,0.337730059914893,0.0172988366362187,-0.104626778164196,-0.107610472628742
0.813020381349308,0.20003928488412,0.46028663037395,-0.00189994122865481,-0.000668965275475873,0.00370632623393417
0.982801316025224,0.176779069303844,0.527490976047714,0.0591686327436351,-0.0185823963683488,-0.078416534030756
0.901085547900013,0.225072216993993,0.376056576922102,-0.100593350424149,-0.122225287575758,-0.0815520259550818
0.900200680908817,0.187603202680364,0.328235739858817,0.0503145562815645,-0.0848162722425947,0.035346730050734
0.774832138306387,0.218202229855646,0.609303522838199,0.0603143071184153,0.0242713472130587,0.0363102903953209
0.985294969309381,0.173242332416051,0.392714070961446,0.0162263657695835,0.0656913201546273,-0.023577943759271
0.891915073417209,0.205420480453105,0.403975012406572,0.00668548229490721,-0.148882375121194,-0.154483544504886
0.995727743412597,0.185964741549387,0.35445375112634,-0.00585541998271635,-0.149984194949708,-0.0786109720117799
0.859611501512482,0.205218423784152,0.504130541444284,0.0309794839518568,-0.00312545359961616,0.00948473841553105
0.903541777057622,0.144722143539688,0.551610044681591,0.180875067949869,0.181494280189794,0.151278456643056
0.856105761859049,0.207228559665937,0.643960489043531,-0.0112190013246073,0.00209921443793524,-0.0595484794311096
0.945558354197506,0.1537242496509,0.273616517328479,0.122712408173064,-0.067719396072833,-0.0105984942732159
0.995541898466668,0.158198699550876,0.239157080227932,0.0177069861148678,-0.00972590280335165,0.0467512875891669
0.807535815152216,0.220233201622099,0.859998022329958,-0.0000741337540698558,-0.000153169362256109,-0.000287101511321366
0.747836914400239,0.246548137692036,0.459746272649348,0.00570355640357978,0.00675601501383917,-0.0161406167357833
0.889685470796848,0.170346440559559,0.51459200904092,0.00550361926178387,0.0558833882305326,0.00479691769963017
0.832805488589875,0.207263826874823,0.563076756771789,0.0538002764983282,-0.100365220179752,-0.0142401482085053
0.845881624378698,0.178353167330371,0.551722466115345,0.0529789419489684,0.0141748648217257,-0.00285304505015123
0.898678775183532,0.187365250235313,0.622456058513887,-0.00522505684371471,0.000905632411637971,-0.00467189018613408
0.751469359015981,0.181011029558884,0.292267901255866,0.134113505573733,0.0557462512503812,0.00892432198440408
0.903203790864459,0.169477904064249,0.42877684024672,0.0349468297918642,-0.0634758496181433,0.0495729936500111
0.976791847447494,0.169217362890602,0.514510542448523,0.0823277930096621,0.0094723160435168,0.147312756200065
1.0354841196878,0.141012699121888,0.550878887188919,0.0846547376459937,-0.0532722932621143,0.0177020036140578
0.872534180995208,0.186629033655736,0.568642737499171,-0.00632310782278245,0.0160939610049402,-0.00895281306065288
0.823273790849504,0.218200551896953,0.541960919526154,-0.035340745135615,0.03750740367689,-0.0523870459853251
0.843711305320933,0.152393626648441,0.506166314430547,0.0503091573503706,0.0102657564573393,0.0955168915049643
0.818888757751582,0.203317560548355,0.420727812991305,-0.00878080018905591,0.0211650862029678,-0.0770331774734313
0.97834043068791,0.186276223868082,0.399810533508596,0.0408778039339597,-0.0338483084044219,0.0475936540593385
0.607954588193689,0.260507623290919,0.531844496759064,0.0372354064072627,-0.00169800263696025,-0.0734683653912094
0.874679502407092,0.200108519131995,0.461774298833013,0.0317069403059133,-0.0695075639621706,-0.0936441480950851
0.932114179388387,0.187546681421334,0.707657815960426,0.0102316001435013,0.00208227150130419,0.0230557485603962
0.971060136397974,0.185476928903466,0.356219518174684,0.0421634816738806,0.0352976559735156,0.00750634656060392
0.989742778471821,0.152774488850644,0.571313433697731,-0.00188342002265387,-0.00294443420202706,-0.000178188834926951
0.877623113504112,0.181628881219753,0.669197643671843,-0.0201803527158797,0.00569640979290328,-0.000351517373876957
0.873536322768103,0.199718095949851,0.485648049671024,-0.00811070497190296,0.00196819308335002,-0.018034106427485
1.05010462858171,0.171449333663948,0.603246696954988,-0.00870819805597053,-0.0549179935371656,-0.0177056621824192
0.886157729561806,0.191734933646643,0.471881077009873,-0.039839354498156,-0.0114990256970054,-0.00342306361286952
0.724854557115208,0.234152381553638,0.510617421432964,0.0175528822167584,0.0268224689597762,-0.0564194252920081
0.998614032497091,0.168817379434185,0.478120498113618,-0.0359099765216949,-0.0370163402341475,-0.0215943028901444
0.839626167680916,0.208316722345891,0.38545605636559,0.0348973474206565,-0.0720701725485364,-0.0418693159087436
0.922178588539754,0.194805606455497,0.0650773635510004,0.0278795125035919,-0.15023404593944,-0.110427197660119
0.745438478148007,0.21977705528829,0.461452206480298,0.138980627700905,-0.00554058121442344,0.0345054232137159
0.875190845902028,0.208017442524569,0.630569413086865,0.00272952378686418,0.00351029793487588,-0.0130858021683083
0.853107396279626,0.188159333802489,0.353874369512653,0.0593568077472454,0.0143243669616883,0.0134722005812584
0.788206850598235,0.20873751057523,0.407583126865186,-0.0109195524742806,0.00418353936059423,-0.0147043128609006
0.849134588684635,0.210191422738668,0.720699103895191,-0.0122936893307779,0.0778131738647497,-0.013210274984186
0.905652101992658,0.182831656983971,0.266248153277128,0.150083874266388,-0.1437433237434,-0.0659763048474321
0.969675581525082,0.160107694105146,0.414091376552762,-0.0134931963412317,-0.0649985438680305,-0.00953549619918338
0.601052209690328,0.262536057523497,0.682951758971802,0.008113612343637,0.0331307283128304,-0.00576804468232513
0.816836697959869,0.20722800186697,0.410849334317981,0.0656839483682846,-0.036798312982328,-0.0700850089761471
1.07428297263971,0.17388413028091,0.460258547699322,-0.024204918385179,0.00382406218257331,-0.135290414658381
0.730531403946302,0.238984937849538,0.507906398943106,-0.0357292725524368,0.0160628165095338,-0.106719207748573
0.685282709052613,0.226336046386374,0.473188070128841,0.171818861620002,-0.0232469998578111,-0.0253781230974825
0.977267904960772,0.181838241193316,0.558183172516959,0.00726922088593054,-0.00772669408242672,-0.00393755159196639
0.742976079212069,0.223715011877335,0.15798337058224,0.119437700410633,-0.142861324717705,0.0218182483330992
0.871330226050933,0.198940062981375,0.483468347219386,0.0489367214964033,-0.0284019409203122,0.0234861486704533
0.811132873944819,0.218021637133793,0.763203405004766,-0.00171348876496914,-0.00851886985979385,-0.00259634002433494
0.843088899891426,0.192075634478586,0.540585754249704,-0.0737560255583387,0.00271287554577627,0.0546390994841761
0.736294580958974,0.23013053673836,0.802273900250086,0.0236390913556697,0.0242127943821545,0.025098358624302
1.02603973099694,0.158581581318588,0.639546654065252,0.00317616876746188,-0.0131401457329737,0.0382938052027042
0.753957889316802,0.230512034513809,0.65093445357535,0.0105523537622817,0.0211092923428004,-0.0180038986969148
0.661741325889698,0.249357904407221,0.242591144876114,0.0835566935880777,-0.0101058623975937,-0.0932429167523984
0.673238797092361,0.264071996199174,0.554631070213803,0.0413395535012076,0.0388342113634867,-0.0167669068011761
0.704578414792206,0.226704296155815,0.718237249983859,-0.0645550924927849,-0.0450773247043058,0.0629534639511455
0.969913132059282,0.177035278835616,0.675016698377009,-0.0690146542334829,-0.0573395721380276,0.0609990324259757
0.923936031061785,0.173258306190574,0.591726852691539,-0.024858942306387,0.066902966545596,-0.0263341383789493
0.735509207910153,0.208330887278902,0.603521132836267,0.0454930456875291,-0.0277258945359172,0.0217638179391163
0.79544961759497,0.226199989530916,0.43284912644629,0.0412889979628449,-0.0440237668271972,0.0143365450648779
0.726327427475976,0.234944395480993,0.469207228696352,-0.0263365096440155,-0.0592366467102976,-0.0170540280316076
0.968805985984841,0.174056606833522,0.417810929491017,-0.00152320184340335,-0.000191684408319456,-0.0131111088200384
0.946424246101671,0.172919753729227,0.407298770195879,0.00271418518045452,0.0417752815213576,-0.0104947036904616
0.886208334500723,0.177034697239439,0.532704092630861,0.0355563318626539,-0.0160544449989694,0.0137260303881877
0.934835186427116,0.1775951965531,0.440938024538222,0.0268905961288554,-0.00633176903866593,-0.00948506392343552
0.900938640466603,0.168147052676111,0.330247089027776,0.055647959451251,-0.0596320611275328,0.0355125545404323
0.935221139309694,0.168404585927447,0.405860976586692,0.182520041834935,-0.00354378296600989,0.0111971477349048
0.7931778961258,0.221094278600755,0.407640594697748,-0.00157031821146476,-0.00521223579465341,0.0131058578210141
0.99598343084708,0.166669320875822,0.501918454071488,-0.0215089390152967,-0.039049467272413,0.00113974528420894
0.852168363352739,0.195182231080799,0.113751419575543,-0.00657588187407783,-0.0425013487007064,-0.0265861879296484
0.758472441493495,0.218146283713203,0.746249523364096,-0.116718875969249,0.00696144557514282,0.00895160523445808
0.776257260241243,0.239274529410422,0.424755993546635,-0.0586328989665417,-0.113196505474014,-0.0935370288190915
0.940915114454672,0.182299200385691,0.264091887349197,0.0818925151860156,-0.112290079318197,-0.140791041562501
0.816476875249388,0.199998073381704,0.593564801203811,-0.0316925839532662,0.0892197636718321,-0.0447001086189174
0.917039483186788,0.180311624028351,0.591735518828653,0.0146772033219984,-0.00799389570196703,0.0016303434428887
0.690136329464313,0.240204368313688,0.543883934981695,0.0329563287393792,-0.0132953675588711,0.0132925829131371
0.890818292901683,0.18323974302844,0.444818312266774,-0.00506080400086004,0.00671355507094256,0.00644139047626835
0.716021639817793,0.214490665656658,0.627207364015361,0.0313865945453925,0.0126603591618543,-0.00914903185378427
0.772804762076072,0.194173370516758,0.432720681591857,0.116229992518426,0.0505663276683998,-0.0221050094410768
0.809622515941288,0.198768373634737,0.355908595684067,0.00699438466781296,0.0355273636073387,0.0114627481982522
0.902293426343579,0.184937095936434,0.506629875584588,0.00231086886336713,-0.00245500248425857,0.00213279750112742
0.758199277489816,0.213152535050954,0.593896984417896,0.00414397794921236,-0.00491316587875636,0.00480403134018846
0.839475739606345,0.216548142018118,0.453812204728086,0.131271780566213,-0.0375750865232081,-0.05393473510193
0.800884152053687,0.210729113158235,0.433236079411322,0.00137379869504852,0.00601824078921427,-0.0017758323855145
0.751423933060656,0.2071877341665,0.283986970415502,0.128581228562666,-0.0744582652258776,-0.00152426365191146
0.841843816147177,0.20460051029378,0.491380158845087,-0.0146362256915623,-0.0155125373611942,-0.0193341353298742
1.02589686742008,0.194827815380248,0.336964387691733,-0.0406882967994004,-0.254124527115478,-0.119906094647009
0.92110029226979,0.240149627222398,0.135672912273878,-0.0701841504448925,-0.352237618814927,-0.250541702192167
0.993456626658793,0.156776787621614,0.551792619428793,-0.0158516722493553,0.0500375232875443,-0.013877336330289
0.867603102018217,0.206442413286251,0.271574001014217,0.169563574719467,-0.0971256327578529,0.0314260566662276
0.967673559739445,0.184987994250814,0.721670364332132,0.00309004315296536,-0.00624912948552872,-0.0139985511665936
0.66107661074818,0.233776170899048,0.721707817135939,0.0644849152044071,0.0848568258592923,0.0297557722682747
0.923185623715934,0.198910370983966,0.330195836256302,0.0763338694767856,-0.128920226176526,-0.0314948346100097
0.729227205631931,0.250991903274911,0.623275281463964,-0.00230057243700437,-0.0204397918694611,0.0128984492947408
0.787197891705138,0.213617593022694,0.232812142578302,0.00852722744769228,0.0223807452737528,-0.0067895081608222
0.936720349378627,0.201860937305502,0.432664527970826,-0.0122789536287058,-0.0163304946791517,-0.0322770127679854
0.908418123524611,0.182258307622945,0.457261672441506,-0.00228915348623223,0.00288464543991309,-0.01627320359037
0.94730914792887,0.179081312676594,0.46955672344927,-0.00102996103972121,0.000675098860872602,-0.00101477337172358
0.782139519225725,0.205603064070151,0.682856605321118,0.0119022182834948,-0.00419379599220931,0.00554615914089622
0.909387080878025,0.181473341012522,0.597766251701126,-0.015194465427067,-0.00603975780946405,0.0114367289443942
0.571623832823991,0.250520738386381,0.299419212777484,0.12917649737034,0.042923192365464,0.0806959628132765
0.818513693701954,0.218123151486115,0.421463469059945,-0.00718688067372497,-0.0107501832856109,0.00626391116911669
0.97829912808688,0.194437437219278,0.643354646746786,-0.115580422102329,-0.187118728830371,0.00204510441754458
0.803024013673259,0.184441820719683,0.0977859299644275,0.214691865584249,-0.0204597072152916,-0.0101772375366141
0.851487498834117,0.210142228932488,0.399385914133362,0.0409400195860047,-0.050771654330403,0.0114115455880834
0.991136192991047,0.191868872510505,0.282259421463032,-0.0353837750706841,-0.154945020412276,-0.1642095665327
0.648537089488584,0.215616466243689,0.543876586778223,0.15759439827829,0.0275049295379898,-0.0111664655224509
0.869196606780529,0.187232702349144,0.392753279091293,0.0556307274661447,-0.0488301216931374,0.00240462693519431
0.810028321639108,0.211109250148774,0.568011667956728,-0.00953124747820438,0.0268005104888617,0.00334130708663349
0.779667218079823,0.20907507096123,0.574097340615434,0.00971544525377234,-0.00748973884499985,0.00272637434972597
1.0928439468434,0.132936400124238,0.341276085727445,0.00482110123199408,0.000916411538743093,0.0106030211427589
0.659581311765476,0.239608550372617,0.356730115818969,0.072365909004809,-0.00821443547292928,-0.0392345270387009
0.843509281707288,0.23189699578879,0.521466440137172,-0.0541076771603236,-0.0978116348384885,-0.0290164798336393
0.698997054811895,0.229363585889344,0.454107959419629,0.147800074468554,-0.00186885472437308,-0.0176732215426847
0.700075070833398,0.191161559718618,0.312133688978178,0.296430897244297,0.174189386167078,0.0670449536878977
0.781814755828113,0.19920743879593,0.0669996563271313,0.187985718462921,-0.0942197704972648,0.0466865572419615
0.735758476731282,0.229638272837687,0.360507206546786,0.0468357615028054,-0.0270137721841461,0.00750449383782679
1.00497145736404,0.169224136552631,0.496846993295254,-0.0693101895344301,-0.0786056747133295,0.0629289591282245
0.947238799679911,0.157160976962475,0.388170985024434,0.0917426597459861,0.0112410652748351,0.0516068814481781
0.893695048150128,0.21385948458767,0.632680350047154,-0.146478106595166,-0.0595987378015949,-0.154874637631016
0.893957080518369,0.191329902981178,0.319443928613491,-0.000686153457403807,0.00239457865196089,-0.00256522945475877
0.886655830152688,0.208008811811237,0.529514768538677,-0.00051576896721103,-0.00102509702034454,-0.000831068852972437
0.84890259452279,0.179079679748393,0.543241017779213,0.0885984237163717,0.0758860564099161,0.0786949579014316
0.95746465430629,0.154757360344655,0.271629823750951,0.0324975855110727,-0.103897682082078,0.0574948221664236
0.741652623189177,0.236791075942767,0.293905275839915,-0.0319735826523073,-0.0373368465606685,-0.00638077481709926
0.837018346341585,0.205047300044028,0.551888681203368,-0.0464750132584617,-0.00504759135474559,0.000798288984799449
0.775787501508469,0.214045680651159,0.276455342975773,0.0432882318863939,0.005750703515882,-0.0075139288221577
0.776767880254056,0.20539570212828,0.16311702441578,0.124433998842303,-0.0815298875444798,-0.00380539836899759
0.95131234020682,0.14061722385589,0.212899916116095,0.172748274723261,0.00406110908398576,0.0761319620847112
0.802904356586248,0.176809014216134,0.459857560091268,0.277057436263815,0.155916047322394,0.0277925440795003
0.806505853596231,0.211002151243129,0.303183576695031,0.0892470786804298,-0.0925639850698731,-0.0266999716953955
0.755183869094384,0.23088255053393,0.485433520990066,-0.0268384576342039,-0.0145279760641798,-0.0045528901104979
0.783408903029457,0.197709253924839,0.538484367203874,-0.0423814813357834,-0.0292452296319064,0.169529951022531
0.909193507066738,0.169018107378169,0.692136664871633,0.00266731902134824,0.00112971787928917,0.00268410415797256
0.936856890853737,0.165422449869762,0.625337877599434,0.00639946138111953,-0.000255870204643763,-0.000810263037643535
0.853496317587665,0.212484670641918,0.537204491347061,0.00035796992701788,-0.000290947602522796,-0.00059123713831887
0.801625188693843,0.22038082161439,0.660897504330786,0.0305936288382753,-0.0845343532836177,-0.00273269460375269
1.05834667295181,0.154527449192679,0.378051000131974,0.00635536357701483,-0.0447897440653198,-0.015583649192606
0.758554072436903,0.217843931907275,0.539771596828261,0.00173492963255824,0.00845220670562558,0.00116783802628377
0.79531943974608,0.189009463209929,0.213261474573394,0.132596666773892,0.00395942078106311,0.0187010481962059
0.90080645727202,0.179494958802335,0.441929604898276,0.00733336152608917,0.0126521457640609,-0.0184824296725534
0.922981532265955,0.163506862430129,0.368212900356976,0.0366791577842134,-0.00566978491391623,0.00716604642429855
0.799888668782336,0.204622762727308,0.492795897451232,0.00184343786202559,-0.00152711045524523,0.00116877546122562
1.00633769144168,0.174139173016246,0.338616388917633,0.0260891633144526,-0.0242450040096712,-0.108789957930114
0.86433976721977,0.172479384897236,0.294596986151829,0.168784727088427,0.0381688630003012,0.0137004713241323
0.79634535288769,0.218416581547428,0.715825141591306,0.05393333515916,0.0961089376294861,0.00217052885002824
0.74547308402575,0.223796304837136,0.543515465552288,-0.0338220818658554,0.0269600061194984,0.0305373446809159
0.927166539584955,0.169161687722713,0.472703847462427,0.0184778330980786,-0.0875538867731778,0.0632736928411238
0.826927845153202,0.207324506267876,0.186907073175807,0.196013656892221,-0.157620171582755,-0.173816156890316
0.844085206553616,0.21161197363589,0.401866566375227,0.0441071544974917,-0.0474955645961851,0.0204035554579635
0.88346014321659,0.213486827095604,0.930430546968168,-0.0946124373510878,-0.0388701266196853,0.0289271254523731
1.00275266191411,0.177472738907468,0.620956436893886,-0.0350917632097604,-0.00482037503411168,-0.0549632998774755
0.724672300930131,0.259071703293138,0.464527822688436,-0.0736107032652747,-0.126114406763043,-0.04384762062947
0.706200106647647,0.228133148680452,0.0274537293123557,0.267422500824892,-0.238161448195824,-0.113729526655776
1.01906480589105,0.156510691004353,0.611102744901738,-0.0071465967751092,0.0191428091804334,0.0394140349815072
1.08254829737645,0.140785835784465,0.643211226367641,0.0203704396273128,-0.0447585151874244,0.0887780009715687
0.768706234016778,0.230765669044173,0.601808475745363,-0.000804174148834451,0.047437057684845,-0.0360436283638302
0.854970081274758,0.193106104985072,0.306830164663625,-0.0101952047382304,0.00379481538888473,-0.00228300357331594
0.83460830484975,0.218958557474775,0.428272022542231,-0.0190762850761505,-0.0115201325988588,0.0105845958700579
0.875912267077835,0.19146629642961,0.385971763898681,0.0732508406782194,-0.0621626050629848,-0.0729153025482418
0.838026469780252,0.21216175294249,0.289447043979676,0.00363672367517188,0.00396215433474407,-0.0118219734512133
0.998170912734561,0.183070917964758,0.416201153401091,-0.0475258409327355,-0.0606743158404822,-0.0380257060857024
0.736914852382435,0.228336517757225,0.687258232579931,0.0197881909984219,0.00177921472478243,0.0135213781057939
0.833055384895409,0.199956919808988,0.0861967391175299,0.15250245335519,-0.154410800761529,-0.0595363846433308
0.841322049740804,0.209475053586136,0.657074735812039,-0.0109735009756935,-0.0287786420685252,-0.0166559921545734
0.765003668682058,0.225151167201048,0.790368887180693,0.032432995317684,0.0569876834321993,0.0180739713384489
0.859744425890794,0.18053106719899,0.477919989371789,0.0362840017725553,-0.0312702888008772,0.0472139567833208
0.80840564083297,0.190935881805639,0.127054140573652,0.0943392232260263,-0.0842410535228924,0.068793922609875
0.854659192641257,0.200771011699975,0.618970621452649,0.0228940494845631,0.0103343111077597,0.000447074003287368
0.742495994976915,0.212676331139423,0.436463124403706,0.00469570889158947,0.0000864508760908659,-0.00101648479949312
0.878785545280103,0.184598244969119,0.585793206096737,0.0827070250844934,-0.0652117248650681,-0.00219892962119527
0.917834177158424,0.190485569747218,0.222102751568149,0.101639978971784,-0.0184176716958724,-0.220165302655813
0.915394074280797,0.192275090438499,0.495889293792576,-0.0243547885485465,-0.0171126530443326,0.0417284015443786
0.641797166373816,0.234451969162326,0.379462057670861,0.253726164697748,-0.0346162176531437,0.0171466931089268
0.893517727333743,0.18859950220755,0.528894210126475,0.0976685558546218,0.00963719291844597,-0.0114795804519436
0.936456949802318,0.180041403409062,0.177346889697618,0.000547032579239776,-0.0337233170689615,-0.0186729993341242
0.796551033909283,0.231090862449721,0.402616119030105,0.0915922040795274,-0.0210293725725924,-0.0289913419987973
0.704068395914504,0.244350969790176,0.41424653357013,0.0510251650601427,-0.0343556388594264,-0.0922312234679603
0.879791741340105,0.19148196270216,0.384310688179876,0.10979856834312,0.0158147952134744,-0.0388572338925486
0.854855852261642,0.192147116272867,0.652017062467844,-0.0456405871064598,0.053813978154227,0.0236198996168825
0.921979749409703,0.201632597178953,0.494034951270816,-0.102415552351265,0.0324067881290016,0.0134948732880035
0.879545980759263,0.183104868930009,0.43694924642173,0.00813870543241669,0.0248231185119246,-0.0276240181531928
0.969021120081889,0.163967034649962,0.439766159834563,0.0259388575635529,-0.00338086073520597,0.00190896669308046
0.824225413464422,0.194211327067184,0.677043020565271,-0.00593928467688159,0.000713493898419017,-0.0160341979335774
0.956436048590104,0.173051595548428,0.379562236051802,0.00749873595108761,0.00463737618470031,-0.0038271213315838
0.959764456910217,0.173798517328643,0.546476602434629,0.0253034490728555,-0.053047622407364,0.0411418913943986
0.884802648734747,0.176399450696733,0.610521320405042,0.0196835501291952,0.00426832612403137,0.0508990519658788
0.885822563869084,0.176247920608675,0.052810012704004,0.187440615762132,-0.0580482554281768,0.0241724964256838
0.831569264870627,0.221635178052212,0.432679586342953,-0.00793102595140311,-0.0044992245426318,0.00215754448125743
0.892965042306944,0.202022067082482,0.635208215178025,-0.0108638585791093,0.0142446831674093,0.00463220384137899
0.685113129715539,0.233046700065867,0.399290160253676,-0.0123744258996312,0.00299939128760701,-0.00410829493319124
0.806426549825685,0.187428650902551,0.46060899503058,0.0260946940885776,0.0960748350798212,0.0317748548280946
0.862990094861351,0.180773246346689,0.376609606095318,0.104767962364459,-0.117385705998204,0.129807690276808
0.81022442763988,0.218010723491955,0.273546269338254,0.0178008595743397,-0.0554391425153658,-0.0363788904662694
0.823252250920767,0.196560869946913,0.483306478288116,0.00197386709659522,-0.00509114228411183,-0.00457634128547735
0.821543920318455,0.182582851435724,0.462497785670435,0.0783109886677126,0.110925494178427,0.165452872180266
1.20119320698502,0.131715865683931,0.546522845399001,-0.0258334987048294,0.0044194230656594,-0.152806111345943
0.885355401634038,0.210513430973362,0.426550568705116,-0.187879348474705,-0.10467783817746,-0.0256472937163227
0.922346113413832,0.198151086276974,0.517680616903502,-0.00111352798769422,0.00451979925630683,0.0328456919483314
0.860685543032187,0.197205227242196,0.518935807128917,0.0238738608049238,0.00894430127813924,0.00528760579353807
0.919969088541298,0.17365307017192,0.842060913736527,-0.0941394156289969,0.0730063968144921,-0.0118848694309071
0.652442638025033,0.249407022976194,0.515936993333528,-0.00178902698119039,0.00735501921791152,0.0061112700523078
0.751203587025845,0.184276567613991,0.189839732779891,0.266099714751194,-0.0455474004849558,0.0719272758003749
0.892286167309635,0.194318076480226,0.0751345917942954,0.00206946517307774,0.00653643097434983,-0.00274503811480049
0.862185635782895,0.181501465765456,0.654767575362166,-0.0118807420898562,-0.00467657603743121,-0.0376323671734004
0.900400417837897,0.186045137287087,0.520141385291742,0.0348466579351011,0.00614073676775676,0.0119883261965594
0.836789032221233,0.181236389297929,0.792500752632133,-0.0155001534039759,0.0591910890140778,0.039211153666613
1.06714925696444,0.161671935759996,0.599489338687181,0.00908397461108398,-0.00427775815778532,-0.0154991725706615
0.986084211239604,0.168554766892563,0.550211733789331,-0.0655538073706818,0.0443363590499122,0.0482947866803785
0.673137656475557,0.239575353753298,0.519726110552733,0.0493656297450924,0.094251764426423,-0.0195019483563759
0.966857711246408,0.170602928192788,0.322117712363998,0.118801489447398,-0.0447148077502569,0.0243914409721879
0.755505648457465,0.212966905073653,0.429213343661546,0.0678687250256351,0.0638946546969763,0.0375336524933873
0.8974930495529,0.188478755788284,0.231200497572359,0.0991632770029432,-0.00524388639123789,0.0106075196630517
0.817099199097655,0.204940376050307,0.516831912229194,0.0266709172518,-0.0235642718944303,-0.0253850684125465
0.734866127064416,0.246915198148124,0.300249515425624,0.096403599816134,-0.177714348201758,-0.0288024205376231
0.988662021575709,0.177167504587802,0.761863595435835,0.00110814028002307,0.000622591496680507,0.029352106597693
0.858347953487972,0.184747048757937,0.708271741678135,-0.0225546496302029,0.000708265242546448,-0.00377907093740603
1.00294793073036,0.154801738399889,0.347536892930098,0.0694042451877151,-0.0698260807358747,-0.0119793322150637
0.903005408865912,0.174017391730039,0.600709308251457,-0.0188934849523619,-0.0220150248020466,-0.0152292190186827
0.724774101561836,0.251216284710742,0.303269270196718,0.0422670320306108,-0.104581681933734,-0.181812597242619
0.836607088569851,0.205861305570961,0.765228409835854,0.0513518293033152,-0.0296895682408868,-0.000867697004658895
0.764376566406845,0.217940738591879,0.22254096592919,-0.0138957495932174,0.000106579447753483,-0.0112558216962287
0.66953174559548,0.226868463988139,0.368744969954833,0.0784190344677287,0.0858095794911755,0.0533292903712857
0.8102647823129,0.202515858191127,0.593878891867363,0.074250755740501,0.0445720538979238,0.0393494454821334
0.953342921570041,0.17801434812257,0.30500557543127,0.1180177834718,-0.186182437646984,-0.0575657442231296
0.892995091027595,0.209439061555508,0.31234746715078,-0.0120532515346341,-0.068826797386104,-0.0634500863552319
0.949639986949919,0.18583277867554,0.586756064431289,-0.0138408317897342,-0.00770906637909782,-0.00611709310512846
0.916182686436437,0.17402800787623,0.495301979245586,0.197860607748521,-0.0169573171784153,0.0115178533621996
0.740041485695848,0.240706180269667,0.460308274524384,-0.050284914177118,-0.028201233912324,-0.0339527084811325
0.855463636432616,0.220905774887748,0.0926626858696062,0.13554078687866,-0.262048612493939,-0.115158787604984
0.949010960263666,0.175250531611424,0.381992000769824,0.0280335755881163,0.0100864517458185,-0.000953840684236542
0.913252358804299,0.165326409097646,0.00260767682531433,0.159891993592103,-0.208087052795084,-0.0659076951033218
0.848344238586082,0.205301096643803,0.783599508066386,-0.0384699105331223,0.0475957738485735,-0.0463699252646431
0.894939734883906,0.179126535592279,0.582220442523079,0.0651522224377932,0.0588083065801201,0.111904133205092
1.19812917838009,0.132659198814561,0.263899803466607,0.0299652150292641,-0.106224370156851,-0.00775309205194737
0.79602234878813,0.216714897340464,0.478978412020154,0.00519890440953477,0.0176803642666494,-0.009550856858776
0.844936036458209,0.190204778573839,0.228765942417937,0.159139152198127,-0.15187186375999,-0.0222777383400571
0.928513751369995,0.198402165288624,0.595814828845135,-0.0330925308502426,-0.0905950807815474,-0.147532950789999
0.798382831409661,0.161309246337543,0.216763410182869,0.285260688247281,0.19544158757666,-0.042809988892094
0.804301260279819,0.202000706670693,0.682053243641331,-0.00636254946723611,-0.0114050289010752,-0.013827295152857
0.743008417804154,0.222856144211053,0.438579442099708,0.0172004085197443,-0.0285676945858306,-0.00194634921521916
0.818108511498546,0.224601891901212,0.573251887427833,0.00279652749559322,0.000286511185077102,0.00386206720483396
0.791274040832733,0.193358451086177,0.56197823106449,0.12317525562241,0.097653994802742,0.050609956519515
0.939914008838823,0.176974329300415,0.447948882336299,-0.00904341760732038,-0.00218089203767467,-0.0152882438045121
1.13322046013495,0.152472103219905,0.107835650470567,-0.0283968225563779,-0.236166774692009,-0.108466996775974
0.91736281583775,0.21254605968685,0.138644093559812,-0.00235012573497973,-0.106908886769624,-0.150138293471532
0.902633871130599,0.188885364647798,0.581937652296574,-0.0309086058347326,0.087123850408095,-0.0131620819507569
0.835920310521026,0.19329448056498,0.328648553462388,0.111790995445497,-0.0485940095296839,0.0236356159111155
0.982614646215327,0.16933186222868,0.346794564463952,0.0218981159366303,-0.0986150274521051,-0.0233348455993696
0.894480055693543,0.195178974505873,0.633509578752851,-0.0240791726147213,-0.0523338250136153,-0.0278344666266293
0.972445021222062,0.158988067259703,0.598741530220178,-0.110694379832625,0.101442415232291,0.0644311724803493
0.82604829951147,0.217419846286163,0.403702934724874,0.0910629356539813,-0.00579320783469287,0.0975509851501471
0.885449434568458,0.198062997827255,0.312381546205368,0.0185452483457579,-0.0785260443894787,-0.053729297738866
0.830635498230451,0.209626836675907,0.607414664173663,-0.0262111352490727,0.0319000129761245,0.0956993450359703
0.827155409937325,0.210187253931894,0.408651793921117,-0.00429364729322053,0.00492766685177442,0.00933764049825868
0.853903508748399,0.195392707889658,0.660975770876893,0.0243618034465778,0.0283332477181361,-0.0241121916682594
0.806810975895798,0.208163119673909,0.548568120706474,-0.001636921927194,-0.0000287346150717486,-0.00334619945745522
0.806192604644265,0.22586514438368,0.614092629846193,0.00640058475104321,-0.0214333419783285,0.0454932507142559
0.632422582611559,0.248686246810979,0.438267740615355,0.00760859795921701,0.00328543431164144,0.00726026039184126
0.886877109835758,0.185422956525756,0.594632661846347,0.0304390949822816,-0.0606300833874211,0.00576009968294447
0.804953503355641,0.218104486442775,0.624974930696511,-0.00388783780991923,-0.0148722735235225,0.00130025229638647
0.909564366463527,0.191701553732078,0.476011394024601,0.00977268507730334,0.00660434441225856,0.010599538147151
1.01672455621847,0.191521885306009,0.359926298716459,0.0213953672525522,-0.0682689810358327,-0.0497340312385267
0.823172889169575,0.192634840100685,0.558549996297526,-0.0000561680742213944,-0.0000273400794838747,0.000314944780127016
0.965065442203936,0.167628541875677,0.264869362150892,0.0132414410715799,-0.0195059456995112,0.00665594628313261
0.637676762810219,0.23331256065374,0.481724230791414,0.0586937125100491,-0.0238180266994634,0.0401173688570245
0.991079945530937,0.150885399352983,0.0922117537387651,0.171072670571151,-0.0621184627424898,0.00194280950379881
0.930975501287718,0.206100727705355,0.386662443269117,-0.0256303995009363,-0.169477127052966,-0.0284052391661957
0.812876353570457,0.18956299649764,0.600985398181354,0.0832257555727079,0.0733733474039779,0.0419472209531204
0.952582010511463,0.155030460103958,0.383113125621156,-0.0438245329881951,-0.0477737040874558,0.0489549307358981
0.928172578571558,0.186846087752545,0.257252782690909,0.0679121461512225,-0.0476631049257952,0.0262935067434253
0.770813589172341,0.229412972131622,0.672445530374298,0.015561027089006,0.0284230388101795,0.0332354955693821
0.873884521371068,0.18777654054413,0.519395433385349,0.0479273544831808,-0.064257131853755,0.0600311533583924
0.655351868544237,0.24123801233887,0.590191284924023,-0.000600090553044173,-0.0067965817407703,-0.0416889754787109
0.977628301460913,0.172301425180702,0.609500061110307,0.000717527414409283,-0.000093031733222615,0.000347276645857493
0.765163332789282,0.209843419375828,0.11515243032005,0.1410222681489,-0.120576839818547,-0.0390258535324249
1.00087824117731,0.171522004552554,0.807619957799861,-0.0472697032639809,-0.0299909311272049,0.0316982009844634
0.809767472903397,0.199814814061203,0.173975246377883,0.190370633288848,-0.0682297756706194,-0.067644967767656
1.02605270831228,0.140956195782536,0.245012647432213,0.0158043491611517,-0.050001158312329,0.0179340827575682
0.727658770334139,0.258479586214179,0.448928828716731,0.00279942575661888,-0.213982812274805,-0.179099079916799
0.948096081522676,0.182793965276955,0.595618083375905,-0.00768026205408856,0.0207029187262839,0.0279410278460256
0.843632467661715,0.19676908885357,0.551918771122419,0.00108838590087684,0.00214788959215976,-0.000246908909375748
0.87056080258005,0.187733678561753,0.585355380012372,0.0177202985816642,-0.0371579268664124,0.0332547714934752
0.776787720791579,0.219676042767563,0.449081940244259,-0.00138627079602146,-0.00351549482439911,-0.00365316983574681
0.911672743347964,0.177686681628582,0.273576475767209,-0.0140729335449583,-0.00120784934357856,0.0199360933336204
0.808426113799846,0.243949879284576,0.456404921850402,0.0964022832298534,-0.159046634028818,-0.190343477370161
0.831459348412183,0.196217667561647,0.389523108990695,-0.0229406575674674,-0.0140933939808209,-0.00369962204669834
0.837805517208403,0.169777892950808,0.290654639984265,0.0823374203277111,0.0334688357218826,0.0340008296084708
0.811710008593313,0.230132246818524,0.760512819034687,-0.0184803732223527,0.00941383522717201,0.00356087797867479
0.93600769590245,0.176513629651017,0.255141024039647,0.0396204572845513,-0.0528492023318806,0.0266904599598062
0.860299289903908,0.211259855457971,0.4421569458407,0.0267339409531036,-0.0103817824721045,-0.00923384915238695
0.905053554604807,0.200476580942661,0.214226696204891,0.0510714275407768,-0.20017937997643,-0.0966056645260015
0.601371637867408,0.238597298764615,0.459219619049329,0.179202015611376,0.0435427338658013,0.0348584637430829
0.946463388447285,0.192292525948636,0.517676500099367,-0.0175735812704514,-0.0479890751824627,-0.0806272469971119
0.875924826945239,0.192233272631129,0.37337641581312,0.0738800354362295,-0.097142840296111,-0.109001371581735
0.841080458575135,0.182346228051809,0.154935591163466,0.00875973562619237,-0.00771093834997718,0.0558382647229354
0.651656903733637,0.236077693134513,0.69448176192711,-0.0884965855622153,-0.00509414640280584,0.0198625145571808
0.667523568209796,0.23811686460028,0.252686141697745,0.140651030672288,-0.0396157387973226,-0.147751461350181
0.867610551261592,0.170846322146152,0.427683150344346,0.0289002205005438,-0.0205030662916287,0.0251029632652045
0.872186438366423,0.220952141594378,0.572908527126804,-0.0741096910262415,-0.160705671573536,-0.0681903579385993
0.957378198334376,0.160174468372695,0.479697728779926,0.0987248419224022,-0.0513978846368979,-0.0392130716242827
0.769394062295296,0.208208171238308,0.212054540457197,0.0362601270709383,-0.0236323552348285,-0.0343809765871272
1.00944003982325,0.173455790076694,0.346141768239053,0.0127340182392327,-0.0434172580845295,-0.0734936297937826
0.880669984181973,0.182865878559084,0.368967253088325,-0.00142815223758938,0.00985928160888459,0.0109123609068105
0.823756193856989,0.192871050596762,0.463976237755533,-0.0108892977360432,-0.0627583683846963,-0.0151760373006916
0.732876134184355,0.205671048559197,0.488975452935073,0.0319967740781912,0.0140914520431934,0.0519734673586882
0.962096807882896,0.171120743675391,0.532080303798087,0.0089972917479727,-0.117376250538478,0.0628388467340203
0.811295175548476,0.191981177039691,0.263055404686029,0.161594633504756,-0.0595789847732097,0.0135328915378054
0.893607472929077,0.199487042285728,0.55700365687945,-0.00277443341136427,-0.00643541281471943,-0.0162675403551007
0.688522477308879,0.183174832503969,0.0839821273079383,0.494789777538403,0.0367641575958746,0.223684407801645
0.793674336269736,0.200389217728448,0.368418584581209,-0.00246448983179554,0.00192029690404252,-0.0029029962020665
0.769662556759696,0.209717209657736,0.650627887962685,-0.0000162193959682118,0.08527612212234,-0.0185475432581462
0.855079574161421,0.193507588313968,0.618615823238866,-0.02214709391997,0.00729760998522411,0.00257702037001299
0.755508444161469,0.212617719892283,0.340593524550942,0.00756645527675482,-0.0118634277656515,-0.00192337908402811
0.87364735499044,0.181943214445824,0.462966130389963,0.0137786565928715,0.0369401211581185,-0.0631288467567067
0.915245414881999,0.166735481851282,0.437607658339492,0.00959191231349994,0.00118793613792895,0.110157822807275
0.780401515780302,0.207616254254213,0.314896512650176,0.0874674190919631,0.0440938505365715,-0.0276927081765087
0.809474508886499,0.190613435202791,0.424782904893657,0.0654452276533335,0.00569485347456083,0.0471885805723368
0.866729385971341,0.211242228815313,0.256191164918554,0.123738153669108,-0.176304090777414,-0.0558386031428786
0.850788124029806,0.198091785646698,0.460138140929611,0.0280560198094102,0.016843719888034,0.0157839995523891
0.833286373565267,0.20096059322865,0.565884433082451,0.038824045666649,0.0350157729811864,0.0265611326091482
1.02248653045651,0.143323051508896,0.25342211792709,-0.00511462269649811,-0.0352232807936658,-0.0391163440971551
1.01104257095298,0.168184753667677,0.181334920747601,0.129730388736327,-0.0266740350561472,-0.0747813016297119
0.921169371096075,0.187293216620843,0.38546095896011,0.034014366678036,-0.121663724660361,-0.0631276880847091
0.961487952667767,0.175098891194295,0.291608993734115,0.00287871997441687,-0.0372150787319337,-0.0559333890441872
0.719156038275486,0.181940543978633,0.515969750027836,0.0585155531621054,0.109694314413227,0.0303006728168953
0.861254084612697,0.193748845076877,0.46129399054669,0.0231204857972397,0.0166085781572547,-0.0376979753399558
0.914196042901979,0.187235458284437,0.497514186103382,-0.033000737743289,0.0385861370793898,-0.0240981149744971
0.943619778216356,0.176740295461248,0.520482560946029,-0.00188786596820224,0.00324741383380729,0.000113126225927821
0.902475187798995,0.188077903930433,0.26470270184016,-0.000347249556114014,-0.000266983123254466,0.0000861382722082033
0.810136597853775,0.204018023000323,0.342721838083179,0.0320163640786349,0.0130207382167047,0.0183628196237771
1.07431602423522,0.146895486069116,0.678881215759396,0.00124675789550204,-0.000451188023439463,-0.00053105821410564
0.673588047571221,0.210402377594704,0.26875738539373,0.0353744746579905,0.052916061740491,0.0473204261509976
0.905584197084065,0.179024329523691,0.559942529615749,-0.0236985946299026,0.00592479944500668,-0.0330534549891839
0.637603633211715,0.267919680072358,0.200212084474202,0.16062874203468,-0.18945418853674,-0.122894121335531
0.875100131201451,0.174463356488367,0.502356919520901,0.0130061653762393,-0.00442145093052078,0.00624194519421958
0.884733244203511,0.186826200014375,0.25500618579648,0.059838268711175,-0.0155682609237316,-0.0473907505886303
0.789846944858611,0.202701698821413,0.400954485241009,0.0560452964261737,-0.0159995682256352,0.0150503211960825
0.794598456816436,0.210459732798112,0.376470603348102,0.0529588337762279,-0.0204039948345252,-0.0412899720637197
0.770796295803456,0.235911047192538,0.497802763815791,0.0024629256934202,-0.0642389262645771,0.02048341596686
0.908757542156975,0.168461125704642,0.608926981597892,0.0460329326030889,0.00941902679708703,0.0560325892657461
0.937943397037004,0.193341260312589,0.450453700342332,-0.00759678236523155,-0.0000394807576260323,0.00745651783478158
0.928643398459284,0.178591627326264,0.419416651557629,0.0434239992529841,-0.0229333563643944,0.00786757164202256
0.824774969050971,0.199793015592121,0.435052200947225,-0.00148539757629741,0.0115357277261108,-0.0227931725581462
0.646962174948902,0.252439785857076,0.408844034474116,-0.0503733359061927,0.0489341240440604,0.0449048757359442
1.04848205178997,0.148641720401478,0.458455679417213,0.0665796491300801,-0.0610099929556859,-0.0212732415848975
0.917229542706818,0.178106305364692,0.664350951558544,0.0197487294389057,0.0375946755958711,-0.00765108128894482
0.804687944852018,0.210027488886944,0.571880492823012,0.0215096994490207,-0.00331499936380976,0.0249339983912498
0.857836805119433,0.195119277092271,0.67872344349683,-0.032118137152256,-0.00000467880108621681,-0.00359654792650518
0.773566448443618,0.217288608104814,0.573126611315038,0.0171169428589588,0.118770913385821,-0.0126399393273984
0.896484517238361,0.181287336628081,0.490235483740282,0.0580021100206648,-0.0101798964633776,0.0688340978663603
0.774095703565193,0.200131724484147,0.101541820391242,0.211072508759434,-0.0637549303719972,0.00042202352484362
0.772060201110873,0.213346428620334,0.354245930964178,0.189469004379821,0.0172805672615442,0.098752198851441
0.929866551965862,0.1737605640942,0.502311820961426,-0.0185085009676381,0.00969418130755139,0.0158514242171049
0.805882369589833,0.212802053119384,0.47039419473211,0.0327741493477653,-0.0128669577867919,-0.00916991115160585
0.964743867035202,0.159509087632758,0.530189271413467,0.0280396518735144,0.0716426370682647,0.0169363294662611
0.859914375875187,0.191219204333828,0.480014305590446,0.0395293560258515,-0.0420320297148742,-0.0355065552311794
0.783287657440197,0.207560456470391,0.530146029549212,-0.0565242900552834,0.0170799230947162,0.0498097439315978
0.756667849312714,0.22714602053797,0.637292217741038,0.0105797590438081,-0.0125487021115749,-0.0108379403848206
0.939409340226534,0.19088131852286,0.651661857794181,-0.00736645528947713,0.00230784975204941,0.015486786037739
0.803092803282867,0.224979219328915,0.39862733244448,-0.00728447665708631,0.00166335003347493,0.00863963633187704
0.786953380543299,0.202715782975654,0.50580884034465,0.0155441800648946,0.0176465772307622,-0.0184823735469788
0.734849498987777,0.220897972168909,0.42212530152418,0.0105704800214911,-0.0204938810344032,0.0805263824509623
0.854300256733725,0.179806008300738,0.324221128829416,0.00632692629088636,-0.0124970777846087,-0.00942606866519343
0.720757992628069,0.2230159829211,0.611492780509229,0.10858911743966,-0.000853779069235358,0.004179587635476
0.778211839785324,0.204690544478904,0.281654165633114,0.139500631405856,0.0350175510749706,0.0418958257478287
0.872624411242491,0.194267198315698,0.587858858382315,0.00459201479200833,0.0401101941516189,0.00541034251417997
0.754800866859962,0.225852394122813,0.437401382597094,0.11286928232588,-0.0673487228172878,0.0874372849817458
0.951037509197402,0.186167313173308,0.571521992813709,-0.0151681692976008,-0.021049281021613,-0.00742302137084396
0.867822117725259,0.178335442109364,0.253086524107109,0.108638025236847,-0.0937590708880532,-0.0191643704326977
0.809652271399287,0.227461395230118,0.321232878076216,0.0505645353650629,-0.107970995363166,-0.159669606398929
0.851765982773076,0.207607686952929,0.493976271899472,0.00830608018266867,-0.00483440532526984,-0.00270312503850044
0.908036901197468,0.179095178970194,0.632290529487481,0.0262425224601563,-0.0269994839724618,0.0106502924982174
0.852496528975441,0.185645328096815,0.334359958648259,0.0227099325555626,-0.00965119494958936,0.0431548844808453
1.04305837595933,0.155744472007443,0.310751418684917,0.0449431762162393,-0.070260750020046,0.0290009780615064
0.890176208396022,0.199406664254306,0.421747361966954,0.000957073706634419,-0.0133215884639846,-0.00207131778507905
0.840912869244667,0.2069138760007,0.413418025328828,-0.00126787263840822,-0.0160503331567274,-0.00488320325166096
0.841894345904988,0.215976184016441,0.416976589458141,-0.0370182108190963,-0.0566516722030517,-0.130141191212913
0.811909326284794,0.204958419228288,0.350756692697137,0.192201721586948,-0.129435152606041,0.00747341284993102
0.920083264105844,0.172779754376691,0.278849997699702,0.0317956963767381,-0.015578228729853,0.0888839701963423
0.780049940053932,0.207898843065554,0.657431142697794,-0.0373835000592336,0.113579074617695,0.0299016690825217
0.843669711849358,0.21028364616644,0.190802736253527,0.0281521093729727,-0.0709104902858061,-0.0383238930991478
0.789200951715656,0.21135353536112,0.463350407247867,0.0319971665253179,0.0191317279110246,-0.00574081033399792
0.838146177609965,0.188764666482286,0.240587108745994,-0.0118808483325119,0.00901969096906845,0.0218928783356879
0.621445449763004,0.269259995655236,0.515145638315242,0.00168678925147059,-0.0351753557876373,-0.0444097496523517
0.866499048648113,0.188905470745007,0.139329610219951,0.133552563634516,-0.0761712908980433,-0.00817243285823475
1.02169578108454,0.159812594665146,0.456118582794023,-0.02052839727897,-0.0142095667167613,-0.00242433938591366
0.983965141294708,0.15939336344559,0.647768684523876,-0.0488321897593909,-0.00829557127156494,-0.0272502703968601
1.00799790498488,0.169633078318784,0.675663518171667,-0.143649178479297,-0.0642642584586364,-0.00263378465686583
0.946315272175156,0.198587799150275,0.390931067074297,-0.0642873058647339,-0.220377992712277,-0.0738056687119104
0.883361079530153,0.20733500808229,0.476529083169691,-0.00609887391154176,-0.00398934057870631,-0.00104281418722184
0.897685188185761,0.176378463946013,0.583352571233084,0.0331180136581785,-0.0340587073560587,0.00955389318154043
0.831380578028002,0.198244152459533,0.529619719713443,-0.0157126256730971,-0.0898354141443177,-0.0708028555788171
0.81418408313918,0.214660814989926,0.449339659070743,0.0212672503179318,0.0314598620549873,0.0450392512866382
1.03858797202607,0.169678735962782,0.326953091049575,-0.0153845139806002,-0.120259334178594,-0.0934668710421024
0.705236699631619,0.194656891951599,0.317492267458749,0.0908768912350034,0.153211342112098,0.123475820847429
0.825778745141531,0.172896763022054,0.418351161907798,0.0114171106154616,0.0303488929667054,-0.0464462019954634
0.809288273772354,0.195762401739379,0.520413944363475,-0.0121465013582979,0.0294972134181882,-0.0486144438397554
0.935019249765898,0.165091417822042,0.569769897883827,0.0969245805664884,0.0104836088204363,0.0442430897026396
0.818065479106295,0.215202412144254,0.185229884489969,0.113221677888424,-0.192246033917061,-0.00943353868454515
0.870261650080412,0.182602875489302,0.674390656909553,0.0456904633586369,0.0162049101202776,0.0475582871086195
0.768190558949027,0.219032413432974,0.782276699810187,-0.0657200306150554,0.0310267725119001,0.042258391191211
0.868511020224954,0.18802564095777,0.667938319733799,-0.0185410599695421,0.10611668618663,0.019440189124701
0.875647316203994,0.203723858103118,0.504193391903835,-0.0162505829954585,-0.202693592455697,-0.00812281061349116
0.62080693938506,0.233986107611534,0.445492401970635,0.0889884395635532,0.00892393445573121,-0.0097953586957486
0.947728500061586,0.180158675334865,0.259265356425681,0.0562747832604541,-0.236218528773287,-0.0440175202280298
0.872284085520053,0.198181844136862,0.719056387726456,-0.0175803582460406,0.00139641588990424,-0.0388504540300636
0.56932775117923,0.247437918959407,0.511846984132259,0.0022838021357735,0.00853447187280571,0.011267480008008
1.04263904453741,0.165625854084094,0.406862648220324,0.0752413219400451,-0.0178855056331591,-0.044246139441301
0.990905482599122,0.152330532878779,0.415460780642369,0.139583986069273,0.0841726756617581,-0.114965721957461
0.94296518109939,0.178604964652827,0.657950719623355,0.0147126067139763,0.010226803483769,-0.0600867212404139
0.818185543066292,0.209950958767484,0.633848936043615,0.00170267858500313,-0.00456590578040174,0.00876339096210285
0.965068872035049,0.177121324317521,0.388553159949251,-0.0553024483808411,-0.0277897147027068,-0.0639688892092931
0.857418551287754,0.203048267699076,0.571483326706336,0.138699212652231,-0.021228753743426,0.0636281496081615
0.845223716105723,0.201000707783047,0.583343970032508,0.0136061154986564,-0.0080082053861217,0.069698274966451
0.901510891322182,0.193720922823816,0.0466874154949898,0.126557318636759,-0.0923363221818883,-0.020897967699821
0.743624660096947,0.202584080580432,0.432744099271636,0.108428312348076,-0.000353687705809984,-0.0272896298807347
0.9699932522675,0.188162802362469,0.19076516794234,0.10688156980383,-0.145197465329995,-0.0228155844249382
0.855693287597483,0.185198691830756,0.413354452714061,0.00815211034353195,-0.0255581137022732,0.00678288864207559
0.864314548471064,0.194220813859988,0.288238750823557,-0.0276542726479948,0.016901752181936,-0.0185433256416061
0.84785870304199,0.193693024759741,0.483945020783411,0.0736664922178843,0.0620006156771389,0.0921792578034621
0.785445476245591,0.215466918862669,0.565018297948603,-0.00000752669028948398,0.000378072316931377,0.00372348988766295
0.971583361807235,0.180193833476908,0.188876112579351,0.0259420417621594,-0.146952267389909,-0.035139309435435
0.80156769795107,0.196799281247604,0.354772495151902,0.0830168685254851,-0.00752386197235258,-0.0364479571779456
0.929285866148748,0.192400100792886,0.158085562275046,-0.010988763786547,-0.0504325648447187,-0.0796036786969637
0.827644780679796,0.186056193396802,0.685937308649965,0.025120158884746,0.0293188735563725,0.0639537988471277
0.874815114019472,0.204628204876691,0.678458751468386,-0.0155829888816147,-0.0328353848651934,-0.00387944592322015
0.76108864077191,0.212289868383335,0.255041195716461,0.0235575651011698,-0.00825789243584615,-0.0297187458100945
0.817667377169751,0.182949496837857,0.584491283037548,-0.0195966908221794,0.0436545666464231,0.00976486847812082
0.795692906196246,0.223214132040814,0.535711895799487,0.00988502108998694,-0.0447366668015216,-0.0477587185349188
0.809538211534104,0.172278454015115,0.209185447011808,0.209483923354293,-0.0127289224261233,0.135110752295057
0.982785536962326,0.17955232133548,0.403655378877602,0.00707507582822013,-0.0539201539544677,-0.0196501090533434
0.84599190919706,0.187983272430631,0.457529923032556,0.013709344353669,-0.125506929235686,-0.0173652292916351
0.857904183251654,0.201396953937997,0.253088724267656,0.0716143284616837,-0.0221805244370386,0.0449472560627353
0.799175016726075,0.200855491331046,0.51924992204386,-0.0404346328620841,0.006190831544904,0.00815558633156071
0.736545529892179,0.23374877886312,0.525336701344872,0.0506506351108197,0.0776359592508837,0.0310625091849576
0.905499982461425,0.185319100495283,0.395280869879216,0.0565626543238194,-0.041345332375972,-0.0588361732624588
0.76423420168653,0.194449412207378,0.280023259115841,0.149688143071673,0.0396153665571979,0.072787396405796
0.900071158669395,0.166217493046526,0.244548305256315,0.188636711851212,-0.0436261681979978,0.0971786120070822
0.815296181165849,0.183593404373895,0.214309289001965,0.200368682088761,0.0217886569051706,0.0243714874406597
0.786596727350018,0.204016374985011,0.523334114415913,0.117928776267394,-0.00993359269134235,0.0413765963719921
0.810870135753444,0.194522772120244,0.674192796212812,-0.0182982263181273,-0.0226371726478495,0.0380104142834282
0.888822539067278,0.194892559144125,0.492211051134106,0.0128072315957146,0.034226155207841,-0.0788928489751883
0.802150257949168,0.226491841852755,0.646589047563436,0.00510216045124233,0.000958015275926379,0.00812415704941466
0.887026507401448,0.196403675699472,0.302613773893368,0.0227054937807545,0.0311757219197156,-0.0849642432988037
0.874889174756464,0.183525348602633,0.404097309183159,0.00962686757223448,-0.0113440579963255,-0.0295044107111604
0.545947479658216,0.226504343387693,0.149364903634819,0.278986508564924,0.0649506201233312,0.140163333186244
0.865243772456003,0.195774217316648,0.319470681791805,0.0570813599530643,-0.0900328911856745,0.00690790716373747
0.926964017224904,0.203697914349863,0.719746646468432,0.00988577478557504,-0.00556991424344378,-0.015441293654907
0.907409058676832,0.2095138924204,0.761482981581706,-0.122248617734648,-0.0152281883872185,-0.07041301748865
0.860939159278494,0.212181450097358,0.563364461001292,0.00475084866301922,-0.00193708497843557,-0.0440574804822697
0.792735525252484,0.218459107383482,0.578160227951083,-0.0262514074401098,-0.0111538474912261,-0.0175782481054706
0.875608942805318,0.182762435975616,0.577193049342792,-0.0119554560256319,-0.0488376483564993,0.102387154131341
0.998218147402883,0.166536477234781,0.485307033125294,-0.0125352963108917,-0.0267549413699951,-0.010462687427361
1.00039050039537,0.191514146632656,0.750872170380579,-0.0742104881336837,0.0374845115651104,-0.0413281686341092
0.747620147602752,0.227006074917637,0.148973238683042,0.0806758221245241,-0.0355230864658171,-0.0436488150890804
0.807634239851037,0.219054038037964,0.639285486690156,-0.0313993080989049,-0.0471217099223381,0.0241659618820687
0.81688739364203,0.209251446532291,0.19332224782247,0.124060968852595,-0.107573956055741,-0.0283508630684256
0.863662921753417,0.192457671638045,0.887357664768545,-0.134696775876391,0.084835267354265,-0.0768295334981136
0.803931275566445,0.207230478098809,0.646933678987894,-0.0676081878779203,0.129920204340244,0.0682130868430367
0.978129431766892,0.191874233086893,0.195540754460707,-0.0480287110643495,-0.179992018972651,-0.0791254444888048
0.8500926222645,0.202216693754661,0.58882300317785,0.0148277380459554,0.00187973737433751,0.00697974828946889
0.980934417850388,0.182203305864656,0.368269628661304,-0.0646013724215818,-0.155966958645411,-0.0352565391788977
0.966888527803309,0.171691744263495,0.463556920828592,-0.0017126522383176,0.00262751627518187,-0.00103273945209156
0.790960907147719,0.203855175157425,0.716686809352796,-0.00297278758011776,0.0000657355621187006,0.00528682228190627
0.848390404459936,0.174460950610166,0.768456125145818,0.00944454201265659,0.0281969386768942,0.0864366287701673
0.870860013492323,0.207487831354869,0.472217157927034,-0.0194118062820016,-0.00722543161914394,-0.0112336164273007
0.746164016965371,0.236934130595562,0.513534636543589,-0.0413752052983847,0.020659542334454,-0.0150800985277534
0.79730743183105,0.184654614576522,0.511786707153341,0.125031994325951,0.0341972426461746,-0.0150481168330071
0.774885466527252,0.241928189551758,0.73502564015787,-0.0695761219011708,0.19820009473795,-0.061461816738142
0.639214162393157,0.201896182549145,0.65663414638742,0.164709940664666,0.151687644694569,0.322959771609762
0.718283143150736,0.237931792335126,0.401525481811432,0.0413855582303665,-0.0237102168110462,-0.117546100255029
0.781183498572564,0.229051829038375,0.564581530081512,0.00491877622127798,-0.000530708030579927,-0.0162435998185612
0.889838773845126,0.191315064631152,0.575975996529467,0.10318600854692,-0.0147090519458439,0.0672785446829485
0.724888237648423,0.232077793852487,0.37591790503293,-0.000920314155802334,0.0605902277425518,-0.0771343245661463
1.02878854750735,0.136911371286284,0.58821298515021,-0.00384272802956818,-0.000129512001476358,0.00460002930169253
0.791111004479269,0.212208953276026,0.265144829201329,0.026748808896392,0.00720477270689317,0.0268357584537152
0.724350797960314,0.219942921803829,0.60530875456293,0.0360896837326107,0.0264488724982619,-0.00689260851833293
0.827494047656637,0.203345470100744,0.710336999039002,-0.0300495817151344,0.0401086171547053,0.0846213651571421
0.656240181469269,0.238448366428322,0.548946644672255,-0.0371299995253325,-0.00886394744563388,0.00458023479314409
0.947803285659058,0.166326780178011,0.36399785154928,0.063796987237534,0.0348527415161592,0.0340691999634567
0.891177926715791,0.152233439583716,0.338878330842325,0.167594380049223,0.141399808879534,0.200575476743746
0.767412335572002,0.2117708633234,0.3437111037937,0.0187291815059376,-0.0245728876985782,0.0406121054944356
0.904514452579002,0.212537616389731,0.458421135968632,-0.147554100929219,-0.0706246999048272,-0.081895348730169
0.908237502487879,0.170670251769293,0.257094770812246,0.0433152841468725,-0.0326844930820901,-0.024506350552376
0.815356581065529,0.223536954789966,0.502781336777058,0.00838364141301895,-0.0349526542881821,-0.0558893133362438
0.795885173714684,0.190926582681442,0.438526131308665,0.176661725931081,0.00623110750763171,0.125189378694465
0.783090184077102,0.214338581964795,0.586965132987881,-0.000682973941312142,0.00971140103909906,-0.00110215861637771
0.771202924369511,0.206028808564337,0.567812611140461,0.0410565313564576,0.0188300175728931,0.0214990188977373
0.838959145680718,0.198636423709687,0.623779912908834,-0.0061158104399304,-0.00292606837430283,-0.00218981491562736
0.898225392710568,0.210114513290269,0.722153977342567,-0.0162998409287191,-0.0518524401760432,0.0164044567654796
1.00200747643418,0.172437732058571,0.358327941329558,0.130198546057451,-0.094710838806896,-0.0598515818213621
0.625147169254013,0.238813854987215,0.20176301464843,0.251071007159568,-0.00193694453613739,0.0659777824119603
0.815258313925784,0.208729679780673,0.602803217992407,-0.00204284180147451,0.00061923550324336,0.00308486592225475
0.933734026854703,0.180992139938752,0.643299450357113,-0.0235708839049615,0.0343498719708166,-0.0263678994875471
0.856084029336247,0.198002471661707,0.00445038378986638,0.246208889968225,-0.267022814068084,-0.0498066064322965
0.772762189249475,0.234782257773098,0.516578670800487,-0.0258466947600042,-0.18624713786891,0.0145520096577626
0.76039368484642,0.168192083740043,0.217885768571988,0.29645413983902,0.144826657307004,0.0680780308374533
1.07372202553369,0.160586774558896,0.199489300021042,-0.0308610817302342,-0.141627465062621,-0.18795244217548
1.01846913629276,0.164841262118378,0.554672586559068,0.018776643483116,-0.00637876724686699,0.00121621028937062
0.884027351511892,0.19043953190041,0.458946463173684,0.0218784805119844,0.00874099241015508,0.0113218432657839
0.796501841754761,0.229543437340706,0.506045016329993,0.0178428631150875,-0.0144747536015319,0.0166181021461693
1.01779229063133,0.153832732470306,0.156190411919987,0.10425378361994,-0.156559337327132,-0.0355655620609819
1.04863539125103,0.147472137269196,0.145129041719701,0.0505193166785949,-0.105750096676388,-0.158643472545329
0.795146879072614,0.226759462990775,0.356315566783994,0.0000982437242854539,-0.0418883027614888,0.00558147840856158
0.975232448636857,0.202296452972325,0.523987852312864,-0.0526475830334011,-0.0977605071559206,-0.0588766924363538
0.872422574869796,0.210554628837883,0.540406704893702,-0.00357227623420171,-0.0580851762643474,-0.0250216911890886
0.77961950632158,0.21656680624783,0.483755572252839,0.0480105162046369,0.0884735656225009,0.0332967613771287
0.870618918085261,0.222119140628728,0.474919589017612,-0.00125549380854018,-0.07511095359315,-0.0620273179297399
0.802589850957918,0.214265987735786,0.199760626893055,0.0496407859298701,-0.0149773829877601,-0.0425366921594099
0.842913988077939,0.20331778934289,0.327410853077756,0.0470756900053832,0.0214166444808066,-0.000470558784099501
0.861080432181031,0.179876447708569,0.233929648675518,0.0292432839997569,-0.0276125369815144,-0.0214869070339273
0.626602584402022,0.268335112180976,0.808511046170748,-0.0819840122854566,0.147315196610035,-0.029513792450576
0.844484286235573,0.200090457447786,0.361783716738626,0.00105536406011222,0.0000860689184276433,-0.000922208762107767
0.92880122630894,0.180411300957179,0.3272222939144,0.00360624088483508,0.00670929702607722,0.0606045022193519
0.919712159754336,0.17979788182158,0.409932775205616,-0.00336709468390755,0.0100460644224967,-0.011237019946138
0.632311001194773,0.251672008324286,0.49607757416106,-0.00922200748518423,-0.0264511801983507,0.0431405962591207
0.971667464794362,0.152651695389283,0.800605049087469,0.023814192689057,0.020657389950537,0.0900456868569068
0.83882603755903,0.20020761773142,0.206425024971863,0.0958118585439566,-0.110557147318838,0.170320420149648
0.777322684200856,0.203234085510844,0.366243073780543,0.127881273357816,-0.0074974818025851,0.00772150190733913
0.886792341431786,0.189314647608447,0.514426057069758,0.0112410983552759,-0.00595955104490875,-0.0659859454987428
0.717688061168288,0.21213280655138,0.273523951753106,0.183490582011803,-0.0758638028371429,-0.0233760288377
1.08211018878591,0.161698844790871,0.344140052729318,0.000749458973642701,0.000489504347364186,-0.000852178746669588
0.66190562340523,0.235891293536883,0.137729258742265,0.110922143527635,-0.198337615393204,-0.0216775248913011
0.966616096485529,0.169183352401524,0.316324228733021,-0.0091922193541855,-0.00310298064719079,0.00340229988245934
0.743214965721738,0.236768669141622,0.727749678843656,0.00634851158261695,-0.029452106442337,0.0200771637225477
1.02131876605037,0.162736474258496,0.355609395376826,0.0276130688884482,-0.0529822279223972,-0.0119393393629465
0.649548648162694,0.219209375324231,1.02508335749102,-0.00182779521131375,0.29467840606642,0.0452187362515457
0.867083878408499,0.193462638471668,0.352582180842756,0.00715908930742658,-0.00133235018766582,0.0110515207747361
0.919243770005351,0.195566991614144,0.247006678708676,0.0341540133661779,-0.0943189971990028,-0.173628310127542
0.919144736493998,0.226963167795103,0.0968902866564952,0.052907284745362,-0.247141580146807,-0.231866854903144
0.712636967972212,0.239758296505999,0.429449081136291,0.0322106456001355,-0.0612998223343581,-0.00990966818748941
0.964740663909688,0.164252288718706,0.252342913607073,-0.00392120533956178,-0.0578865535284043,-0.0625193626643945
0.916206957980318,0.203830115460086,0.435430972824196,-0.000830165831006235,-0.0309203792326876,-0.0181974410676576
0.925949052288643,0.17165496195876,0.501913430299421,-0.0174967434729912,0.0863077086274805,-0.0569377678196405
0.749566588367045,0.243579333095893,0.553553876165291,-0.0210277931904441,-0.00501683671296449,-0.0292334587979376
0.848362822309642,0.205139084273646,0.559766586339366,0.00746245854005034,0.0100353410074187,-0.0043826054805816
0.860964160897554,0.210336954032558,0.757913090704166,-0.147231515064025,0.0293831825321714,-0.0430589145085552
0.704864326590853,0.238303274237202,0.505935986660946,0.0635109508880449,-0.00412983306340461,-0.0419515992290298
0.899700829964702,0.198995837226054,0.748687019041642,0.0514836709034955,0.0275413040715987,0.0586968548526571
0.849149716169964,0.202906017739576,0.494759972957423,0.000284801141676117,0.000992610152305915,0.000451356805076783
0.772757631088387,0.2090660611821,0.164415043677635,0.162587576954651,-0.11526185146458,-0.0162752048279195
0.88380894353998,0.191167635800686,0.331129107558118,0.0349674297403227,-0.0907465050739971,0.0149752900584968
0.908127613790855,0.170168875335721,0.466308398979696,0.0121120612556165,0.00348132170398633,0.00360031012080723
0.821115189769705,0.188578135308102,0.460643750367883,0.035033393025583,-0.023415920970657,0.013039976387826
0.935799110340717,0.194265019794351,0.483558332003384,-0.0780869112679814,-0.109104624484034,-0.0300431172045299
0.696935335161857,0.241147388856154,0.305139729206704,0.105031430699662,-0.0398862868082904,0.0132525776446437
0.838217014266254,0.205807416843839,0.222065031409649,0.0473640488070622,-0.042088383578957,-0.0637371862131762
0.855035612445053,0.180482449910285,0.518256272109563,0.0481410493272233,-0.0683298093666348,-0.0511810871104111
0.864829224096216,0.183853634414388,0.60366079897172,-0.0501922942552986,-0.000904116917040889,-0.029330244157719
0.792833880294617,0.19762928751527,0.593178743366617,0.0265367129752441,-0.0149149112326101,-0.0347246524045925
0.760299518909461,0.22027833262538,0.351327606816221,0.00684691616291086,0.0276989910998518,-0.0219764707032454
0.934736770362673,0.168147712988976,0.436807659126117,-0.00768528345676269,-0.0719196719375172,0.00124958448265042
0.83446983350795,0.200365036795646,0.62319412551254,0.0138735156572061,-0.00212991775177263,0.00716217678031456
0.947730541414608,0.182715384858191,0.223677446544484,0.01231317035555,0.00414836974918149,-0.00191446115537291
0.813943777235727,0.181481687057345,0.169675124591126,0.16466375509677,-0.107186726482939,0.120147361566879
0.783755966319209,0.190447970092594,0.414620915223803,0.169444704642608,0.0530932979292344,-0.00594772492507776
0.864987613200363,0.203269372376227,0.623817736782567,0.0472026747611534,-0.0671294758141263,-0.0540380143582524
0.896109332728742,0.18544816707102,0.599639111347011,-0.000817927090311035,0.00077036024181403,-0.00186291738668193
0.981050519519363,0.166406248727723,0.431769393896996,-0.0416993815378865,0.0544826393819457,0.0286984747762635
0.910305523058611,0.212534410402386,0.304296473671507,0.0717368216194155,-0.0993980777096751,-0.0838068223559589
0.898882091778531,0.181030972303995,0.550830013595396,-0.0438302134343066,0.051242540774692,-0.00222832645317837
0.961901010870632,0.176498687195619,0.505586076577769,-0.0190204966207131,0.0175725340914924,0.0453972304520779
0.801466210968043,0.217403903004617,0.46865110272485,0.15905804381985,0.0309850805503309,-0.0356622493525608
0.665670102611069,0.229688513540551,0.620951739622659,0.0373543782087902,0.0403932858090653,0.020493584864131
0.848914792479762,0.206502178886439,0.309175355967521,0.057439740139798,-0.0569285212921601,-0.0510069430751598
0.870230121550374,0.204479718638446,0.591544026341323,-0.000461223237844085,-0.000155354887807995,-0.000475584577592092
0.811741318641129,0.177438782462875,0.377364895936761,0.0910898684370865,-0.00497162019134734,0.00187716337981816
1.04091969775386,0.162384612664477,0.565704407154064,0.0617631977928868,-0.0482329064227721,-0.0613396617352321
0.796070070219532,0.203123585390396,0.65900694940619,0.0611123642718522,0.0450027691074114,0.0370320951457484
0.69689891723858,0.223935486719189,0.110993467372605,0.0702562471866472,-0.0111650229851712,0.030758460423204
0.786817467060873,0.219968902133207,0.225121292041289,0.0731297195489699,-0.0445571649580044,-0.0664495954040677
0.697552211464996,0.271213930114388,0.631427889777598,-0.035413824506183,0.017956342594846,-0.0174186967899234
0.695006682610716,0.232819044365789,0.552048041866337,-0.00596659322678913,0.0180994746140632,-0.0229997351158029
0.659744368942411,0.272722176024072,0.991438199311111,-0.245987566528532,0.0484125797110225,-0.101611988352792
0.878889805165615,0.184994859596448,0.278918734842591,0.104697912392795,-0.0469192486135185,-0.135297321840795
0.933273028003986,0.159782572949028,0.121423376465115,0.0287493674426748,-0.00900573073422892,-0.0544732535850273
0.758285458992037,0.215799726652024,0.52466882931321,0.104304060162452,0.039645971908144,-0.0151780420100549
0.947848693392679,0.169365408222162,0.482521542563315,0.00841441602812845,-0.0349068432091405,-0.0333325347010283
0.849004718189801,0.180533193819708,0.519126859048547,0.0527161307207861,-0.02345581846174,0.0209846684198723
0.855844757088341,0.193774960050454,0.654311548496889,-0.00635717350945727,-0.0395343051518798,0.0185693878489586
0.84602988768058,0.194596736243987,0.513783539510926,0.0331111021391719,-0.0241063573279047,-0.0218344825613557
0.740831174959737,0.223725054340859,0.228205546622343,0.0451153685456679,-0.103770485905222,0.103747571048664
0.872730046324674,0.196230296180253,0.340833200858751,0.0444106452822137,0.0298806447431609,0.0556821743108363
1.02326736049708,0.136903609415022,0.448007545543384,-0.0185846547847715,0.0114280587385858,0.0269102235192205
1.04485082939293,0.169068484930849,0.695804814464695,-0.149752265418518,-0.0360078374300826,-0.168497899045192
0.628706218178584,0.234982310141915,0.324806267899535,0.095416787928509,0.0304517373333083,-0.019960190541966
0.953371284170204,0.168580270590404,0.386182727550644,0.0160579999309191,0.039473856128657,0.0773158191470801
0.758751925401462,0.206820312640829,0.701731176123004,0.0663964404723146,0.121034589682422,0.00578506279797214
0.926751334692231,0.177569287773576,0.455317133737969,0.011520381043817,-0.047757733747717,0.134761276915199
0.858311734946794,0.207719841405133,0.53252114003139,-0.0275304560639109,-0.0430060450595455,0.0418944784901874
0.752787410405869,0.224906712750274,0.484715086928001,-0.0416844984162929,-0.0207981421282513,0.00608788162888013
0.89717759229766,0.209024797301456,0.172321737326491,0.12260126377977,-0.0901517161796629,-0.152133800883194
1.01906736111665,0.182381036394432,0.385455997485877,0.0483901864601497,-0.132096040538808,-0.0620973768224175
0.908477275177561,0.163864944055077,0.189780602978661,0.104497132204347,-0.101310095857773,-0.0202765714964661
0.993775908034216,0.161119906976708,0.466650026515349,0.0256840020236462,-0.107449943843011,-0.049990865411183
0.768629650525201,0.209841804827337,0.488049516072774,-0.0316913299861135,0.028921251285078,0.0122652229809239
0.877940227524805,0.220110982400535,0.655368966386029,0.00127989744604758,-0.0159829631553577,-0.0212221704712343
0.719347075999973,0.211526623495105,0.349096406102343,0.204279099185691,0.0910027773240656,-0.114332146581651
0.903519616193568,0.167648983662525,0.516211470948341,0.0812724369445462,0.0519895544801783,0.081365053522414
0.82605778330413,0.194877247173309,0.548232099622684,0.0214427355311769,0.0401589686007008,0.104621929647605
0.660556994363,0.21090146704968,0.320239703070867,0.273998162614886,0.0209134351146691,0.061774743096743
1.01704338790789,0.174166029945916,0.654202765562592,0.00721699706902005,-0.109590706480076,0.0130096319633673
0.946323839691262,0.183618725262514,0.524807591390424,0.00529297052246409,0.000516472793877419,0.00184075469243664
0.937778176754849,0.198099548860989,0.49007832579847,-0.0021904525182989,-0.0387446876419424,-0.166949058426941
0.783985827732957,0.195662599973673,0.464751711052089,0.0376102609084472,0.0763968425738381,0.0835752826936161
1.11162527123044,0.149727408962429,0.376827481539014,0.0480010408839497,-0.137440948735781,-0.107411158010442
0.916741565721194,0.172815533182002,0.853831541311132,0.0178962270000559,0.00853401333731577,0.00151321486616289
0.915244796911434,0.161786130104539,0.23776145390203,0.0806649211631816,-0.0407485566896224,-0.00932402626620229
0.897095038107382,0.165700201919115,0.69127129839544,0.0554348923463473,0.128033968388755,0.137754322808225
1.0172528236671,0.149749597357571,0.607185371477959,-0.0137416717389633,0.0002280079258243,-0.0106922625364926
0.841946197100713,0.214847862029792,0.689465008469657,-0.0403240651201706,-0.00450695284004877,-0.000386543063083092
1.02934374508428,0.150869285070568,0.536429237929698,-0.0266250927512161,0.00270560091969241,-0.0173260159688283
0.692476064936661,0.213102358169325,0.265345514450067,0.0975769470206075,0.0589294141358206,-0.0129154171040321
0.80127153914771,0.202220084297411,0.320116387611868,0.0990044529557382,0.00158785384948322,0.0299760022682316
0.89378091531942,0.204254188094819,0.686474412469411,0.00536496496222313,0.0168980049126235,-0.0747333210650391
0.62981277279603,0.251155260150477,0.434769781308167,0.00739953389517343,0.0129543744628716,-0.0196226408667664
0.976411926902298,0.181963832284938,0.445827589716865,-0.0445717872140344,-0.0553627355116233,-0.0446722640069817
0.926122899594151,0.19007994004987,0.170281777129637,-0.0204910815462032,-0.171856947828192,-0.111867818013563
0.921711474370752,0.144849583841975,0.52059255766344,0.177625553469305,0.0944712589527489,0.0464035057255795
0.789290016886727,0.220112725759763,0.495962893865337,-0.0178584377942161,-0.014609142782818,0.010600463020141
0.881608771224086,0.188707580986262,0.284305682532509,-0.0354867608154015,-0.0181976358066529,0.103610953448575
0.900404990694785,0.20116270376531,0.151282432073216,0.0622778911980216,-0.101930747132875,0.00521944782253789
0.909451362987018,0.172901240455151,0.529241236019474,0.00111816596114668,-0.000461671591409305,0.0000160982351562301
0.887936312623374,0.218489560507274,0.683669261536935,-0.0753784243715145,0.0390326196434696,-0.140651084126807
0.786032624762071,0.210720223268792,0.378688603265168,0.018346734098888,-0.00665655421047905,0.00397359269151688
0.802384473519264,0.199370823082216,0.286573598936865,0.0318190095339611,-0.0275581984982444,0.034800470673002
0.839114990078423,0.19152612564068,0.556712197143066,0.00526991495445652,-0.00102440321736102,0.00551819210949075
0.874360640869748,0.175526355710596,0.608635590393751,0.0326211394916282,-0.0203465775820933,0.0282414584017801
0.927665011132636,0.171654884366481,0.649876671895873,0.0000781955888631429,-0.00128117511213087,-0.000872910317527848
0.765669114235271,0.231827668103968,0.0729632283370289,0.169168031576141,-0.22069482754552,-0.164571343871414
0.991191612866349,0.171808073772833,0.367477336498559,0.075312275650188,-0.0470026680687902,0.015950751097996
0.817130036195213,0.199588436103538,0.19464007379525,0.0500702538454282,-0.000241676368766402,0.0118970423805591
0.927127065400295,0.191217764719957,0.75555768225818,0.000878325541313107,-0.0465535251665867,-0.0216610655154871
1.04025521111612,0.129525072708416,0.276348762048062,0.0000424241780422526,-0.0000995502919994846,0.00136827045434501
0.790246655123535,0.207671863112321,0.445343270632042,0.0198703394611049,-0.0483650000444805,-0.0395779229755789
0.860701032882069,0.230632572960839,0.881399332193758,-0.0988405953296089,-0.0567667892730475,-0.0125906160651834
0.863058489648476,0.204696223334945,0.595349689542168,-0.0904626901548147,0.0247469777183025,0.0048150825509491
0.895288123856536,0.184515280769756,0.759510900874854,-0.0420968549884884,0.0000928729826104607,-0.0375370109175715
1.04934862620998,0.148640060087584,0.415315463106204,0.0180271812733978,-0.0359205465487305,-0.00411433086139272
0.862933721796807,0.209982055966961,0.571240625622083,-0.00139125802359193,-0.0503711518437076,0.0277794592791717
0.897957710581443,0.150793229506033,0.348172180197136,0.274465348830531,0.0920651731074739,0.0672589052726454
0.906768417251767,0.173760227408164,0.458737377687134,-0.00484039375431368,-0.0022446302494978,-0.0106636979149395
0.744400776672033,0.234105621574837,0.158844077082476,0.0875946172398894,-0.156326267597806,-0.107864462299805
1.01345257485179,0.159839772526385,0.581541831000276,0.0126042545180944,-0.0309962966319998,-0.0239312329255156
0.714971160735016,0.226973499578298,0.470702786354065,-0.00626376585479699,0.075177695283361,0.0766585292143614
1.03875655269887,0.168947514235718,0.521192213602108,-0.00724029591718778,0.000720067056184206,-0.00876363852370009
0.905399930292361,0.15321347191862,0.28837385245891,0.308880987913253,0.14749154279587,0.0312517693099504
0.948986811831875,0.171770149439757,0.638733488159087,0.0379485058416058,0.0721644532316668,0.0234568704973997
0.766593589865408,0.204418829734675,0.41791582641567,0.0735521320021985,0.00392868904192388,0.0252723766172081
0.836667139628264,0.208646121576826,0.393293836980609,0.0887147135096974,0.0298563217454911,-0.0685923649300495
0.784584474228175,0.211207383373141,0.617353434534494,0.00965771684807718,0.00668109644667792,0.00583642123421473
0.961054767410992,0.170334981140192,0.497344634533309,0.000219115795329462,0.00079732739520027,-0.0000453846276275519
0.790932308778281,0.228764016131595,0.5158645238755,-0.039948163927768,-0.0275311741629642,0.00635904188243262
0.849322190824972,0.198812680628948,0.154148549453339,0.136000338282099,-0.1641458746137,-0.00651255866754651
1.03430029375764,0.185262619889155,0.552977961620665,0.0110600502983107,-0.111794237134746,-0.106653974404161
0.928655127133296,0.198818904301753,0.640855369097813,-0.0184273919257823,-0.0694749241764863,-0.0433614553789916
0.846060556410262,0.211935032553787,0.713154304457302,-0.000611306805591243,-0.003247255727112,0.0381487210019111
1.04562637488129,0.144908746850461,0.444558747550801,-0.00042200310542651,0.000231735731013022,-0.000184329948722011
0.939520056960508,0.174236110823613,0.501790319463429,0.0015936758464824,0.0128300550940878,0.0140308413478744
0.838319704985796,0.191074899531911,0.704849029435928,-0.0128271610190399,0.0397801878393398,0.00688541913314814
0.762911400200549,0.208927104250805,0.174678433852744,0.182269250500707,-0.0576464669504345,-0.0194512841046601
0.907503734677797,0.194350883813694,0.866477062885519,-0.0465749777765656,0.0168700049979908,-0.0472900466621825
0.998273045715817,0.184558283251129,0.62907539325531,-0.0174192087038092,-0.035283632282309,-0.0214370184093122
0.696347408963038,0.258832729094511,0.690075934658097,-0.00779444759077733,0.0247559071565684,-0.00151499640391172
0.799145275196101,0.207280392856156,0.59550788560104,0.00983883487683914,0.027107481438496,-0.00781241109872711
0.864807879038274,0.200867413641605,0.602600030239472,-0.0461087530711803,-0.0302994148357346,-0.0159524346432002
0.761575099538813,0.200760447666365,0.525888455769924,-0.00642483844262138,-0.00464746973840787,0.00795677507894052
0.800618371588801,0.208256201062755,0.572266450704769,0.068235906737073,-0.0393343093965059,-0.0701723107007623
1.0041243917765,0.157930998741024,0.34145783672442,0.0365078591881799,-0.0853539242301776,0.049633975114282
0.756280704601989,0.239474512606222,0.73563782359056,-0.034360164705254,-0.00989613320707921,0.0170076676219194
0.788994451979311,0.221963779829966,0.686392048427507,0.00706000676644316,-0.00369078749883298,0.00169396626048926
0.87215647547823,0.173128249171541,0.529207598538936,-0.0140295302734467,0.0308319647497344,0.0203213362254717
1.10383414612728,0.131602985197373,0.542624588508534,-0.0628719347985025,0.0174446117529579,0.0310218263276898
0.815992632702861,0.211905780354384,0.34844084952948,0.00207518336165715,-0.106858760357021,-0.0272170882858899
0.809540301343461,0.197995173341836,0.575848510954879,-0.0103832090879981,0.0232221479547131,0.00228641495289395
0.878284108143961,0.173824135151238,0.413554095297729,0.0143628355965101,0.014802884804019,-0.00295540694920182
0.69236892998899,0.242047957177574,0.277975634923912,0.037027019628201,-0.00591959294580064,-0.00831060361190832
0.866228171746564,0.187466018683481,0.361002542662051,0.0883953383979985,-0.101798053555885,0.0405115463413577
0.801731239465936,0.202707338549626,0.668085674194058,-0.0223052868138159,0.0181200929356286,0.039276955027228
0.908160199314184,0.249669455227941,0.259209001170779,-0.0688244914886685,-0.289275510516001,-0.290870422924864
0.992025595806556,0.180844046721226,0.40210369921009,0.0475236473806226,-0.0886202462117387,-0.0651232656185116
0.887306078184614,0.195767851929233,0.540161871310937,0.0549309993013787,0.00738588460738,0.0308762528676847
0.873586771075624,0.169779449670758,0.790785925747343,0.0374880045682509,0.179359507881851,0.17496722603928
0.764607138929509,0.200830542074657,0.638398441582771,0.00158947940895562,0.0751120211413097,0.0555870248457157
0.746800048198296,0.186173466276146,0.167773708168246,0.335148183077376,0.0139402658039394,0.166849191337329
0.84625758908053,0.185557997360194,0.403668016070713,0.0711228277705911,0.00171599387786923,0.0788397507217141
0.920288769023919,0.186179138964795,0.478211365936583,0.0493528783025067,0.0090458744004955,-0.0949360171160339
0.76295031230344,0.223390079126162,0.626246552473057,-0.00710495629103981,-0.0575108736134974,-0.0125018511363499
0.810143757279188,0.201229780985847,0.729137853808742,0.0624288391011013,0.079069651758848,0.0549935331424123
0.706448951586992,0.24308089039509,0.462367638172601,-0.00825181172800073,-0.0200869282816622,0.0303508091421248
0.752852742988838,0.221157556231069,0.547708294786598,-0.000133631700387585,0.0000873892916613047,-0.00031197894032679
0.892707228538739,0.173852163533703,0.431079156366779,-0.0000382286194189046,0.000677287577323481,-0.00173012200243014
0.822774428225094,0.189188537627774,0.504457510683763,0.0722084727441641,-0.00900126603705826,-0.0133839921749006
0.637654838646434,0.225495939389167,0.437043766121977,0.104413353802262,0.0789427123252249,0.01200372443976
0.839800870059171,0.2101446456696,0.585298336816116,-0.0216021735644755,-0.01031449412233,0.0293458348817478
0.944462346498902,0.167414949029393,0.40922907265115,0.00688815781969159,-0.000118273803771139,-0.0162731093656964
0.915547041148192,0.176006640826272,0.287651084852314,0.0772142455308953,-0.0600292238112025,0.0676365337822232
0.911324812187636,0.208498871862704,0.423192247043876,-0.00430857953003009,0.000772866526395135,-0.00844669024252044
0.815231591524365,0.173941246792845,0.290545113115144,0.295041758479757,-0.0446175487286291,0.173803518621805
0.781944507469333,0.224894863530161,0.451909106020249,-0.000511405820400821,-0.00287517215584792,0.00244420308217942
0.873850212181705,0.184699563037285,0.55773490080086,-0.00361317171117424,-0.00351577627039204,0.00210965409562557
0.928985342701325,0.183863565824385,0.461476163919075,0.016115565308976,-0.00389903124557009,-0.00313717889008435
0.740796879526329,0.236672017021159,0.701982964310123,-0.0123735640921227,-0.00277749758512119,-0.125867525467683
0.812036125451148,0.203650951949047,0.576644034613319,-0.00304755384328907,-0.00407275349863737,0.00427919634796851
0.799292503283238,0.208029484567514,0.645918323867727,-0.00866544007712064,0.0558168140149703,0.0441072223227461
0.797578760426766,0.211928462530306,0.499327828119797,-0.002371139655249,0.0265973034813779,-0.0426183702794826
0.833186547829951,0.207247264072363,0.438574028138006,-0.0225661923794364,-0.079069175455153,-0.0246303476052181
0.878324061063347,0.179937278028646,0.46702137011612,0.132537420931913,-0.0592820544912008,0.0282147593654012
0.65688314824897,0.239346628284895,0.483321279283826,0.0550593324274814,0.0409416064106018,-0.0489285406996446
0.750037393140219,0.224923443069173,0.0919706901886932,0.263183405418212,-0.155635638424621,-0.0115620996579711
0.641776869944069,0.260649225645135,0.00799148404423447,0.16369332509618,-0.0978097645786424,-0.1081906648584
0.746639243511101,0.225768053037721,0.205635730924278,0.0946019820978617,-0.125807361503495,-0.0109898820898054
0.866152476650428,0.184084883728805,0.715320952161015,-0.0466562893187629,0.112175584047479,0.0608102575876685
0.75213875211512,0.236438764799767,0.360503869585886,0.0190084277149576,-0.00132572477617693,-0.0102208202145093
0.851022515830018,0.215080337515683,0.513655016794602,0.0363185187544219,-0.0000497169250928077,-0.0176468892670715
0.663306507334129,0.232645402798384,0.205517849512065,0.147632452779523,-0.076614677145331,0.0217113604963976
0.882303961342108,0.201756712486812,0.343311513455836,0.0429710502786695,-0.164391304830536,-0.0445589146088128
0.812398792305845,0.227030519779364,0.417265978166314,-0.0245827259367689,-0.138875889870367,0.0216754897757126
0.931402779868274,0.183245709590654,0.472882881437812,0.0270066065779392,-0.0145943317716799,-0.0260678038406797
0.863770240847697,0.183872894925682,0.706371696186603,0.00872619903091574,0.00329767135549588,0.00275518476148125
0.850982256157728,0.181420339032286,0.410473562263996,0.163344474686051,0.0514669696590949,0.0718743404902271
0.978513700504864,0.173690055469559,0.451575684811779,-0.0146587489225692,-0.0437371361355686,-0.0253533828449048
0.929363080965258,0.184119095296208,0.50890535318235,0.0582614247095645,-0.00631046438421365,-0.0000306690864980981
1.00803766249403,0.178216511083795,0.529660190052718,0.000819567374389838,0.00585502360554704,-0.00661751644541833
0.840720753155921,0.208304642476254,0.325619020181468,0.0498397487801977,-0.0523488076625233,0.0139388449538842
0.887218204910756,0.20870901110506,0.739306576949319,-0.0235464088987714,-0.0295801683229651,0.00229302924809162
0.846598808485018,0.193992254652799,0.491695208395611,-0.0113570378132659,0.00576862660213206,-0.0278955603140254
0.912658083955952,0.189888161810566,0.431539520746416,0.00140472806285077,-0.0371082250996878,-0.00779386062374917
0.902369826332043,0.17038399853783,0.256226466248608,0.16649071308955,-0.0431536470569406,-0.0416616634373963
0.780085449826822,0.213218703373275,0.383882185374324,-0.0262677409509101,0.0135022325890962,-0.0271272602050047
0.851070692603457,0.176018320289734,0.410207415708928,0.105171125190957,-0.0394917007671449,0.0235429655783794
0.904621295891293,0.191588473177319,0.421498953000202,0.0777783455619401,-0.240905819681085,0.0121432627537642
0.941145183167682,0.188189782352869,0.410683066591517,-0.0194540043532416,-0.0106403892930486,-0.0158043732911971
0.702861327430568,0.232687105513446,0.409072535931606,0.0370593843578601,-0.0624030316870869,0.0642016363210563
0.728409843423598,0.226483026814609,0.610398649356215,0.00245735382574174,0.00338778757271747,0.0665843618528879
0.827260527047138,0.200318137666145,0.61722596240313,-0.00109098986201679,-0.0644938411348126,0.0331474201650604
0.836537754182768,0.18661131582164,0.0939298513990155,-0.0106583015235627,0.00673634540619591,-0.072618870358274
0.777310878646434,0.206556058377405,0.579507157712252,0.0655907130209896,0.138821515591564,0.040619831414432
0.867510426540742,0.205844113799016,0.567012162744963,0.00536215022970584,0.0847466638651874,-0.0280635641731448
0.892055108697984,0.174272221036756,0.434026066124245,0.00556356074537873,-0.00254459833074338,0.000437710639819806
0.827988884879998,0.197412793693492,0.411637839010186,-0.0199131426906631,-0.0080105402952796,-0.00952062791770928
0.70516900969974,0.218406659602225,0.117459131833873,0.203413890506491,-0.0865182834494075,0.000576840401874701
0.797994280930513,0.227744540836854,0.500545175785932,0.0896957089263245,-0.0628611235052247,-0.037451714443616
0.734551814308208,0.222618501839471,0.465857282475941,-0.00286615100545388,-0.00920235751021806,-0.000131544922277197
0.775383625004384,0.222961923063808,0.598530535561815,-0.00405207767130087,0.00214426844212933,0.00229047895701015
0.71610341518807,0.231249642296489,0.384960386035827,0.0983975694362307,0.0459606187943413,0.0043291813661483
0.752334770226585,0.205115578755182,0.492383496228718,-0.000476831628216145,0.000711523354607701,0.00542988379369749
0.816445631904432,0.179305291824099,0.250799389087356,0.127044617135104,0.0191077262933931,-0.00403337689353964
0.852092570440524,0.20260325372566,0.459558015880947,0.0247491522633695,0.0207961408687401,0.0382282438558813
0.791810694204733,0.229671722387282,0.56513114516377,0.0031970912819804,0.00465861599062736,-0.00387491157216252
0.662734467434527,0.25819389806051,0.359258691378707,0.0330063646820282,-0.0304342725373957,-0.0996717517383498
0.738870003139349,0.244983740488193,0.473144154539321,0.10029523591778,-0.0246046703539605,-0.0189789595426947
0.765321775390644,0.219335226367814,0.425062761092786,0.050889570612055,0.0602462805793076,0.00727989750169603
0.863994917530747,0.195887473416638,0.378179017753586,-0.00933529085572105,0.00461624354818803,-0.0223618809533781
1.02227867522629,0.157060238890338,0.565980324060275,0.0408101487245649,-0.0293447805812426,-0.0428976172524607
0.977233040789887,0.172695747697721,0.480238543334541,0.0163450923910444,-0.00819010187073557,0.00268385019568521
0.964422855904717,0.176333525615346,0.397389653924452,0.0253733593863715,0.00257520552799534,0.00591838803128325
0.910038583963295,0.16818404421361,0.506279646183901,0.0761451208409202,0.0770959613226851,0.0446569095202012
0.677134163107461,0.218201920714097,0.112134438384416,0.327170920047056,-0.193888135945854,0.0497792512084396
0.794273821806133,0.21240628871128,0.0932473487020884,0.191739228380061,-0.102199778051757,0.0152866991457941
0.874884659133271,0.192026794284577,0.426650951478112,0.0174749465874607,-0.0020218552135551,-0.0246974565875467
0.853745795682632,0.193648023113643,0.583327694323358,0.0132015605663436,0.0123560105361715,-0.0203307002270166
0.801948354256991,0.206636585028878,0.560195816318252,-0.0142912743053577,0.0183781168893968,0.00241327510239734
0.789768965646765,0.243993161227047,0.804048401021183,-0.00661756291527814,0.0286528150977346,-0.0166804130738621
0.89784065418994,0.186721285772746,0.450531985807612,-0.00198583041180394,0.0698713384441426,0.00976899083835475
0.925545013330829,0.197681555204639,0.589302808259631,0.00220040100227131,-0.0703665851357081,-0.0912156369285568
0.726263172638788,0.242066732024436,0.549062816156609,0.0225238283714996,-0.014702905710407,0.00233023454817446
0.88222398190234,0.18718870593448,0.586738138717546,0.00100682795658611,0.051646709942505,-0.170406489087852
0.892085693841949,0.188816319907081,0.314534508262655,0.0371774863333502,-0.194847538294562,-0.0201140976718931
0.749091939859524,0.242772153226035,0.542893066700774,-0.0596699895773961,-0.0955739643942936,-0.10678266012432
1.03020589296334,0.151083964282197,0.566647796034095,0.0781451283729683,-0.0875977347232925,0.0384356141224659
0.748898501095454,0.216902367369109,0.325758484412548,0.00168179319053264,-0.0330465305813661,-0.0258817376378748
0.73392071942764,0.219272005958315,0.249537929426636,0.00967593354050248,-0.00130967329812357,0.026545815665431
0.816245955863364,0.226846697239347,0.589235379460889,-0.102302689909859,-0.0627311514293597,-0.126144540375596
0.868136791893043,0.199634746823219,0.204991142702564,0.0913238116875521,-0.105627396212257,-0.0807556642634484
0.910452025840362,0.192996983821297,0.514499017491937,0.0808999876231372,0.0279497194483673,-0.0135380759201696
0.790403188610565,0.214104088783132,0.520576355269961,0.0541481130525184,-0.0568144413397293,0.0342807556919748
0.605661796578056,0.234088044899644,0.58209214721955,0.0872695611587873,0.0996910990667461,0.102533059022831
0.719661148356847,0.224460943921474,0.618614117137276,0.040912564157161,0.0829891680310343,0.0427852267189936
0.753697443006167,0.221306865423447,0.597139181503735,0.0018598714741136,-0.00904013020900342,-0.0102880635245693
0.955903984625588,0.187093071734688,0.437675768304699,-0.117536638119584,-0.088538658353631,-0.103510156486457
0.835847159170675,0.225545193901391,0.451080430792947,0.000594233316884714,0.0323580281010899,-0.0391994969629232
0.992569782186425,0.184986238713866,0.722281917704376,-0.133633364969343,0.0602067430125468,0.058282486654873
0.831025362374028,0.208386510527451,0.501271345986129,0.0190381660918378,0.0292317425371939,-0.0263553198727918
0.877437354338072,0.196105552392853,0.60632424586046,-0.00814903590909738,0.00726587596588652,-0.00795866537422582
0.909273128811893,0.213719226311475,0.717727518137333,-0.0959679668106697,-0.0607964119021533,0.0596421394145509
0.720902085527723,0.216109628894776,0.171580156136185,0.215056464559306,-0.0165750473136775,0.0220315011383087
0.73311393797656,0.216437456063673,0.438211317968549,0.00681823007504443,0.00339966796257027,-0.00942441318639161
0.862101309239888,0.198174659782346,0.471923667189012,0.019216916837795,-0.086409596148833,0.0382739074747716
0.818425801403074,0.207908757838125,0.466836461323603,0.00219397638231101,0.00426799639752,0.00763224647573045
0.855357306522452,0.199997064449898,0.71608280947024,-0.00187298053497927,0.00639372072535794,0.0472161303178185
0.989415711343217,0.175929041298642,0.522420087467839,-0.0305054388205568,-0.0196079731033889,-0.0403264247051389
0.996373239799232,0.17083369840668,0.596817459587719,0.0203330640302006,-0.0318482774011902,-0.0000842198289455484
1.000487408697,0.187451702451588,0.395265526538641,-0.00908838779080877,0.000609258749075262,-0.00640738592167597
0.860047681189883,0.2058726201094,0.184819797979143,0.148135516761716,-0.117924189312658,-0.108632092424366
0.817551602463903,0.223832048850301,0.638712308071485,-0.107157021480684,-0.00231711437941624,-0.109309440390902
1.0698042839597,0.151638296328829,0.57817346996555,0.000762730031770914,0.00203871385755923,0.00207570645946412
0.804078027835408,0.19137553040153,0.625455156924251,0.0259540137274987,0.0173426740426174,0.0114570612217683
0.775755708774141,0.238732187974529,0.400487763120843,-0.0126408474255738,-0.0502948586225607,0.0143424515316295
0.842774937908858,0.193784736061817,0.471689381189793,0.023614862493938,-0.0197943045991203,-0.0314893291255988
0.868802191897053,0.154466085690563,0.158830261358863,0.18940032900405,0.0401747456589238,0.0550363024655611
0.70111893847407,0.226852550211885,0.421091642425021,-0.00623240546767486,0.0201600078466511,0.00987356435480386
0.830052931531135,0.234825164937296,0.454671940552648,-0.0239378972168557,-0.123852149944924,-0.0767485221500866
0.976742271235512,0.171779403260359,0.239422857259832,0.0160471534655397,-0.0556653300743458,-0.0242887017656299
0.864140908094376,0.198679986815732,0.522161971457978,-0.00598329049098593,0.0132138338345403,0.0232441211688754
1.05861762220054,0.142574360051089,0.538949404393114,-0.00532219863768703,0.00214243275495506,0.00274198575173513
0.880551541298978,0.204213070396806,0.485858449403128,0.0111359856423944,0.0077264325302328,-0.00961311417247393
0.851660661940409,0.192754329280284,0.517352249269986,0.0260150008939583,0.0126682472975083,0.010601640332142
0.840940767525066,0.204571574800115,0.29478393311127,0.044202277279778,-0.0982754576978068,0.101486327570152
0.890256072093674,0.212227321252557,0.0531963024650864,0.138907871033614,-0.198707104939381,-0.159859387905376
0.82582854057752,0.195603899781073,0.388533154756262,0.00388383935563112,-0.0146669361752868,-0.00863181025828126
0.978417227428933,0.156405183429426,0.119748670309663,0.280933572439533,-0.112864444410622,-0.00773088474729495
0.816250992081181,0.204727556943023,0.471964775382073,0.0291109747487176,0.041935979090651,0.0209571850781568
0.748614200780747,0.194929395738745,0.286855888969768,0.0760288788000268,-0.0701692983848364,0.00341989809499751
0.854184109902096,0.189069926687484,0.293276849232341,0.076346510548457,-0.0763696315646799,-0.0805500626551284
0.765057663344196,0.220118554711492,0.544897825038725,0.0693901948048752,0.0793309425403726,-0.0489365181389774
0.836753298946579,0.13693748658048,0.113628098242586,0.48827616146194,0.0784520194361291,0.170142321348569
0.70053189698769,0.235073635278463,0.716277886500321,-0.0279017251141098,0.0385266380097832,-0.00765695150218412
1.00579674986224,0.171179056027082,0.710024923289161,-0.0141755166693771,-0.000571380830417372,-0.00191628507323638
0.909610759992912,0.198067179093839,0.657079962662005,-0.0459203784742542,0.0233226592618569,-0.00986128512110939
0.857248774691947,0.195046660899978,0.413048324898277,0.00914811364655681,-0.0129058690835733,-0.00561705392235476
0.863129066473122,0.186146280431439,0.465969815378801,0.00238699101846152,-0.00139524882967204,-0.00151025910344846
0.805152939815199,0.198543843904702,0.454289720170815,0.00225040195541984,0.0109238243277123,-0.00267816648885692
1.00096395667561,0.165116369040154,0.268993132520222,-0.000401042304982279,-0.00209198413597507,-0.00131597273472198
1.03540687276415,0.136176493612488,0.438103637069053,0.0480004787634826,-0.0086858572390279,0.00409905795191459
0.826626532049952,0.198331579251132,0.511116023691405,0.0677416347343734,0.0692081951338205,-0.036633968023415
0.636073771300873,0.266233482974705,0.895153739146106,0.0000479259676785386,0.0000141749634293518,-0.000014964254369705
0.742618908357112,0.226481821885323,0.427158104266628,0.00150676947605166,0.00188643998519555,0.000999740794114988
1.01625379611471,0.162012097236219,0.188007708073188,0.187651920169617,0.0312728730372429,-0.067672276788562
0.860883775792179,0.177717625194218,0.464560094223578,0.00962985082346882,0.00257700294949306,-0.00122050679927214
0.991716430358729,0.185975579629466,0.686585691350803,-0.0570562570436717,-0.0240441570510323,-0.0332535703167363
0.737002115107592,0.224186275212045,0.262505151510444,0.0697404740222611,-0.115866082166257,-0.0437742056203065
0.816599849551975,0.187984627096914,0.582031289172149,0.0129931410723437,0.0720898170861767,0.107515756179997
0.878909576771113,0.19124399623082,0.631147617922347,0.0337043816320641,-0.0368509018637528,0.0311359013570895
0.782221063065694,0.215690176936911,0.485555679196044,-0.0954493560284945,-0.00852260465505918,-0.0192098130884495
0.791824103666573,0.210774421985236,0.641963662452755,0.00473782094061467,0.0414848600639706,-0.0148240064760903
0.711803108642266,0.244261382320652,1.05070872159722,-0.00162491188872614,0.00222553895905854,-0.00153859046154993
0.785717969402944,0.204742359616953,0.450182288143639,0.0606220699547659,-0.0268465121859242,-0.0900353194950001
0.851114616537435,0.181935316869923,0.758980858363647,-0.02837364724882,0.0200006761192997,0.0255937681367728
0.692994522159315,0.230991815759032,0.507444401344163,-0.00321370017719398,0.0107747557388317,0.0112527458688473
0.834389948367043,0.203801436604459,0.783000202028453,-0.0746781545046997,0.116118208428113,0.0191421052619839
0.726913683730058,0.249111818651786,0.459483669236841,0.0608860186144228,-0.0676915400067601,-0.00906791620956214
0.765985090172713,0.208754689785142,0.488989835231695,0.00110462110215431,0.00120559183213955,0.00162659445364332
0.829440821041096,0.196078221261014,0.473800901150084,0.0303486809217419,0.0944093303844566,-0.0334598424373505
0.867187634421358,0.196574433060291,0.802141233111812,-0.0986030335449881,0.0594127408278941,0.106175472584171
0.973517013828008,0.195277573024028,0.50980673218497,0.0675303076045658,-0.0904808522731146,-0.0966295492701773
0.891775433853644,0.178987276760683,0.523562530061676,0.0108499176612777,0.0367469000006215,0.0358576759143582
0.717496075984654,0.188052595972712,0.0213963352539062,0.397421868256744,0.00257385394577128,0.0827900335722589
0.897393163218023,0.168640460808289,0.439441875954864,0.15447986432257,0.037560520896335,-0.0685155433491196
0.767079194120909,0.229656481730472,0.609901704849551,-0.0692941551933572,0.000932604355087588,0.0042601915216988
0.916746132374507,0.195940199785838,0.505317093032684,-0.0311417629105336,-0.00968248766709311,-0.11957256888424
1.04613087507996,0.153783260784264,0.180526956662648,0.0038210157864445,0.00268780055650024,0.0050004837618022
0.558343758615233,0.294505250461437,0.381483696297462,0.0812625355266476,-0.0881034793778034,-0.141098134656935
1.02251704649264,0.181238983104011,0.330496789843404,-0.0525647060053819,-0.230070919985163,-0.117065028809371
0.624574941031251,0.239634896210625,0.298054021852344,0.21024766286513,-0.0218996734328638,0.0339816997807293
0.830679387682891,0.197925025426155,0.45862802650282,0.0633608074487088,-0.053310741762852,0.0165571958679156
0.910970214609174,0.17150063245962,0.411016892938884,0.0859942106646892,0.118632207809809,-0.080620497553066
0.792142832218166,0.21370274753174,0.20454058955566,0.0667446604743811,-0.00494426185212461,-0.0571162113855961
0.795670384516712,0.198580198672371,0.72499639205661,0.0378653872014867,-0.0124035927441842,0.00257599688322783
0.836639578979582,0.206068432034539,0.570988158730745,0.0311433415327084,-0.0315988600117038,-0.0169000376349325
0.912706004247098,0.191773660496959,0.620976716067412,0.00631498655324389,0.0195342725918388,0.00689460099639495
0.815322499812864,0.2182371151601,0.610966093127844,-0.0171755524294503,-0.013489951267333,-0.018382000905514
0.832366246709343,0.208580254646574,0.286050965877467,0.0927135320458121,-0.190431173011423,-0.0382384699937769
0.766197643900979,0.210891334332276,0.431341173691316,0.0749627074296179,-0.0372193066658372,-0.0649686182831315
0.888607418074121,0.197218913284555,0.548338675044275,0.00509415712191927,-0.00114947111716407,-0.00345612917107424
0.696927885329053,0.219087142516837,0.844945805016723,0.0149517585308014,0.161669276806367,0.122821680179486
0.814965448428053,0.200345649222214,0.580325204667524,0.0151496747998506,-0.0198950842746125,-0.0243889496100076
0.90522199818352,0.196026220555321,0.698244167995426,-0.00617553845536046,-0.0116417941319011,0.0216260774863918
0.737352986113084,0.260815880381181,0.515706490029735,-0.000632002825160856,-0.0118460487628556,-0.0526605752526029
0.986480996330565,0.218265300461493,1.13404161811284,-0.288933002097935,-0.00869065104128483,-0.117665652746239
0.822120214306613,0.187983101897887,0.387685143708062,0.0499797701328204,0.000418268640024652,0.0198064464508564
0.697965402798982,0.190994683826483,0.239285343499939,0.221092606819247,0.07423500640823,0.0830172441601543
0.886026488817252,0.205439254832512,0.0324642979437869,0.133243629004406,-0.193792142442967,-0.107478549488461
0.745763420179984,0.238599977300852,0.715138636276678,-0.0386052046837862,0.0628296137694995,0.04489222319895
0.8177194884851,0.215708872244611,0.657069051601618,-0.0809397924037873,0.113969592408663,0.0239998934024358
0.715060684598961,0.228184790712083,0.494995504561035,0.0102214424861609,-0.00404023745340109,0.00159968565761184
0.9113429229974,0.19383713717229,0.319018916309238,0.107742418655894,-0.0766176722221411,-0.212454888498988
0.73314965641293,0.250164303206694,0.605804495333873,0.0272542024751888,0.0199265194921581,-0.00841637001341689
0.968991105777023,0.201478592771692,0.799565670523482,-0.118463628353721,-0.0170039088341264,-0.0549479707163633
0.943496528324198,0.186546636096583,0.486462321432988,0.084986536649756,-0.0480105000515304,0.0085798298725615
0.907417875145782,0.206976096072947,0.656489460414202,-0.0668835820067556,-0.0350815044802763,-0.0925922072196251
0.790163553071766,0.20603548525094,0.341109346965293,0.0663750883394225,-0.0393921525369057,0.0233754871781132
1.05029894896266,0.161407706490232,0.542945439903632,-0.00791880627745181,-0.0128711628117323,-0.00148666129132915
0.759224023676104,0.210895911682123,0.511941173417391,-0.00388148628093502,0.00200617257481733,0.00172959140610017
0.691465674243409,0.241270464370793,0.673519946079803,0.0113366335256813,0.0495327305274718,0.026881587654772
0.857376447739552,0.174296942467417,0.507183338780918,0.0174275509354489,0.156210501454646,0.0422798831575226
0.759607988748561,0.208204184857226,0.255407458427616,0.1694995093287,-0.132319764972838,0.0100526348217681
0.711428548787317,0.241778571744305,0.302602122972895,0.129062425552884,-0.101142159097473,-0.081387015670654
0.73862810211483,0.243052063916169,0.378340619167784,0.0193031340859416,0.0117370370337202,-0.0403589518787751
0.844390519407765,0.231211800396759,0.570383632658423,-0.0625341039361565,-0.00427081306413005,-0.00195695321650453
0.971855749141756,0.169900279101307,0.485029120720763,0.0347214534972298,-0.0718689644237918,0.047373707884004
0.850139410279971,0.223061173347045,0.657273547635419,-0.0556604814226887,0.0326527873207826,-0.022661435327665
0.867706231845425,0.198185987000892,0.550995461875548,-0.0122772961443712,0.0171984316834348,-0.0156182349238163
0.973165282356447,0.191942020832237,0.295031403049984,-0.0108416609493271,-0.0130637728219909,-0.0177952547423564
0.626670376658629,0.241430674644564,0.479633824222649,0.0102902982097743,0.00348522227539318,-0.00923789688474726
0.817261850384596,0.222044445343277,0.450807965851075,-0.0114255117721811,0.00399396821452562,-0.0156243097023661
1.08482503795944,0.147921321471979,0.614050244454038,0.0134633491402402,-0.0766957825542792,-0.10162937198512
0.881450028131625,0.178058247541428,0.167819638383453,0.206702381945753,-0.255322054843766,-0.0714733784085332
0.830652471869312,0.205375257453732,0.338618919420569,-0.00611687875843408,-0.00102524737299876,0.00303277440398444
0.839276655914219,0.210546982383962,0.322522592148413,0.0255349431789452,0.00441688272582959,0.0204644497573896
0.717891654244618,0.185466504537354,0.12533891237876,0.27686888388349,-0.081619636632399,0.119613939546226
0.845072193485643,0.206815684107753,0.57121369913751,0.0167085817696754,0.0349350574111686,-0.0371759745758411
0.884993132171599,0.169482000090526,0.377648027034137,0.0828781647591692,-0.03291729939586,-0.0342711881294175
0.847596549997647,0.189960561197984,0.314418522497156,0.0138662324692822,-0.0092579580767646,-0.03392550697583
0.774232147389138,0.201197300974304,0.424257500911216,-0.0512092508805702,-0.0234045048874054,0.0219130667109538
1.08229770783119,0.152005151731264,0.658075298307693,-0.00289734571988871,0.00738174257582644,-0.000242470507436745
0.971747528603477,0.19678564179992,0.46580744080153,-0.0432015549417176,-0.0167961368759012,-0.0261939094313357
0.96218512445508,0.165326044558008,0.288681427698078,0.0467056554279064,-0.0775485930099,0.147943140203854
0.916825243671107,0.180025325910407,0.323292286833122,0.0329196090943937,-0.017059874305538,-0.0245062488037227
0.854552950162145,0.214413457982314,0.549631393647762,-0.0508950922996729,-0.0140015767458563,-0.0400457892308168
0.940283570704356,0.1822128062628,0.447280196945039,-0.0288144195856499,-0.00790055036860296,-0.0378545883619789
0.958164441215522,0.155837474939507,0.528145246372105,-0.00661075182537661,0.00396389914677076,0.00087551862818751
1.05786283382565,0.138425271088414,0.735731686436808,-0.00911749269103911,-0.0287265278578093,0.00748962869278221
0.74021733302448,0.226460564550568,0.462130169681439,0.00170603859221978,-0.00571812910125688,-0.00314236887700117
0.873310599637079,0.20094892382963,0.0251152561081885,0.0651293318504101,-0.0609205124933687,-0.0663029707492713
0.731282669233901,0.226640456332489,0.416292151730829,0.0268870487200262,-0.00510984492963351,0.00251418732252212
0.585485134299984,0.259330508219517,0.256249241037915,0.216448046348955,0.019351615790674,-0.0603737884004939
0.946918809418465,0.171587047299821,0.391522370670193,0.0053761961072661,-0.0049137837235098,0.00743579913157026
0.871268933821379,0.199922236623156,0.489226012404871,0.00496275751267098,-0.0430140764889049,-0.0107126520732697
0.92173205037382,0.186031142416841,0.405681928151714,0.0139216197513355,-0.10205914960872,0.0324152830887107
0.948585298016688,0.165776660430345,0.527858374758699,-0.00455858786263516,-0.0324084685916042,0.0158129409395299
0.887937153627034,0.181057445501653,0.39638720935952,0.0113284900696135,-0.0527439531475833,0.00638651925176181
0.775617633537002,0.20775275719962,0.362385482742448,0.074384211317868,-0.0567347733980905,0.016640620670787
0.802967178507277,0.222166798389643,0.586477127607142,-0.00487902518005979,-0.0424792559452587,0.0160166553791876
0.716019391810323,0.217436084649801,0.661250612880593,0.0649489649522257,-0.0588604574537141,-0.102212026576376
0.876422704476639,0.179166444781484,0.0802912305793643,0.296427481342167,-0.136973421110578,-0.0173225840422966
0.770819660543427,0.216085626133869,0.246615799982814,0.0798083926838157,0.0207181515479313,-0.0751769720295434
0.750616404752491,0.235464631818021,0.589149517175987,-0.0149249719531272,0.0203888310331767,-0.0314546554115907
0.783018642209945,0.19876966845767,0.519010182626579,0.00452733833690694,-0.00490003328616491,0.0235893599237112
0.992095641288167,0.17128405006575,0.145198123957408,0.0270714740226738,-0.0873184513079046,-0.0390061140826488
0.995519242250318,0.153561070487319,0.101645881958288,0.0137982048239711,-0.111697066878521,0.00796298767896962
0.731781975336153,0.209793074165988,0.347031901574341,0.0340914858311983,0.0229093143878171,0.0346019876822206
0.917559026812288,0.184462119815535,0.306660151543848,0.159030374604829,-0.139849281085166,0.0564912309496929
0.807594846383722,0.220185570215246,0.548320566737195,0.00271723104962379,-0.0630400695257443,-0.0279918953674378
1.00622636048728,0.142092272566837,0.74703785190801,-0.00287182691369484,0.122236907767078,0.0562389327601476
0.947029207856477,0.178110337957492,0.686493930944255,-0.000381550264762947,-0.000505334651003764,0.000519917905113383
0.930607134142181,0.202947594757447,0.615879891912828,-0.021311479021745,-0.0446829483401516,-0.0313463539753729
1.01343836772424,0.178939823426162,0.322385051464861,-0.0113456265525176,-0.12495177488057,-0.124576454477405
0.77621575957284,0.214951850219975,0.365756212160091,0.141286819923965,-0.0137415509810947,-0.0287917685338144
0.799314797586736,0.227011417985604,0.383436409853027,0.0706155392329425,-0.0231174218745729,0.0342754651255062
0.951675964139741,0.180013992158875,0.522954772453402,-0.0000197106127978602,-0.00036808382855844,-0.000886736503453521
0.759237631779752,0.240429482564202,0.655103258660162,0.0914496179443856,-0.057554147339211,-0.00184165665838136
0.697179424871595,0.212800972701167,0.376519920715581,0.139848978283704,0.011163069388153,0.0599459964451482
0.808535903928681,0.234597088721658,0.30973551235334,0.0491455997339126,-0.147089186625373,-0.0780606965374052
0.91980875372174,0.175712735777378,0.409415638288926,0.0046545240236863,0.026833438277363,-0.0132195135241945
0.918577006920863,0.198723138320039,0.278750821733379,0.0143766016985177,-0.134943930568322,-0.115441241439769
0.90458070265495,0.185345773664017,0.449701685749754,0.000114952930945153,0.00619149606651622,-0.00932257524659877
0.494883681067468,0.258504776409975,0.433700882913122,0.0502936562761318,0.0285421847431244,0.0696197302511582
0.754599738647781,0.179733144859797,0.538015913870893,0.0994275482804288,0.273984688226318,0.114145556901075
0.759346746933378,0.196745515454555,0.383205067292684,0.0819620034526135,0.0216120508822955,0.0130405010984716
0.902503867828573,0.178855731095953,0.440164761749179,0.022461434575931,-0.0488220299660212,-0.025019379842433
0.85178080390247,0.204227590930964,0.21579834846523,-0.000744404414835071,-0.00155641150017402,0.00826771230992352
0.967002036981356,0.1688649583866,0.447913399730255,0.111802812314691,0.0287737761334754,-0.0506465414860294
0.862989109025828,0.185743231309754,0.588033190451617,0.0145451497504434,-0.0124441297152779,-0.0208203929648332
1.06975658769893,0.140877712131568,0.768895686072367,-0.0105189641138199,-0.00268904372111268,0.00980736371448367
0.82287843839898,0.209884437895431,0.350241776127942,0.0901907585369013,-0.0284829604773753,-0.0248387645131685
0.871646867571003,0.197968335173287,0.371392958024488,0.0034438464349798,-0.00496117605332349,0.0148613407734258
0.831339070159081,0.20120612719259,0.423666988894432,0.0545893182407296,0.0124543328206434,-0.050600554967893
0.880803919352861,0.193457014526793,0.674123454085863,0.0238914279257166,-0.0132182450558965,-0.020257869263718
0.811115770245226,0.197134418786519,0.542686253851925,-0.00442058703137113,0.00860101684114688,-0.0642862186029177
0.661860337247673,0.244388138667998,0.453155999250703,-0.0185922671586551,-0.014714029197536,-0.0268999372260903
0.786115305210408,0.210146603979729,0.535479057044372,0.0616128766179463,0.0000823608403705934,0.0367516718498983
0.895269170969619,0.203992494452959,0.632533414108052,-0.00782418212688142,-0.000557797958544529,-0.0131874056910492
0.84922681559823,0.197105344803554,0.355812525344143,0.0351625089488618,-0.00708390007023821,-0.0497501377394375
0.966741542322602,0.198487538085652,0.532103107232943,-0.00672571468317019,0.0167265617194185,0.0161821861062008
0.730590135326952,0.245439882997413,0.149368850125565,0.0612054958311632,-0.123834755452403,-0.0925936484611551
0.782237096070126,0.204989130741101,0.455082378309891,0.104314313444095,-0.00160253851365117,0.0152652801140938
0.996994432908008,0.178234903186455,0.281270076393044,0.0533880643291332,-0.246703512952322,-0.0724812108662423
0.797609508311075,0.24252688598648,0.511361224768709,-0.0543737925886554,-0.0140786715593259,-0.0246648555275051
0.833752893450622,0.201388103437452,0.275773262024482,0.0102618893937085,-0.0339316411132467,0.127313380904529
0.900361558665644,0.190723240401689,0.476090488750989,0.000901422060764268,-0.00299720342591979,-0.000515942581133131
0.852114398200307,0.193548360004026,0.15285954679914,0.142713379951971,-0.162406568031608,0.0379681018342079
1.02897705002382,0.171464243045611,0.742357034765728,-0.00351647535109367,0.00778094706125051,-0.02784774108731
0.962543264478771,0.158916081203415,0.599959839934707,0.016365360855533,0.114660959790576,-0.0579098618162564
1.07231523340666,0.148905185853055,0.575922298936581,-0.00750038130392842,0.00166616470179459,0.00694386879674174
0.816945460940125,0.186523404522463,0.652598460027637,0.00931464710370958,0.102508342807622,0.0523870831679115
0.938429886363942,0.164617270886581,0.52567439091083,0.0407076119754642,-0.0374517320603871,0.0704919948618511
0.92947175059048,0.177135065894694,0.408595315069844,0.0933865005961498,-0.0663202433292031,-0.106905521237652
0.96369461152852,0.144399714796723,0.390484242076674,0.00640966834345602,-0.0933965877001388,0.0583528080615373
0.712221769205049,0.226104045707709,0.549539483317454,-0.0182659986035113,0.0980522865383393,-0.0427638582914513
0.727354826059957,0.193893091418162,0.503842009862376,-0.000377917166729086,0.0525296811888953,0.156116549055748
0.686252879834897,0.223832600279363,0.475302180325297,0.00564359500720997,0.000420137479337504,0.0147659868833902
0.835991349274876,0.226172083516819,0.243938019264231,-0.00926424805271757,-0.105309871000232,-0.0992587548375722
0.756997041721434,0.219908997147966,0.246295027238127,0.0660417512772343,-0.111355886606136,0.0343049385111266
1.02219987222483,0.156496197589177,0.435125357560831,0.0215840318135713,-0.0451660383650249,-0.00334354331912893
0.801627892699452,0.201668837075553,0.468618081183213,-0.0571307493710473,0.0298951894748679,0.0867013912380123
0.773318724243117,0.203579723606882,0.248819102368058,0.0373514607833014,-0.0130513556253787,0.0109830274879237
0.862048764325832,0.184548122806268,0.606589682918765,0.070714508739726,-0.00277793808002207,0.0905547566792265
0.898816325066434,0.182602118988749,0.484098886860396,0.00304833185015296,-0.0475149031712902,-0.0713078441151577
0.870024532117803,0.191435716511033,0.266875569624966,0.0418965738346526,0.0238931886218686,-0.0287772874569986
0.8875631798593,0.195310576097999,0.143817767262281,0.0839269099688509,-0.194771086566495,-0.120130619902786
0.790388712948597,0.209828118260941,0.572027414339601,0.00856844123306577,0.0140238930126069,-0.00445012907507055
0.783860028047914,0.199425139234659,0.446202408253089,-0.0394947491199378,0.0222047781924402,0.0163777535133088
1.00864602695116,0.173274548711895,0.184944159699935,0.0635197874243867,-0.164272065836772,-0.0756147986434745
0.948080838767767,0.182551555992932,0.762452617007023,-0.051070134311331,0.0494236219394298,0.0593409492497955
0.939860703637432,0.186838991018287,0.741984258511057,-0.0474403256817785,-0.039711990763193,-0.0432224226516695
0.973921059438335,0.181015861173367,0.566091420485284,-0.0695567784257258,-0.0605678351129724,-0.0119545238848186
0.778479884294967,0.193967221149922,0.25264294897937,0.114571972017211,-0.0235624055666431,-0.0150025623728179
0.780867452191713,0.202758612638178,0.522756298574524,-0.0270203316821108,-0.0217034626674031,0.011148476197924
0.793736055113701,0.216448549399443,0.392878306395386,0.0860365485294597,-0.00822146889010427,0.0484020602988611
0.836815361677146,0.197706261235998,0.536619874485607,-0.0302455057771605,0.0386943351586397,-0.0398626576842266
0.977471162344831,0.16766581764599,0.226445728738228,0.050325762899937,0.0107713376406864,-0.0393501600562978
0.848187802274478,0.234468264146787,0.801348887418696,-0.0909991944423966,0.0592980342552576,0.00502200455043598
0.804057332260219,0.221123434634376,0.483276501214885,0.0171289880737117,-0.00795301323860786,-0.00606237625298439
0.719169788706683,0.218708446045368,0.474247421127172,-0.00915327882863986,0.00151327040162413,-0.00381532984717203
1.0169097370914,0.152922758540698,0.446115381325751,0.0435963623741378,0.00939470365293614,-0.0595263855797543
0.884669653356049,0.19817765444214,0.498323253809413,-0.0150541523417094,-0.0422917757223731,-0.0769321658496366
0.677642646270419,0.224766892473663,0.40399690909594,-0.0280948596473631,0.0935980571680863,-0.0445554273298893
0.795600736114087,0.194567481917357,0.515774209576892,-0.000345188986211492,-0.00222238743764759,-0.00112618271080957
0.92184033981522,0.189102678019308,0.350874740814426,0.0473933059191974,-0.0453232545247708,0.0103174851780254
0.745793564134415,0.199082638656941,0.215365371605867,0.184730944153221,0.0622376636304766,0.0201460619751767
0.641698180819626,0.224223389348428,0.403858463897307,-0.0058087934310943,0.0340232158867019,0.0601681449030536
0.928389422653439,0.186733834688405,0.454345925082448,-0.0280028986680578,0.0175797405253577,-0.0648687237612342
0.880484733165888,0.141867757279885,0.241701738667145,0.208516773645758,0.000429895203911314,-0.0130245612566037
0.7916535032934,0.190070213508022,0.159038209687169,0.194313676444133,-0.15192706661748,0.111650184667209
0.879607769124935,0.191176486920754,0.767749759042487,-0.0447383519111143,0.0230470653318872,0.0192962713375909
1.03771050156014,0.150191761508037,0.689169304686069,-0.0161114341321711,-0.028459131446878,0.0867695806552668
0.909693226143511,0.18825093384192,0.609460649673733,-0.000538848415457912,-0.0140313711671187,-0.00763289638801094
0.728251514440948,0.222284276433383,0.491154779952449,-0.000187995119501248,0.00134127455808677,-0.00604725361939334
0.876536259966085,0.211255903676128,0.726881209379926,-0.0509093587779814,0.0384024855204914,-0.0208536871027407
0.931894286188064,0.173189499463158,0.233226490960571,0.033300480078967,-0.0216844975874649,0.0312695588636392
0.849743034596299,0.198527835377403,0.611643568271334,-0.0549888715430233,-0.00475017652561048,0.0220850741791832
0.90137307850907,0.175238819630695,0.400178825782858,0.0044665306378827,-0.00221519358750288,-0.0273535656736734
0.742300371437939,0.207174946053622,0.810628259469588,-0.0153798244919625,0.0519178381871454,0.0574151134184542
0.884344564023088,0.190381558401064,0.385813633772661,-0.0123647943046655,0.00280518883146074,0.00369668051013622
0.881958259549105,0.187102695144877,0.561260439628774,0.0490216731961039,0.00901284589794225,0.0000595742341489869
0.935065878798098,0.174427206051005,0.668880229109012,0.155152978153567,0.0893221783608032,0.0438115092482968
0.95276173072557,0.168869047326244,0.648354512093977,0.0158092079333941,0.00878563157815489,-0.0157503981513881
0.963596919062875,0.194260196212701,0.340262985848597,0.0443512094606757,-0.215494316093175,-0.117496499629312
0.718541098970773,0.217227651658631,0.517590034131386,0.124131817263272,0.0194847646383946,-0.0147379336622842
0.693919783205411,0.236916737961483,0.327799168035761,0.0543095456610635,-0.0487360291356207,0.0432065506204362
1.00538593247678,0.141225137817781,0.462887154120867,0.0129647963877328,0.052732568710807,-0.0045712330276114
0.990386407839462,0.181273705920425,0.542190572973971,0.0457611861453774,-0.0656543201620676,-0.0642981159885936
1.0588230264536,0.169598635986541,0.734066025426903,-0.0979348489744338,0.0331914836430023,-0.0148778137804241
0.82093614471898,0.215354261343021,0.0681785818334741,0.16704766568813,-0.0949711941979505,-0.0747767949127188
0.842346654040443,0.167654378034944,0.340627518348884,0.205588367647177,0.0467771555500206,0.0319337303281183
0.790762308492101,0.226481375608886,0.682235928144664,-0.017427484418686,-0.0143207952858306,0.0444694156642134
0.806745990079558,0.198900873753175,0.382385925903308,0.0863973272170417,0.0346044982395937,0.0156306751918149
1.12590529567299,0.158494436400579,0.41873583869585,-0.0591406438921318,-0.235160454523449,-0.177902598724269
0.911915257121711,0.18132341528811,0.412766974578064,0.0125853959460858,-0.00235179696612418,-0.0354089697008212
0.893854825968703,0.220009107558396,0.614235042327398,-0.00550240952338633,-0.00397618779048836,0.0249363693934912
0.982266679116843,0.199925308437147,0.692641670552418,-0.0322468429722431,-0.028326599991858,-0.0216142416142725
0.754639897143738,0.229299292913711,0.715223872015888,0.0968368939677429,0.00427374109566456,-0.0616001125444518
0.990381803744171,0.172929405373997,0.579140425220301,0.00147818771634621,-0.0488213671347405,-0.0659519295785039
0.772876760674348,0.224988063950018,0.573895568282954,-0.0107798963700857,0.0283620910595091,0.0077581734333752
0.7915787467448,0.216773593533014,0.574400719349787,-0.00760549883983542,0.00993570283195616,-0.0250586017981165
0.966153476995141,0.191371462013379,0.495936308613339,-0.0581435642730868,-0.00580288369438218,-0.00494619666293177
0.830384271489872,0.203326186502417,0.402549032241124,0.0924058603739946,-0.0278246541605698,-0.0968433757027542
0.892129741029768,0.20021507427038,0.414746066935762,0.00387318988959146,0.0015201619634411,0.00108914198545441
0.834985775826677,0.182209028499028,0.487032889657122,0.0158551200513861,-0.0165541220361507,-0.0281818125519294
0.919182564821029,0.19374060680312,0.502987895144537,-0.0286414010587722,-0.112302985521653,-0.0618372761860277
0.820730803973203,0.199604852708074,0.533461322597518,-0.0441890564813428,0.0230430139236841,0.0538426200149346
0.787725098037407,0.237880406745444,0.395411098560146,-0.0204594756709879,-0.0697395494948544,-0.115502351403495
0.937970744256828,0.171027249722363,0.419999893617432,0.00093654231135056,-0.011210790316873,-0.0024985522315917
0.817113092529808,0.238427739870718,0.184472617432681,0.114102605229179,-0.105537398855815,-0.101777477779409
1.07525083269837,0.165172488429527,0.505771150002843,0.0589144854013517,0.00623481897484938,-0.0723723385853518
0.6677663140631,0.225955378616539,0.469083082556882,0.0693403149632349,-0.0168381212020875,0.121899027423367
0.637596290429188,0.236142880676402,0.479160118109297,-0.0291444973411005,-0.00634619140696305,-0.0271375095798856
0.807628983978482,0.205509110693356,0.424793512986351,0.137674754633122,0.0574241644688045,0.00668148007056322
0.809293516865237,0.207199791311987,0.391508276213825,-0.00486888239604398,0.00146043740583667,0.00305791075917347
0.964980565638633,0.177428170628016,0.705807494466983,-0.0249691421891177,0.00563530471361112,0.0178472476639408
0.881191699806046,0.193885874349717,0.450790182184251,-0.000024050802604535,0.0000195243048240276,0.0000693118453375595
0.768234118116155,0.199310809154416,0.138843584155362,0.275241529638454,-0.0774326756380737,0.0183055751578839
0.828682615530199,0.204449660653782,0.427467660855895,-0.0186158446159073,-0.0447029786190086,0.00232033259210865
0.717372017908312,0.236597507358831,0.558265097252447,-0.0162958219895528,-0.0499114256526848,-0.0145766872764036
0.852583775691147,0.197745996697439,0.657566169431578,-0.015113284335203,0.00193302091681897,0.0199149764550079
0.748160203230459,0.243635484981849,0.53414109472122,-0.0241166287707267,-0.145980303064099,-0.0813249182352097
0.888873790885582,0.199778235863286,0.459316498895082,-0.0566882891068203,0.0198740477873548,-0.0306767332836206
0.871458862236851,0.217766751871368,0.695688583560794,-0.0800497624089826,-0.0552630598401663,0.0062829778866372
0.786041707342476,0.205773515331918,0.441096554092176,0.101640332469571,-0.0150059798442325,0.02899020932151
0.8958516380215,0.182215579057029,0.480697658121468,-0.0334216574697368,-0.0228850775189492,-0.00443044543247462
0.982685003813842,0.17512372846604,0.253136229205549,0.157028903258239,0.00769573935855472,-0.0403087583967469
0.697732304374741,0.243716200839989,0.410979528254514,-0.0204175129089309,-0.0147361707242723,-0.0414102250651649
0.778216308735856,0.227005636580385,0.699396998344773,-0.126585483114987,0.0524657266624069,0.00084371934512281
0.779490536609665,0.215109700328775,0.534123665318176,-0.0628097497066951,0.0060723593042862,0.00854774939708479
0.965575470214153,0.1872493212152,0.381799493762221,0.000811850341267739,0.000911383504315796,-0.00265350538821167
0.81202439953993,0.220889367382843,0.441101380157928,-0.0124965660934032,-0.045092732972251,0.0142434875165666
0.871026020176942,0.184375388401276,0.515990968435998,-0.00614471245319092,-0.0053411287187575,-0.00507673058594747
0.935303504538259,0.141789842167018,0.324116726432933,0.306222442046289,0.0778441327247167,0.0335894419805594
0.790402643085882,0.217777594459586,0.457744731703368,-0.0459415542996784,-0.123480317789216,-0.00105090873019608
0.704815110010016,0.232255971191481,0.415173312872322,0.0307864984963281,0.00888718652944187,-0.070621835988787
0.835359158428581,0.227367477034546,0.0267065739458881,0.181717819667661,-0.163182824257582,-0.188616493740017
0.803641313373502,0.211240993960858,0.378431088300127,-0.030211518826556,-0.0116336018910306,0.0105503700516982
0.86875030123261,0.186545067971493,0.119406394378697,0.0983637718062418,-0.0425176332116775,0.00645500628621759
1.01362282451453,0.153345242804904,0.491447440198078,-0.00637157153653089,0.00435088247468633,0.00163196717870416
0.789203179475697,0.237330277894979,0.857943670895916,-0.0913645761733359,0.12829067987948,-0.122607795237724
0.832257870149833,0.212138823129845,0.661637422023311,-0.0746749844290584,0.000550737867875735,-0.0305604725183996
0.932881669818739,0.191581026788682,0.244098584298134,0.00800885067177527,-0.00888661416096739,-0.0208497315808776
0.936940607346459,0.171668046549388,0.475751059922768,0.0149635669121824,0.0757140030878391,-0.00230028264194914
0.842345336454171,0.215635953730678,0.578064206406847,-0.0732038482100481,-0.0559916784617031,-0.0830780266221197
0.918958148691031,0.183472460358399,0.630188670705666,0.213526123553756,0.0144955562682743,-0.0527437351454242
0.939268591638966,0.157807708525947,0.244144657943321,0.0513585792003707,0.0222614115387716,0.0786988443431627
1.09209746085978,0.145934661544009,0.513431354650233,-0.000424957066049658,-0.0195278518486669,-0.0127796060870929
0.876020198697395,0.191732318748781,0.161755388093411,0.199436746929979,-0.0926722773919526,-0.100231752218232
0.731851407761642,0.230956835162321,0.588535761197042,0.0139777466644943,-0.0148432960228006,0.0170875219276762
0.813055424951872,0.214494393178868,0.674337071973453,0.0303451316310163,-0.0427018988462597,0.00103003909821651
0.576191005888074,0.257767596379024,0.695817539308732,0.0542703942494582,0.0716800781105369,0.0492607236452262
0.818799269038871,0.194134216205928,0.246233645990836,0.0385023266948686,-0.124523906948927,0.00945923373197664
0.935657405552714,0.179191897580466,0.0798109940891411,-0.00350809246587735,-0.0189066603350059,-0.0167957249790523
0.971834799774074,0.183932286811049,0.372247069657032,0.0461355567893317,-0.0889712491759906,-0.0414829489342897
0.868197155695325,0.198387014211634,0.121912688865169,0.275605038630946,-0.0188477450339873,0.00516185255670599
0.774893829108132,0.238448026513441,0.601090349273504,0.0189002641643864,0.0123521442409906,-0.0697460908473538
0.955466208579913,0.18499143640366,0.646727727578277,-0.0725529497894065,0.0187843885142848,0.0613281555679425
0.741918342804473,0.204890917736337,0.459196862484689,0.0167675449830736,0.0224087930156938,0.0465198634498943
0.653786808422517,0.265144683888788,0.521825357316289,-0.0404919786989827,0.0244945715705825,-0.0629967802527947
0.937018604039178,0.165685360023626,0.35914631383827,0.00023557171252539,-0.00546875938866874,0.0530723230414275
0.799981922808886,0.219277092718258,0.385014645304799,0.101953890640145,-0.201876478568995,-0.066964752605147
0.89469420521243,0.199302042048733,0.715695062587332,0.0581706512971291,0.0136557218630063,0.0349543079806192
0.743489617220542,0.226929746117524,0.371772656662217,0.0109887332859114,-0.00510514750346512,-0.0503343874191014
1.09071630940272,0.123698510764646,0.427740589174761,-0.00231699856242626,0.000724701747096188,0.00166802089530685
0.676531803223888,0.235457249100158,0.541066720413592,0.00586241983162466,0.0187418895493407,-0.00466831716430148
0.927704952322496,0.171547216591811,0.568884049718534,-0.00362361300719889,-0.000164601832455377,-0.00555644869003011
0.843717223168194,0.209577396613016,0.329059328942428,0.040036256364631,-0.182551680295156,0.00842872228137152
0.842010598116542,0.207579039362268,0.29269617798175,0.0265968780218834,-0.0441692047323937,-0.0379433649463647
0.854744162801803,0.189239698388593,0.473378950914287,-0.0123808176463069,0.00918852901424093,-0.053514899413844
0.928055383368426,0.1938635331511,0.563087844453884,0.0152149879259994,-0.0783545085591226,-0.00790333969155938
0.750477880043629,0.224517899425229,0.479739660085467,0.0592095759539566,-0.0314536692124621,-0.0185625653684311
0.888400974240951,0.191304409350893,0.492390890682918,0.00256471400716467,0.000149840367800171,-0.0015807497547631
1.01541243118666,0.183330158690407,0.444996803666486,-0.0264206143143311,0.0848006980172606,-0.0512876461633035
0.873326051054293,0.203289689488767,0.41542004651057,-0.00681878934094013,0.0014597523672159,-0.0369240140851655
0.841839540305414,0.193090636647625,0.249265864275278,0.0548305319717584,-0.0203640934199764,-0.0819936304541123
0.784452710712735,0.216042217834475,0.26639391156747,0.00569578537020413,-0.0202693738833782,-0.106261056708202
0.782831188746205,0.239143704331157,0.671555398762141,0.000423851855525228,-0.0248504546965412,-0.0126912049897923
0.76030576054215,0.214997744795786,0.569846620707197,0.0425268939192301,-0.0243070967775678,-0.0159284021532558
0.861735553502744,0.196526713740934,0.198724087089683,0.076738512453452,-0.0457939627758262,-0.102870621878411
1.05886244485359,0.151981740220302,0.4753960505895,-0.00291883932649413,-0.0029970503683967,0.00428592351128544
0.904888671993886,0.1822445300196,0.351271348706737,0.0144613405131958,-0.0493301197381878,-0.0179064982799562
0.856658460603656,0.196307045574989,0.633025882788041,-0.00511434072498899,0.00810786193331853,0.00494438530070673
0.753305794850359,0.204520572132775,0.00329130874284684,0.291042611171817,-0.0463813582962191,-0.0429606273682642
0.875030637182549,0.206619878808251,0.355517213508355,0.00650467361140831,-0.126708589980923,0.013743211822976
0.999765571332425,0.179919782658922,0.371807557337542,0.0765379660533761,-0.0934792568991414,-0.0525574038980845
0.839104805900489,0.223957481938176,0.693381047215352,0.00582252824629366,0.00296177628365475,-0.0358919454024791
0.795564065988742,0.208946138069776,0.517963454654253,0.0155497430682696,-0.0337565832226697,-0.042471040116402
0.813621662328666,0.206974539604896,0.589726228049247,-0.0286171141074727,-0.0396529397199885,0.0172661602822953
0.866911420646857,0.199527933655937,0.598238180915594,-0.0392195024663095,-0.00956530770595544,0.00771205988339889
0.917431359679855,0.172232123596303,0.332850713419953,0.0715816897004305,-0.0087776982919032,-0.00193101543868624
0.857779039557434,0.190404355266773,0.403806634358643,0.0227421524719016,-0.0247277275210126,-0.024106394905103
0.918118065725985,0.190610036195904,0.410971714667576,0.0491229412836889,-0.0742869360401838,-0.0357100745875804
0.82960737168179,0.22500867645875,0.50740240379905,-0.00822537565327368,-0.00868504197260442,0.000216217074727231
0.88721980111589,0.193550450772769,0.521447587243819,-0.0109384160290013,-0.00943439779170163,0.00644728635909919
0.878533755759437,0.189327159449251,0.436715254867146,0.00449515710307233,0.00120131765484934,0.0277254020081083
0.901739352158644,0.20656708431885,0.688132549493368,0.00128637396517577,-0.0111466801896996,-0.0106627736878481
0.79770992276423,0.213492544036227,0.508534403245099,0.0247203433169425,0.0327835748448758,0.0524452232759655
0.813721167808057,0.212751094127302,0.623986470640286,0.00418143810298153,0.00312190493794466,0.0010641903340539
0.971490032589156,0.162212851415053,0.372309188749652,-0.0150631210631678,0.0161802585192817,0.016749874730895
0.771903730988211,0.1793165406651,0.250012108884755,0.410692751665952,0.0757547373990888,0.112299891636189
0.996489363157556,0.156622755336642,0.377966381166077,0.0630650485887818,-0.0164866190616829,-0.00506465062215146
0.778868003559603,0.203923160749142,0.247878705458887,0.104065251442561,-0.00464534115947134,0.0334764316597129
0.888639148524772,0.203527361086176,0.3652740182983,0.0529429187791,-0.17351685943328,-0.0652218853393258
1.09874122358594,0.147339554716164,0.14464544017597,0.119499614460783,-0.0710043440213312,-0.0108003760229687
0.772636974428168,0.202145540811421,0.18083588557705,0.161937020935718,-0.0244367367166619,-0.0119425204723266
0.989611542315354,0.152014291225529,0.340953384343522,0.0423635084604342,-0.0190066793489569,0.0602271281467932
0.853061713358166,0.213824457000977,0.44945896600319,-0.00961080500582383,0.0200887695018255,-0.0366754702751884
1.07529988148597,0.149026814101339,0.47991386781484,-0.0436140365254501,0.0328291911218851,-0.0471577080369611
0.926410470561495,0.212603241053665,0.318697740951135,0.00459277678461868,-0.18262605037694,-0.165313654542075
0.803251800264009,0.200234096308367,0.661947615239592,0.0372900272618537,-0.0123955390229432,0.0274645926012382
0.821297857859466,0.206875929849152,0.373070635891799,0.0501315967428933,0.0106051143483956,-0.0191524033252159
1.02679406825881,0.165903145567643,0.553099827694954,0.000981085774906885,-0.0125796954755954,0.0183349410074898
0.855478289821915,0.195938277832096,0.4006769705085,0.0182236395717128,-0.0330391727104013,0.00637713140796361
1.02668475975167,0.157660487329607,0.247713710001418,0.0938676974402884,0.0189010149853731,-0.015906305125664
1.0099783128369,0.179295396567844,0.697886137934079,-0.101567726724904,0.0387424874555556,-0.171838781038859
1.05703460377683,0.161244597507553,0.267115762355412,-0.0104113456482976,-0.123475685920748,-0.0747746196164824
0.573331024001345,0.225928647836332,0.405274908418228,0.227361307286457,0.106331828443196,0.152260362574323
0.789196167543054,0.21752141622178,0.616534305184921,-0.00279368250974159,0.00011503262242432,0.000637196226524513
0.982984730402471,0.187656409123847,0.369866452816395,-0.0507152983418188,-0.100298430248336,-0.0517343736825067
0.855921613983559,0.179478896592013,0.624737812318109,0.075438393756142,0.0419415983070326,0.0901028212732636
0.817653074629151,0.206869050762206,0.483056784363507,0.00000436722027552031,-0.000228385539163843,0.000742727425062034
0.798196740881979,0.22764032920757,0.660832715048812,0.0082580083136587,-0.00953976820554212,0.000420215257239023
1.01640947331619,0.180740171098858,0.669181101465489,-0.119147759614865,-0.112998042574296,-0.138267873349446
0.922231034324944,0.178956540671283,0.648159647460683,-0.0502561300434397,0.0106648769126236,0.0173319440855136
0.971480419345371,0.160883986976197,0.504931637585419,0.0151636465983288,0.0230341303675619,-0.00872401804011094
1.0037360220269,0.159234299776276,0.517461363307005,0.00194415238450673,-0.0145025085859854,0.00803211336619283
0.938411191936235,0.203777833145839,0.299674409036737,0.0758188889328746,-0.0779478598003985,-0.0671947204595359
0.743124282322984,0.245252058925802,0.732584513129314,-0.0341736227004084,-0.0387497179416201,-0.00355243714519199
0.719216423789902,0.219681048755566,0.532511273263807,0.0102376157879597,0.00453111792749948,0.00342994392516836
0.775582920289251,0.203477152274307,0.468892980159213,0.166614223341906,0.0511711340447138,-0.0597697829474548
0.832697116614835,0.210451756266208,0.441860412692283,0.00640867335366102,-0.0494655386799385,-0.0132169436336646
0.747676440295996,0.199615112036993,0.257262569887207,0.210884937388222,-0.00355897718880493,0.0298429646642955
0.716512735478788,0.212590387909001,0.703666799357405,0.0079808106862702,0.00337836482316521,-0.000581169657953761
0.869033120314906,0.186057426863916,0.416524788745564,-0.00000108268368915992,0.0306345138492484,0.012935713460249
0.526471725579923,0.217282135819561,0.0840153873543591,0.548081891911064,0.154799003242683,0.170569691716877
0.942980496144194,0.185568502865071,0.482795736534751,-0.0436494333864091,-0.0154497288207852,-0.0331614642101697
1.08157127813986,0.153481727338019,0.369501524321295,-0.00267511176605528,0.0412727844650397,-0.0242431782364991
1.0120088568457,0.191364234179498,0.462899553066334,0.00276467694167802,-0.0896730383573069,-0.0357220132365432
0.618217400312343,0.243778321358677,0.588728489415812,0.0751967254126244,-0.0462515155558192,0.0399049230318348
1.00776824183606,0.151536625338555,0.383242279985711,0.0209693171509916,0.0102554894426939,-0.0125495565597556
0.667960227884579,0.258497112159289,0.548590931812115,-0.0749393599418406,0.0219080744181696,-0.0170685560636591
1.05359462206988,0.144553703986523,0.572691491829871,0.0203329718828552,0.00470717036803505,-0.0174653203873218
0.829305585443987,0.217102297442909,0.650425932988369,-0.109261338529487,-0.0351318582034761,-0.0286744797903642
0.654609587913375,0.24930198316729,0.371219366383163,0.0311972696638108,-0.0223720471193425,-0.0837629898496674
0.954189252752449,0.166790400359961,0.514460726680885,0.000273956174840291,0.00565770126231132,0.000894204824466867
0.816003111401133,0.216007774086416,0.398575575255061,-0.000259413323590832,-0.00303221060109613,-0.000432519327615205
1.00318767248314,0.161751707672128,0.439978620731513,0.0469324311814734,-0.0264151797090974,-0.00600180692794812
1.03868109647605,0.173029984049598,0.6640348089585,-0.00567690289377882,0.00170809920953717,0.0155675687218035
0.833117307644406,0.205591071889943,0.548903757217388,-0.0104574437511872,0.0145424250839879,0.00151467612160707
0.900189608326722,0.187623758613588,0.590877720042828,-0.0143495967554085,-0.000808127998726323,0.00607915460040379
0.811631119181996,0.214363248196011,0.521400195331403,-0.00580014608922794,0.00258771473496667,-0.0121199976893091
0.949880052726392,0.166552481104304,0.255138223388812,0.104111957961705,-0.129066525472378,-0.011339090781008
0.818628855568553,0.188914845336855,0.606077122166801,0.00504447819569266,0.00930929048532299,0.0276650527702379
0.952940194782342,0.1926703480681,0.421251162265299,-0.00806131058611225,-0.0859496040191555,-0.126839464577106
0.932289109210896,0.198774753371323,0.496620431864718,-0.0529830865452206,0.073356546969373,-0.0600274672136107
0.801708294412692,0.217394703894201,0.26639195990338,0.0301888234550156,-0.0415329669540611,-0.0869474049064904
0.736603260685282,0.225261722150297,0.120396134651656,0.0933183182321603,-0.115463355792633,0.00116055133509646
0.805548299173432,0.184152099662873,0.665806723182739,0.0461995709369327,0.114588131116829,0.137008732217916
0.959715756739881,0.185294242785114,0.606252196631361,-0.0055734061395196,0.0134285002322492,-0.0117995168620297
0.871292975298766,0.182739239972557,0.318583363657465,0.017235796031441,-0.0249331827774303,-0.0755016283922612
0.949804744994215,0.172306281439092,0.428344304014803,0.000156404525467296,0.00110025019578271,0.00201005050347182
0.913992401096366,0.202316998505297,0.337399426561589,-0.00735672531686594,-0.100232128933087,-0.0555863019904705
0.761563021650178,0.223503658758515,0.610664430160416,-0.0272230506033014,0.00277948259736366,-0.0520901351150275
0.864724836368258,0.187153363748542,0.502337334190477,0.0837223545884868,-0.0404973913264645,0.0440198105610615
0.799501037116577,0.216030820577306,0.344482581615845,0.0817490080799932,0.0158017254535545,-0.0287567740331762
0.70945215586949,0.237456101106426,0.45883646300262,0.0445908845996893,-0.04965340363279,-0.0568652184155497
0.723100988144983,0.253818087844134,0.409991831531033,0.0187679447890704,-0.0222979881359778,0.0071469075906691
0.815886551979111,0.192991837375179,0.406238706548516,0.138783163008053,0.0246027252131246,0.028399902050978
0.828156817395801,0.186902150249054,0.203384861899709,0.0756020931956646,-0.039136002617871,-0.0387976286897411
0.941753328877651,0.165403006841639,0.571422411005331,-0.00658592870955229,-0.0147829778739126,0.00926579693717547
0.843491433763062,0.198172330618391,0.473353083695746,-0.0800791448923596,-0.0053970489091118,-0.037793741348277
0.72682636831203,0.176653373552116,0.0384786498157913,0.370418575803535,0.0121374438734544,0.159283185552982
0.951148295871245,0.16941653524488,0.460063819938019,0.090825113776016,-0.0632139270730856,0.0338705259349772
0.941753492293268,0.173794402520639,0.488022365714841,0.0103023228603979,0.00781461314123776,-0.0179255036595003
0.74730803091558,0.248641239661897,0.387455454368392,-0.0446592340148456,-0.0523764884379115,0.0238092679084668
0.869611872525062,0.187775161155326,0.325678569275268,0.0138899185679947,0.000682415846661344,-0.00102457364820968
0.851646263975566,0.200352962626957,0.498485140015894,-0.0115061661370566,-0.0449952837614986,-0.0308530114872715
0.825093213344901,0.184490368354664,0.500731647224017,0.158686310017387,0.0250543307148512,0.000398410981080447
0.847131978925985,0.190855542302932,0.0418266772118943,0.248961778661311,-0.18230725165615,0.0278363273356184
0.67166928859005,0.246672853913578,0.704892103028638,-0.00303443288365682,-0.00351097754461443,-0.0139704736245786
0.814722214895747,0.213363368929002,0.645236154553645,-0.0659958184096741,0.0298042151712373,-0.0614133813239555
0.92326879659634,0.169564101539765,0.441552501707955,0.109123419232031,0.119252188771696,0.00357404730737524
0.781268715993638,0.205999460753306,0.501269435686352,0.0141060233147357,0.0536758090640399,-0.0145452083605037
0.909210335932029,0.161118228180102,0.590163654221876,0.0129058940449876,0.122730916961372,-0.0270908481042261
0.939134576657623,0.159219545913714,0.553447700010227,0.0159789395932659,0.067752766187557,0.184248251544003
0.807731802363976,0.205315245137344,0.616764633746137,0.000215601454137525,0.0402709764803779,0.00782479168576059
0.832860082874758,0.19130785346703,0.239481563859679,0.200460782372013,-0.100532385984019,-0.0270681776301347
0.987627133540644,0.154387494284075,0.501501303645661,-0.00144369679086494,-0.0004591145766663,-0.00221221945098977
0.771678810755445,0.226319200808813,0.452297533864024,-0.0110164334483431,-0.0474309200636561,-0.0233396071307155
0.790307426909377,0.221666857592558,0.44346546873204,-0.0217143701929941,-0.0294708180715074,0.0583105071935799
0.862718374593252,0.206215665292819,0.242402133155445,0.141207986414978,-0.155747810795239,-0.031224675836501
1.01432216138596,0.179640566339941,0.406285081708647,-0.0334180157942361,-0.141701106464221,-0.146709426097927
0.68867210047916,0.24623525326926,0.11345002801229,0.231037954857123,-0.124272892606799,-0.0188255391665848
0.859057607347107,0.208225468546088,0.586059664934456,0.0125446379369146,0.00807337133697457,0.00193526296912023
0.93705861244979,0.177262476450259,0.177422998427242,-0.00246970150652078,-0.00168334133547722,0.00102191374100208
0.669043045656044,0.245140187334889,0.393437318246096,0.13488473802289,-0.0161046721027641,-0.0685140080013305
0.947160383674094,0.167503685003236,0.586207195925942,-0.0310122419355836,0.0111121781477983,-0.0137853695672583
0.742054089544172,0.237367045725042,0.426487107106054,0.03441092009885,-0.0925137419817015,-0.0430523735642974
0.804469745573906,0.221320818896347,0.634226175481212,-0.00137952616748892,-0.0269508116271268,0.0495217162513812
0.923874662010839,0.17163366417462,0.38343771933607,0.0732730470076027,-0.005773393318727,0.0351595851835524
1.00897506224682,0.14966559198609,0.330371968178771,0.0173648470749879,0.0425806838990459,0.0432195078440029
0.739262220497934,0.205003980899654,0.311684386757597,0.21835434740538,0.108792842857257,0.00513784292319286
0.886476225198528,0.192648712087221,0.418486290236772,0.032024998976876,0.0342040637079888,-0.0305652606810678
0.834519908965403,0.181012456084889,0.744466420031482,0.0681909523196197,0.19472723870533,0.130716558187773
0.936789060208149,0.192897229190888,0.649351608715518,-0.109966506314728,-0.0276519962418892,-0.0175339402988107
0.812346590615186,0.215687374721287,0.829028348705407,0.0286809084966596,-0.023604407216824,0.0310797519940359
0.997018216407585,0.174405554291049,0.808868915380891,-0.0586625039687516,0.0835122427797048,-0.0561241554489069
0.902730125831645,0.187197690954834,0.242681112766211,0.00213472849908441,-0.18393327481158,0.011467966647454
0.901738489848297,0.189263612378265,0.387414720488465,-0.0201252940634777,-0.0108214873632774,0.0138064499364963
0.814043389160615,0.187384455618292,0.343500051120748,0.125918735528873,-0.0459924176387654,-0.0993451292463675
0.988981260504484,0.130496082010137,0.321437202318856,0.0673464183809,0.00658301464353566,0.0745126983299088
0.789846023869674,0.205081476609543,0.447713289546129,0.00315438926479856,-0.0104790186750174,-0.00303314004145621
0.8237843957757,0.196012466014016,0.607277426956122,-0.0022285114944749,0.00021059768418782,0.000361453867057822
0.911132043517378,0.186335393245815,0.577865037924662,-0.00021195074151046,0.00397370494055921,-0.0026085124070629
0.767657802459665,0.201317603567798,0.587145082234214,0.0255065601148244,0.0882324651716273,0.104868588550854
0.594828156184423,0.26527455749496,0.726202639767838,-0.0018603473829514,-0.0015949046660037,0.00239448095077135
0.656294140543982,0.23382325576852,0.546587841258611,-0.00056207729540961,-0.0774452081177521,0.0552444477134395
0.85752363856072,0.210852328169348,0.55299715465115,-0.00261895245691234,-0.00517218819561975,0.00255414040929352
0.869849920052963,0.165817529058259,0.525896575705854,0.0814211614390472,0.0944446795305973,0.0486784964648236
0.631480479122161,0.255177000489089,0.399622288676443,0.0334817730980045,0.00227531426954258,-0.0374064672893568
0.931723483848401,0.194962095813178,0.781903387798049,-0.00165576664990123,0.000763761815260645,-0.000286061889149957
0.927525524275781,0.191311565349454,0.485298207884517,0.0295860924965536,-0.0737447393689595,-0.0226763278124157
0.782543570400161,0.215981050247897,0.350218371571064,-0.0219807004851844,-0.0287664765702784,-0.0673432803616645
0.852109885377292,0.218511341970109,0.139793780041869,0.0732059448108911,-0.149996326941822,-0.117152959049155
0.983257109529938,0.165027435875299,0.37769804043704,0.0245567596612773,-0.146722499666532,-0.00597153824363912
1.00531954150634,0.198782764701043,0.0437900130344252,0.00947935599482179,-0.407221212322998,-0.164042588109819
0.785753745169639,0.204843040318239,0.317990603739507,0.0947172608791647,-0.0420679201462475,0.00578755058143243
0.766412608889479,0.197350378013473,0.534895882730008,0.00745066657982232,0.00443117666300715,-0.00285486980798717
0.794559022709395,0.18659259924557,0.471494776450734,0.201871687985986,0.135360753625791,0.0289738031475105
0.805215135946014,0.21815705934273,0.517141203580348,0.0579447807813702,0.0432267739682989,-0.0514163232189191
0.789410560018038,0.245342906937675,0.507256478345649,-0.0598383867530924,0.0295811367611479,-0.0395138569099916
0.968248428031223,0.158280915955542,0.45252266669533,0.0226008422192301,-0.0167069378524067,-0.0168052230343879
1.03796796778799,0.137724585406244,0.466710229219062,0.0959817228900085,0.0906978442820669,-0.0149853866795649
0.90364859778124,0.191931736859884,0.670429160914702,0.0253138584343189,0.0351686649398654,-0.0927650317704613
0.79820030642762,0.211484148366937,0.455401555194048,0.100254370063197,0.0862710089334664,-0.0768585852290798
0.718966947365023,0.216614681131207,0.402014712199498,0.219729652908504,-0.135004715266848,-0.0167550854548439
0.712726337649269,0.234431646186821,0.168463600104642,0.043869601062404,-0.0497958531093814,-0.0660421787542879
0.754700858255442,0.221993106719006,0.673077666316575,0.00910387771496675,0.126789458562985,-0.00772874348093989
0.862033251704643,0.211197098048607,0.437386147297154,-0.0701262063497198,0.0350154336620986,-0.149264439431191
0.77351500005399,0.22425935148889,0.486997254208982,-0.0806762502935257,0.0355961416423018,-0.0614410856432066
0.935740811295591,0.192682962121527,0.448058124491231,0.032242185268144,0.0112383532913976,0.0128207177472492
0.846602456300621,0.2019083568224,0.581002625523337,-0.0159112952938985,0.0137461686133583,-0.0141922546190109
0.780334356427097,0.188770702568004,0.17460077292353,0.246429951539085,0.00782170434402876,0.0695687696578244
0.98846929502985,0.169200673195609,0.41789369179165,0.0592404917642061,-0.00437105362555794,0.0213481828681384
0.80066454419379,0.219630535627483,0.289128716595009,0.0242577202349849,-0.0958424214993345,-0.00558984591863931
1.08155032938216,0.167398150754716,0.0117734467167806,-0.0114245482112599,-0.251037105083618,-0.247547209722964
0.936822317994952,0.165751398213153,0.463512801484395,0.00187788118151261,-0.00208588610254473,-0.00116159976435581
0.886193128720671,0.184373422746427,0.389004535120356,-0.00851347330069653,-0.0423692188246839,0.00800523520435425
0.84644829734776,0.216909308890741,0.481695331701262,-0.000219688808409769,-0.00635235588619718,0.00555865667822577
0.840180622690912,0.194269772369081,0.31258171062475,0.00503107446220732,0.00999874642491442,-0.00529086125852722
0.806479515946719,0.21122535967211,0.428245413180564,0.0164461151739714,0.0267722398874394,0.00645114847118811
0.850318409106504,0.177385093725462,0.426545760768447,0.16376145714774,0.0350313598547205,0.0992774525873761
1.12924076859913,0.141798286279066,0.545319658033966,0.0158086639981574,0.00435663079902637,0.00880017312747357
0.928524707397432,0.202369484212301,0.766470191170412,-0.048679733774543,-0.0305074984316217,-0.0511504505951741
0.952997075147759,0.181980035005739,0.272467546074685,0.0229846006306389,-0.0962638285798481,-0.0568450421764505
0.698561629952999,0.223504412025482,0.442693000632915,0.0689783196401248,-0.0763492209967971,-0.0599440584980208
0.558711031380782,0.204948952043228,0.357920713619959,0.45217676550211,0.299743658466151,0.259891913893606
0.904865850415824,0.17525105888682,0.490886107581627,-0.060833381085895,-0.0204741458282752,-0.102016187863465
0.867528328953929,0.191349804233869,0.172580622692141,0.0138430211346593,-0.147023079816315,-0.00238365809621427
0.926360713910689,0.180543409378754,0.425124425440329,0.0416660877011448,0.0151531040117642,0.025041952827684
0.690421569557938,0.220074619110825,0.514280271911571,0.0191962935354801,-0.0359197528242935,-0.0671544352889567
0.984605203827926,0.167374917895843,0.548462201227015,-0.0476058437436135,0.000528334890025545,-0.00993878296638861
1.0012709850552,0.16992082187377,0.513060563782448,-0.0029998448310589,0.01784105899179,-0.0380906175220334
0.76188961659026,0.212156064727902,0.65494004188351,-0.0120059257898288,0.0119756159760888,-0.00132083466226247
0.842097441901714,0.214840042988242,0.508366826656538,-0.0126304117470945,0.0214300889673609,0.00107520228377561
0.837395701422711,0.23164467915609,0.673774864423216,0.0271685890515469,-0.0355796687028136,-0.0713846183421081
0.684592005496808,0.231349155440245,0.203714196636724,0.00442971593533403,-0.0206937936877373,-0.0107050411305013
0.812765932151449,0.213836033390247,0.522153179640951,-0.0679429897368961,0.00447037986910354,0.0222309712734635
0.932813116863472,0.165794005999839,0.654503879637391,0.0760239100107585,-0.0364359876988199,0.00367506091047171
0.806190701833403,0.223397570700675,0.669002537571467,-0.00766630790880833,-0.0189488292275597,-0.0138029639564404
0.877658844210584,0.196808244220562,0.148809083423174,0.0789533536568595,-0.165573035427269,-0.128229876132025
0.770094523513162,0.221473411316343,0.48561668483584,0.00109354537524034,-0.0131370059918306,-0.0037729047611189
0.939402419051396,0.209703117766719,0.333150241131546,0.0157083862913956,-0.0116105927345083,-0.0186889552845736
1.06718601373498,0.163637168317556,0.629572753988726,0.00257981260400497,0.00506560507963308,-0.0073438462525471
0.8743523967658,0.208163949591462,0.448183730847322,0.0590366844531165,-0.0881088775199969,-0.050817308525613
0.953714191931997,0.156570155050036,0.525981045743622,0.0316362249087184,0.072765676247108,-0.0667098792463198
0.857458017852952,0.211709908223402,0.461013738853324,0.0113516896357744,0.0120711090779096,-0.0108786556744733
0.814590708938041,0.196459937933463,0.549010688410424,0.000214859805311444,-0.0205716964328413,-0.0218966224680771
0.731598474310497,0.216289680309885,0.0305775170505879,0.133094263399178,-0.0381141525874348,-0.0486889580579025
0.833317369549199,0.226036821655317,0.209323004908745,0.0409428368059108,-0.095138608470454,-0.0793445307733408
0.995769776312826,0.164881813600582,0.430127668206252,0.00130396768612021,0.0012385854118746,0.00743723491960815
0.828742254689504,0.19062818362715,0.613348389546482,0.045022491648556,0.0220229064762691,0.0656221952043423
0.659276887680008,0.249059102014053,0.531948510531431,0.16256748237666,-0.177313043632242,-0.0374093372253503
0.879027918610291,0.193100294797872,0.611568805458188,0.0503418917545084,-0.035705066428442,0.0352949650187797
0.818445376087585,0.198542161626763,0.422204305373381,0.0343585781873657,-0.0274333893704815,-0.0046509296082198
0.855247748224492,0.189904982567463,0.440228671336646,0.0317818265540934,-0.0117215029522486,0.0159992264779245
0.979334163397617,0.16001458180789,0.166184262298098,0.00267762751763867,-0.00139919316542139,-0.00199455575081987
0.9206761154779,0.187989953129257,0.44698243075971,0.0420463124558577,-0.139336294337138,-0.093432772735167
0.888138066187723,0.210799601051904,0.566101478616143,-0.0222240774231616,-0.0034818562013684,-0.0249847935283207
0.837556531351458,0.201484733315679,0.37220295680616,0.106211572858782,0.00152614125836511,0.00743104831704245
0.807732223080082,0.207139505646817,0.630905777975958,0.00464940015118077,0.0945320529901019,0.0192226069561684
0.8877978002617,0.208712093207782,0.434865416392136,0.0018815350769487,0.0248053376062295,0.0102393123497339
0.853659076440187,0.186199690349687,0.419574630209053,0.0102867350033956,-0.0036842086287614,0.050741792646032
0.893116893331263,0.201144522609044,0.499729171070701,-0.000465930734749054,-0.00459708931595095,0.00923435669046309
0.89010532882825,0.184620695823257,0.615313167586131,0.0027071385966962,-0.00343664681934802,0.00233459710347436
0.829957586575582,0.206755809467111,0.416123943742188,-0.00396161481484178,-0.0675770835209887,-0.00162603553721185
0.754095182163682,0.212278574747106,0.682951187872048,0.0159009522746256,0.0174678256771581,-0.0354621451694936
0.940613556119931,0.19885203820118,0.333041832464342,0.00256138898198173,-0.0803279061059728,-0.0898709105563299
0.934384565876957,0.192398611000925,0.753401342577685,-0.24601071576655,-0.0204017709289512,-0.085640934636679
0.693600665340697,0.242951808735701,0.695550576141906,0.025086513710112,0.0817202646258511,0.0750455883412451
0.851589296085508,0.181589098789322,0.644827884725799,0.000157295840059756,0.0357596801084477,-0.0107013068308246
0.883153543077407,0.204294274373203,0.452862530296737,-0.0788469236925792,-0.175265662957353,0.00621830393003388
0.876597486643059,0.203422013440049,0.335553191624504,0.0012491649617597,0.00443570448746691,-0.000306042747721582
0.799686772751739,0.220933386278962,0.386159326160662,0.0616971001725225,-0.0375018314996235,-0.0028670560179702
0.790407803316948,0.18313864638867,0.292730662253565,0.209135673753629,-0.00250629334183111,0.0950542026744036
0.721388139193001,0.220954099848147,0.575288881761548,0.040652471441191,0.0373619238251356,0.0241325621155823
0.746233666416239,0.214424114673649,0.607691275664713,-0.0687399532475143,0.0330999658220876,0.00340780188651968
0.783395835024993,0.229829078409779,0.606153486780697,0.00456283947814095,0.010772475720961,0.00318172088640864
0.63330296113783,0.240692404079147,0.533120060474769,0.00982868618120477,-0.0135823643345442,0.0092010192633598
0.905570507883186,0.185466239811471,0.614087831041511,0.0488711106090558,-0.0310335055764454,0.0265504466451451
0.831335616989735,0.217627851777195,0.465331872761778,-0.0341820559325114,0.00849734041378897,-0.105192336326642
0.94298856306297,0.173407121796163,0.378176918444339,-0.00123247616260314,-0.000610088507901674,0.00328181383221016
0.982555553264272,0.158792177872847,0.693408233183588,0.0103945502138767,0.0542189688510697,-0.0171968744653976
0.828572362158057,0.213852760653934,0.520093481695181,-0.0578964932500285,-0.0243445032861025,0.00161005224074683
1.03877942251718,0.139740569229836,0.236805612355508,0.0256974254921653,0.0040128753246939,-0.00762468307123529
0.868803405192632,0.20017229127522,0.563913300275027,-0.0176491814269842,-0.0167012987677218,-0.00973701558935282
0.867108129922041,0.19350399926732,0.530581425784575,0.0962131257961051,-0.00235392991912228,0.0184918847876404
0.770045971662611,0.183405777121029,0.496839086621323,0.127696341739077,0.161484508326485,0.0729524340348502
0.782816736939125,0.219458174617044,0.643018568476687,-0.00693456930194687,-0.0219083157925298,-0.10835477868379
0.917140726508712,0.175149060508511,0.643353728015417,-0.0259536092391546,0.0570090080273491,-0.0155988482705844
0.816812200248031,0.220412074365555,0.500506443782049,-0.0000250867438862483,-0.000332028920013749,-0.00178920785957028
0.679972972947238,0.246985472491272,0.580328119238274,-0.0251693839253465,-0.0193739635420462,0.00193458382245293
0.916682409625393,0.175120862490425,0.620333308844442,0.00177004817719732,0.117263755048365,0.00056333611042977
0.864418757141529,0.207725928787596,0.758382148716855,-0.00896391920354449,-0.00421750841551237,-0.0103639557103549
0.834841635749518,0.188385357347238,0.49968078906133,0.00344938528311078,0.00362565832144846,-0.01244406681351
0.784439436574361,0.197899281687493,0.476619249213784,-0.0154749315966697,-0.0239827928087189,-0.017662758082996
0.748201777996291,0.216305674993996,0.464267462391667,0.0577514498476608,-0.0336873937773523,0.0697682490613685
0.904095331925559,0.182055242113026,0.155792512213393,0.147349363481906,0.0347935204267752,-0.0568458075289797
0.794852309314477,0.186936717804639,0.749701524639697,-0.0287960378211074,-0.00421079838395964,0.101605088381738
0.702110689046934,0.239068721689253,0.477553432311058,-0.030052847511976,-0.0272773810638969,0.0146501226599253
0.925795791378398,0.184354231473635,0.456898085633723,-0.0224476899698495,-0.0144552149885137,0.00404104763316653
0.787455338947342,0.202672432726941,0.363704017235985,0.168308570361989,-0.0656916651970035,0.0389572469678681
0.781097886727137,0.215188016368538,0.375956164215826,-0.0334867222162214,-0.000561901845380333,-0.068386808808895
0.817542291102824,0.217137046676723,0.513937139265354,0.0619235472308414,0.0457808394014969,-0.00167641378314569
0.870889707957403,0.195299733100554,0.655729570161487,0.002984014803341,-0.00101129980969535,0.00293039853727743
0.67272699373063,0.237448987956332,0.627734187210779,0.130284535117254,0.0890334903441296,-0.0431254743116328
1.02070870534831,0.175399901696805,0.676245673878794,-0.00174116877671143,-0.00218383578607221,0.000685160123288496
0.911403398279952,0.181592986569774,0.31919485948874,0.0910362381038328,-0.111596710473828,-0.00601619185975234
0.780288558728764,0.202106059650076,0.332215913188018,0.124801326448824,-0.053418193756496,0.0626510763364126
0.805008563599731,0.187630885851708,0.778398014222541,0.00353385203493274,0.075557415612076,0.108116142628177
0.892697640256051,0.181703467765228,0.526367216145831,0.000288879282943584,-0.00274069005862092,-0.0000943285048905381
0.8568439142367,0.1966453589516,0.504918779305261,0.0517149948612117,0.00154494298444468,-0.0161631661289804
0.810162352616362,0.174086705530403,0.0427292838762834,0.216561339070769,-0.0994432982199894,0.0922079323572711
0.794562281422777,0.219083971548472,0.767012640637668,0.0051588740751472,-0.00167953245842267,0.00216886655998032
0.860547870828501,0.200553174476246,0.768344514599112,-0.0000761485351776076,-0.00324688095432104,-0.00173055973622073
0.744598136653847,0.228069231875803,0.758140524291969,-0.105125677239816,0.0566933330842396,-0.0117299780944267
0.96001551229899,0.165239602043403,0.356030980897075,0.0158843474585791,-0.0491233493562662,0.00784329483681526
0.672292249746022,0.243736336921204,0.779891461917366,0.0546529324075233,0.000964457537495006,0.0312209392064943
0.983984999578445,0.161427288122817,0.373704172748263,0.0414563584614122,-0.0296738303954404,0.0027537741605231
1.00541459923109,0.173653096862988,0.502754294671869,-0.00810420878705662,0.0199485202225586,0.014908060689487
0.825914044458641,0.202645974723157,0.218443982853878,0.0771853223901402,-0.0486060337711298,-0.0582209292356924
0.822745264897579,0.172692124190336,0.207904945438413,0.29553531028007,0.0785955171181488,0.0660092149176573
0.769725968209744,0.202247742311318,0.487817771562336,0.0424358845152995,0.0700464313596129,0.0718344423614778
0.82804777935445,0.204490903228549,0.652008657429892,-0.00319245229550279,0.00375830761755826,-0.0121508799556206
0.895769954746577,0.171150424091369,0.52652165032669,-0.0615055057454597,0.0509890852349749,-0.0373579222757304
1.00521571842461,0.157036169362103,0.543276085300912,0.0132022852253943,-0.0240991779686738,-0.0223928632979234
0.901534946611977,0.203632952887336,0.33430435415902,-0.0064437439130951,-0.00503103035883211,0.00876917650007479
1.01454519208488,0.151469525395539,0.371259571566742,-0.0682026100920722,-0.0843732681060165,0.00774550636733249
0.688946552597671,0.225532463275756,0.298800176367434,0.309941767258236,-0.118690522082274,-0.0733289083794704
0.856191270956062,0.174904757130548,0.484915908211566,0.0197762591116192,-0.0329954230210439,-0.00713508520712218
0.700975712097115,0.210697295336578,0.453460017960694,0.149464503128536,0.0455173246663647,-0.0241177933589713
0.912240354727445,0.179334058865581,0.559993556265167,0.0121371837290458,-0.0274559301394033,-0.0549188337402047
0.844534604118624,0.208676460516952,0.599047784417298,-0.0302160797126255,-0.00735904987595404,-0.000945520536697403
0.937611038019828,0.195904883745847,0.412991010334165,-0.0190945906394413,0.00710481912036657,-0.0429451536963739
0.758137837125961,0.221329102644574,0.494944542354653,0.0999055170618492,-0.0495155523663368,-0.00516302285517883
0.987344603826878,0.168391211185296,0.351054922269376,0.0677484018171812,-0.0338258052079313,-0.00701170731611232
0.769628885787467,0.196340864099026,0.0321891624811482,0.274940979881849,-0.0881606349908228,-0.00682906431968132
0.958323180908562,0.159685715716713,0.566151148226511,0.0000398447843817651,-0.00615878030836879,0.000867692742964099
0.873713826671854,0.204313328889113,0.510704624730225,-0.00559550949116364,-0.00756459637967915,-0.00579088124760076
1.04460267944817,0.1489191493865,0.493620531896085,0.0305566363825315,-0.00935326316075723,0.0824998099262193
0.724063778187262,0.209514776465791,0.359902140060446,-0.0003981863460874,-0.00614399175060232,-0.00908487447237808
0.90177854036184,0.186026042886236,0.503752679044238,-0.013148164796307,0.00313473373401537,0.000261614451636167
0.913069256690523,0.184786205008475,0.413972934734062,0.0287597531887418,0.0232396683681631,-0.0288368373475759
0.848976838752473,0.20666780325435,0.605979785877122,-0.0217321521690487,-0.0692636102556662,-0.0451166713782749
0.989625876154027,0.179555525873812,0.436619572790604,0.052763118660229,-0.00790695221539276,0.0280795375453654
0.669266295553268,0.266924415084988,0.399433977901009,0.0209855091615493,0.0177130248101196,-0.0834323195229911
0.887884663916063,0.195209858789517,0.574031562537976,-0.000658759617383868,-0.0182547565255051,0.02116496664267
0.83270433909387,0.20923996777391,0.531978779391654,0.0397269032241431,0.00192628446379292,0.0227957285206935
0.721283904036716,0.229926727062073,0.62078997768248,-0.000594580182839029,0.000116727822436717,-0.000925658153730357
0.908684161157261,0.194222784757536,0.359440424394655,0.0624468013695182,-0.0919468999163065,-0.0691652972858751
0.924349757011959,0.19105655931432,0.228819026005317,0.10913674736655,-0.202919535387383,-0.0264245840967754
0.888010927425046,0.205961453942477,0.0440160774134837,0.0861700698049985,-0.186794993149652,-0.122923587098192
0.872868881546808,0.198120668014732,0.57903758924929,-0.0299292456443196,0.00780896416940975,-0.0462082752612656
0.834488536257382,0.185677133010922,0.205061429577489,0.168539212339506,-0.0951150790746769,0.0818447102545124
0.967330031742324,0.15812441763012,0.456280697691,-0.0108244689183971,0.0787722649636524,0.0703366362796878
0.868350411565232,0.199422407184462,0.491305273986853,0.0214861101399966,0.00881257294989726,-0.00670770093042687
0.83113900936617,0.211674848067046,0.461394736810323,-0.0148018775073352,-0.0495038090620675,-0.0253645030985881
0.798477399584077,0.209971224464289,0.584021411365284,-0.0199062615124155,0.000534046427608997,0.011311617192574
0.774173850267565,0.222022442241316,0.427967899961086,-0.0174771914385731,-0.0632740428708128,-0.000235004239662515
0.850692114961975,0.197491715417821,0.615994350355272,0.0438482452187084,0.0148010897683905,0.00217352429674932
0.705858826565023,0.217970492891498,0.511325046870008,-0.0121605767311716,0.0917573679336316,0.0456487597612664
0.879873660972406,0.172907452470354,0.368168316033445,0.174541230920165,0.0372786706073682,0.0475714760342136
0.681182314743079,0.262816255275359,0.652779333061443,-0.0181746216955183,-0.00278866513479473,-0.048563765970759
0.842210944237836,0.20088423883633,0.351675239508099,0.0322072875736851,-0.0659734499616097,0.0729371590271956
0.856806569096566,0.191740483945536,0.415634902212224,0.0368504607412978,0.0810181100690719,-0.0577994967263483
0.994355973208438,0.158811968220868,0.306424116013373,-0.000610458805900359,-0.0347531220695662,0.0137216319732185
0.892743846715277,0.206968194582816,0.336665095632904,-0.0131999788023703,-0.0919745686729386,-0.0553074934725206
0.734713673728753,0.215341266109518,0.447277219647011,0.0187458575728352,0.0372292819179159,0.0311656972901648
0.750971580379726,0.185761718867589,0.612457656875928,-0.0698477086872802,0.0980314217118775,0.0625539929050023
0.966604611492551,0.156873437076966,0.496304113923491,0.00193732421719898,-0.00179271860779218,0.00345938324765415
0.758686595486826,0.207006032921827,0.446488142020299,-0.00432558037829371,-0.00373067317727842,-0.0555362887722637
0.841002510857408,0.19177400472923,0.223038654276389,0.24956058775195,-0.0372136618083124,-0.0565595991139368
0.845111709867033,0.178079706510799,0.214114659451723,0.176213859665337,-0.174653727245533,-0.0324475267359491
0.863026466873036,0.192213411131512,0.463834103081111,0.0507203116380565,-0.015364573973301,-0.0548986494097869
0.631092788007244,0.257825143983126,0.605474387377207,0.0727592759277187,0.0525953240022675,0.0706226030009835
0.755976205854854,0.186760790917347,0.368400728954774,0.232575028275412,0.0434960353447617,0.0546634254388277
0.880672035015891,0.17498172737676,0.501159388038255,0.0522379759823746,-0.0445051747807351,0.0191512140082592
0.802711620745736,0.19379095933524,0.624750786519301,0.0474815838363156,0.0864369092025306,0.0415799460278965
0.890228844673954,0.191599261903499,0.733256372249113,-0.0107795031023548,0.00402703409489605,-0.0018302851640502
0.908946936138912,0.188400397841473,0.313095272490788,-0.00655846701134029,-0.007211395265013,0.042305685568734
0.977228457572784,0.174054370413127,0.532702221356666,-0.0137280640008789,-0.00786003496678429,-0.0556129438761873
0.758021750286574,0.219594282401398,0.279410074838137,0.036897332114031,-0.0201051103625418,-0.0265881906416685
0.98211401242856,0.15411077247456,0.15119643486427,0.076613993774466,-0.0567469150308278,0.0519210893033449
0.695733359049381,0.227019039392506,0.653816607154322,-0.0000329472395432512,-0.000204973381323242,0.000578234412782377
0.943482532886583,0.184477132454772,0.4023565410725,-0.0378474056210899,-0.0078305535328052,-0.00980858415497257
0.765898620043022,0.214190101517019,0.194471614087698,0.177219822967962,-0.172620084312545,-0.0179724716062797
0.779585214074591,0.239071199406447,0.211497235677999,0.0840508818154919,-0.069087653754077,-0.174139709833317
0.923048913193134,0.169036416576579,0.528868652654926,0.00419940324962649,-0.000854739684831239,0.00643003715455705
0.799480030582312,0.215363159782415,0.465792501113464,-0.00384761061174625,-0.0400904646499493,-0.041249454403943
0.920685777724845,0.172302307855243,0.679497886518475,-0.024216467195812,0.0739869268573115,0.00133644305632205
0.758320454519083,0.22055651237003,0.322058596975575,0.0428387728733514,-0.073677955359129,-0.0562485343810252
0.807296225463982,0.209323816265972,0.471056011699629,0.0388061969295162,-0.00639753976303698,0.0252190661660513
0.825311159145577,0.235430687802125,0.585080128263297,-0.0478717450231544,-0.055020219219363,-0.120787199774387
0.806588072673261,0.200463228646029,0.614673672500421,-0.0267341746322718,-0.0371378459984131,0.0367761202994908
0.795258030452831,0.220722897724235,0.400236029336629,0.0159693162049238,-0.0237998007019076,-0.0131478597953987
0.815443711371761,0.203218607011698,0.41820440826212,-0.00703023135134426,0.00612915849866918,-0.0468542714726544
0.812829167239203,0.228456714877545,0.269214032488212,0.0828211948351275,-0.0976172424432856,-0.0584555968736326
1.02216931210579,0.157960601216099,0.563043092837142,-0.0580131381755436,0.00479404981300837,0.0332197005336166
0.917839270585127,0.191151153369363,0.594021889530148,-0.0216130617448529,0.016681690025814,-0.0607221572414064
0.710896273388753,0.240766882632547,0.358159477727466,0.0154871388583244,-0.0185714638156476,-0.00412471795719535
1.0469297239455,0.129512592800561,0.690752047719554,0.021537350137829,-0.00169630450390565,-0.03155267022461
0.888287078249228,0.200879949435544,0.615253866772882,0.00800515498419873,-0.00101199732457608,-0.00558452934397961
0.785557622632273,0.206970290412568,0.507811382327858,-0.00623420206800312,-0.00599363903410038,0.0165534690415317
0.759921509123967,0.201046403227674,0.230260173187752,0.271578718259387,-0.0877132939671471,0.062058278742932
0.865613034017165,0.177732831158023,0.274150842721151,0.135312821794884,-0.071102139446421,0.0559649392932764
0.662994295990264,0.254279050707395,0.576413169373759,-0.00601147161623122,0.0197277085580762,-0.00411276439169914
0.745157721022744,0.215458164298242,0.686782342704866,0.0554929580374855,0.108677069830675,-0.0182947532888608
0.715025399008987,0.203017364384352,0.0724291183218296,0.348098646339168,-0.029011360055142,-0.00989047101254348
0.725492676575618,0.231539470123503,0.487987455123096,0.0344978970119195,0.0282520933226969,-0.0410588314570119
0.932878716107251,0.171681389905636,0.578844629448017,-0.0256205771485353,0.0675632355128203,-0.0388393591069844
0.908214599445297,0.168530656729965,0.442803499881327,0.0390475423716727,0.0226485512974826,0.00922751217806783
0.815994448799445,0.217576034623561,0.501345471434969,-0.0122865266237825,-0.0245119016566109,-0.00728679966764897
0.819375850738599,0.170673235683571,0.167814858328538,0.182208459426208,0.0683257678264376,0.151838963151167
0.845991612922232,0.182519541761761,0.590020446053977,0.000115393736752453,0.0128241907261462,0.00312783636891571
0.854357850811209,0.186650970848948,0.494759749687532,0.0589600245148819,0.0749486466973439,0.0759038587239227
1.02553443830322,0.16032124061721,0.587153459710229,-0.0638619953461874,0.0259218436622112,-0.0755674510900252
0.830674880377086,0.201993677939684,0.497755698931846,0.0220646749242708,0.000418115607074292,-0.0135157015885521
0.951394001121223,0.179633699913558,0.58501985164431,-0.0049363328002421,-0.00159271700158941,-0.0038831296414616
0.916912262354151,0.193262201192021,0.359801514589735,0.024837227107581,-0.0396946428071279,0.0289572437799367
0.924691834263945,0.179292953054043,0.453495080798582,-0.0435480311775277,-0.0348150594016212,0.0461469246097355
0.734263424481733,0.235743653750146,0.403915386889279,-0.00569595956742351,-0.0672974003895738,-0.0362498316354592
0.842571621517147,0.175781369660776,0.225911973788915,0.131633409445868,0.00467962621967968,-0.0034616736771467
0.641606986530094,0.261665845765177,0.465507911427199,0.00561437712672715,-0.00197186776497543,-0.0133651092707106
0.97042170895198,0.178235099097756,0.479833764024454,0.0216841436507444,0.0233044984712156,-0.0422542343398137
0.935725343387738,0.187535730123947,0.398036970237947,0.00263772675752438,-0.114890335431395,-0.0221305773880229
0.847393809244882,0.207333081682147,0.482331055877977,0.0520387990216657,0.034868556440624,0.00224588800299643
0.770346792984308,0.215571793710608,0.438239692455642,0.0204200400349336,0.00619080168580126,-0.00665833241552202
0.868323943201598,0.191098102569074,0.307249946581105,0.0749019071241864,-0.0200770168513123,-0.0417065171672677
0.91921701528192,0.17340420718711,0.41968591774417,0.00285985331063163,0.00105181446988944,0.00379814087188383
0.962861980116264,0.169001202416775,0.321755613160643,0.0670155717063124,-0.0543884593227684,0.0137949560480601
0.823110355089639,0.209572787687484,0.499250647277286,0.0141575705259173,0.00030978653716161,-0.0129088630659082
0.530455911868196,0.242447637992073,0.341968245875521,0.159404014088496,0.0510482097946307,0.137632719082719
0.857486253615156,0.194423638654513,0.377122365387017,0.00641581821081293,-0.115425711796327,-0.05886434803304
1.00069188602515,0.150658479379064,0.0906183894848784,0.041240933105234,-0.0889951046225345,-0.128634254083793
0.70902313893582,0.235690832845553,0.497856519506416,-0.0520581480900778,0.00733491078395622,0.0162847946836427
0.965681546975506,0.1674025214428,0.469945086964157,0.000107091009551582,0.0510184035705407,-0.0575137686925214
0.931014797388916,0.162893732272634,0.329560732348684,0.0480252421542189,0.0772113585123988,-0.00976683321435221
1.05853702065468,0.205436210915887,0.941185397677409,-0.312617512451975,0.000506460307995905,-0.145778380458376
0.877687220330501,0.200062571849325,0.503917269501319,-0.00195552854607754,-0.00333601533710626,0.00267058785834382
0.866001381991471,0.182790144280098,0.57915478311817,0.0113598863885794,0.0205920883254024,0.0169831032810503
0.949531511306428,0.161061978027604,0.692243426507382,-0.0362942160186836,0.0542172861418594,0.0796530348256826
0.871605733208012,0.186675367132026,0.566636204179717,0.00578615024365698,0.0392720773154219,0.0216351241828854
0.835982033301091,0.186015306136592,0.444442884306526,0.0478421146267744,0.0156784237238551,0.0602932073826582
0.983224228002002,0.178456419090387,0.593077511496667,-0.00105990943064915,-0.00112179347352655,-0.00592304765032836
0.806906003563915,0.213975704982363,0.538277765195863,0.0130442135593774,0.0467246753535243,-0.077339727612233
0.931412693137694,0.186094007542629,0.505510446640064,0.000495317092879101,0.00137162737916333,0.000102158243863431
0.84727623505402,0.186893510937342,0.472589999276907,0.0256141857798606,0.017509903524072,0.0534990260283336
0.877781173829143,0.192531944004962,0.333373106414086,0.0267284753075884,-0.0321397618589541,0.00647280381392351
0.770458387377284,0.226658434253462,0.751874736368957,-0.0188182691360068,0.0111822782279033,-0.00191718872327522
0.697250542191411,0.224613871758924,0.424666395714918,0.0985554338878802,-0.0529467020219871,0.0213836318069506
0.903259975422588,0.193612564390165,0.616910132126066,-0.105774326723136,0.110711768449336,-0.0678746965281582
0.789894217452475,0.166199889939257,0.149332845170902,0.269202419620147,0.0085356585194536,0.183276433141978
0.726841592845763,0.216077598512061,0.339268495344083,0.0134300934014312,0.0148984646778741,0.0456589059635499
0.708983475001735,0.217541995181061,0.45959747997398,0.0407098523033861,0.0132965826548903,0.0165892417910384
0.851534663339507,0.212852505308582,0.388197501707919,-0.049558645147508,-0.0658997823955109,-0.0764865850166712
0.831896766157536,0.229731871145418,0.404021401163258,-0.0379017803764337,-0.152349840594835,0.00975339755695854
0.817790912103829,0.190303590212411,0.533511633614588,0.127997045071872,0.150039091100014,-0.0422820080282026
0.917403669369951,0.192107629530416,0.559067939967448,0.0031477199253599,-0.00645560772293757,-0.0492707261988988
0.721192272168555,0.222778043782466,0.494659356411007,0.0598421783554463,0.0772674744963153,-0.0495149264735039
0.73309980695884,0.227592505056665,0.534869202692041,-0.00366031994327743,-0.00975625420786199,-0.0328751875731641
0.762697762202786,0.219417050723496,0.293197466786876,0.0234367574647806,-0.0763493338815345,0.0256656226320815
0.762678421353315,0.233547672455389,0.450509115664884,-0.0422614410308871,0.00221413713300131,-0.0066075732353915
1.16094989350536,0.169621527630087,0.301048949619163,-0.111717758854022,-0.232332696155203,-0.24695167654864
0.903737581053298,0.20418870635843,0.700136468672595,-0.0504773688688361,-0.030031029044429,-0.0678664805913165
0.719612085496034,0.231841440521808,0.430041536694795,0.0247600138299664,0.0191030861116201,-0.0134677483983593
0.732087488452624,0.213444664191574,0.61084493569306,0.145885733301952,-0.00838263807920255,-0.0202955860416892
0.662754268168107,0.22421694155934,0.348981853063977,0.0606317559014835,-0.046141920784852,-0.00000592082488855484
0.83609199354953,0.208946181070701,0.49896996419764,-0.00638267876775557,-0.00945267949034775,0.0176739597784263
0.822395359033417,0.194864203886521,0.458609446628283,0.0113565841591742,0.0167110519809015,0.00154831246555078
0.677254264223984,0.25169811746004,0.638064567398325,-0.00540924262032191,-0.033566828105737,0.00613521941274555
0.839857373685127,0.214019338142855,0.790352151090979,0.000345570708193536,0.00423263673446426,-0.000267559073708934
0.866973460551016,0.212022739915248,0.638803226637373,-0.0503222091332192,-0.0551159518863832,-0.0490745428225014
0.969317782057432,0.183875611725884,0.529500821556374,-0.0124428148454691,0.0467296111696578,-0.0351814378015904
0.826021460059147,0.152491327806478,0.110923256015502,0.157536840934445,-0.120779888428654,0.0330728810357786
0.798060689326801,0.215882493941595,0.66144750379811,-0.0442754756000008,0.054748921634098,-0.0283563180303674
0.639545525005147,0.229900588170263,0.47501891211998,0.101300125922111,0.10169539370998,0.0261127089821548
0.90502349951775,0.18654402812275,0.421135128507824,-0.0225459141759728,-0.0535809672010904,0.0392204350463921
0.77124421478258,0.213154869997108,0.450718905992572,0.167274613899432,-0.118336285974023,0.0588694523647358
0.732358513882407,0.222897759280427,0.265447308836938,0.0405667918849728,-0.00985800135418574,-0.0390900003643562
0.941286988301721,0.192579794128879,0.432243122569684,-0.00733604110129354,-0.0100639571535174,-0.00377733086725192
0.888066782941813,0.200929515293423,0.718714145942412,0.0114010253290918,-0.0809721206165759,0.0357024628013316
0.781175422013708,0.224754742054625,0.707099626537705,0.0282527376657307,0.0727111669250521,-0.00271372163736271
0.982025559147545,0.159266416249172,0.21674400004915,0.216280305474973,-0.193512328879698,-0.0324670325538241
1.00953343224641,0.181974653311636,0.218734483585417,-0.0018699290305988,-0.0761367712331816,-0.230408603761081
0.99754473187752,0.170857830199923,0.72587702109658,0.0211113000785609,-0.0254862432838777,-0.0409213526176058
0.766134501707693,0.216998177185063,0.629748740358206,0.0258248320728784,0.0118996581229143,0.0241254263023398
0.918458309877094,0.198844173554542,0.671270511994798,-0.0995650953273064,0.0170091303574718,-0.0867510167592223
0.888315445745478,0.190194879080389,0.569887798447403,0.0210917058101747,0.0154164614413444,-0.0530354669414324
0.782798778065107,0.181782415682001,0.441422542337856,0.0787238154348965,0.0650488324590706,0.042695087816197
0.979711224459596,0.16365517623626,0.36711965390125,0.00466989526423991,-0.00200204924755922,0.00588981270079385
0.96704580157564,0.199247151574087,0.690676720366518,-0.112776790348462,0.0613383715002416,-0.108337352863715
0.821471921694568,0.214227747056977,0.182395793212176,0.0499974359305553,-0.145088235605341,-0.20951319331055
0.935750213824407,0.168477668430447,0.38675807718879,0.00521644320351283,-0.00658929394993342,-0.0205486302647689
1.09128898590687,0.143669390326757,0.550738415273165,-0.0000270699025402031,-0.00778023586672395,-0.00435971003895053
0.751832568399813,0.207132997198222,0.387590097016116,0.10991650336594,0.0559306438869347,-0.0359430452762791
0.927062863280092,0.21086814192911,0.506297029020178,-0.0878708992226075,-0.106874574833264,-0.151864026577218
0.815410759829399,0.220515962049563,0.256197390113196,0.0441405652616814,-0.077624175072336,0.0094690277462599
0.914279093405454,0.183996122488697,0.351989593250269,0.0283622625351878,-0.153656323158477,-0.0506705149613036
0.825910427220252,0.21795521676529,0.446058136220558,0.024738383439454,-0.00645419455852813,-0.0510969760640777
0.549141896047668,0.27324228040476,0.598086541770577,-0.0118397483340405,0.0221175096005611,0.0070407840011292
0.710719542770923,0.224161746222818,0.560261681171976,0.0888291872625697,-0.0699878756464214,0.0203248221665452
0.858889353675764,0.16255306316123,0.206573076258323,0.281969247213122,0.0431083312498472,0.0956391440210589
0.779434289735701,0.22840329388224,0.440810954117942,-0.00730365618593894,-0.0212424266175869,0.0192930302141301
0.797148821783386,0.1822504425036,0.220629956014348,0.274235146860719,-0.0640117705191529,0.212522779020561
0.870696040388419,0.231639404135697,0.684247866094833,-0.1549222255671,-0.109872955765432,-0.121168236544239
0.755378429409277,0.220730486787277,0.67827292746771,-0.0214195473827336,0.00789077729963207,-0.0399220061200929
0.882835740310004,0.191110267059431,0.542617010640845,-0.0170346111109313,0.00463168026668725,-0.0276906782033925
0.931294322952113,0.193152566933577,0.486879277311326,0.0606806387164151,-0.0185866934659711,0.0758702013280865
1.01556925216378,0.171793861066629,0.191158597037267,0.0878295231214999,-0.105730576177358,-0.0551861133591305
0.831202920337837,0.205704625649968,0.34914184874818,0.000426640596511059,-0.00986692815457486,-0.0194690148259489
0.960633740948574,0.161993378522975,0.567155509691719,0.0403316979579053,0.0492551324062599,-0.000859188429002981
0.978896079778614,0.169162699635406,0.275691674612974,0.00005727097725387,0.00123039425169734,-0.00164633680552089
0.717296232962986,0.225472499119093,0.460787741142991,0.00322103280334203,-0.0122276775394338,0.00707829666330058
0.625529286063599,0.220484182260715,0.20868119809644,0.0050315005502779,-0.030911390904601,0.017367709754904
0.786740696745295,0.226931033891843,0.494719584536017,0.000668792557257679,0.000992420209637125,-0.000675537172728128
0.898533981751098,0.184954325831154,0.470395933847144,0.0793058121017575,-0.0539474376136033,-0.0432780658068711
0.860056779470249,0.195519970837859,0.447524312420728,0.0617206708143512,-0.0311641108224495,0.0576066089666072
0.984788171217851,0.17824613961697,0.578300908266617,-0.0175276683803006,0.0254477864366038,0.00485262534953795
0.944013625726243,0.161955823442593,0.272189246828758,0.0287581361743593,-0.0246602718447722,-0.00385277542064604
0.900325885472172,0.195018635423614,0.208459130745456,0.0660199363534523,-0.015507493175998,-0.128890659269393
0.79475431450554,0.170746485122124,0.145286271786015,0.416245325366814,-0.0088431412680698,0.0835273350326838
0.891788797001039,0.142865017666293,0.318893066798575,0.292301138656361,0.163941616624123,0.102283801016735
0.839867749737355,0.203866443189904,0.426672369331872,-0.00937334750333478,-0.0214249193948004,0.0252772780922786
0.888743311814553,0.207975952216046,0.480581590201058,0.00489906285974306,-0.0464092979882358,-0.158630987301192
0.725066660798199,0.22815196234845,0.612549112961892,0.0557817274717313,0.0116757214811766,0.0331700292992502
0.763426040496402,0.204616206961243,0.737343842575782,0.109134080741155,0.0442349720137864,0.136263241551535
0.819955259030344,0.191323912612466,0.370974767780452,-0.00277837366495091,-0.00856800853348665,0.00258490801764305
0.776938971239669,0.214601246787489,0.617767044374104,0.00667843979586323,0.00528371664558816,-0.00384737499546821
0.856904889868936,0.168095633985491,0.678118055826975,0.0111811422394949,0.0102988485059824,-0.00273803674853909
0.768094240293415,0.177712651027634,0.0985721921554283,0.438578688500962,-0.0490072257187186,-0.00117441647568209
0.864714910940156,0.195001304765033,0.505745997042556,0.00531456480752729,-0.00501482558040666,-0.000569373804263071
0.585107494159466,0.256293909972987,0.569534143940916,0.0748814107432652,0.0356887215069046,-0.0185947380030601
0.898968992111338,0.158640644700132,0.164717796834733,0.221081198881478,-0.0547071407024289,0.0886707309323626
0.977810315199976,0.176995046766579,0.405889463693862,-0.0195515328397309,-0.00638844811389663,0.00938388436045179
0.658946875312815,0.215084089900529,0.486930059220842,0.281558261662169,0.107158926517111,0.0696363905326495
0.857101578700024,0.183818051051971,0.446087175141349,-0.00665954147680648,0.000987440653826812,0.0116639714182914
0.775470522440493,0.194290913161266,0.483726274269698,0.0638706761319408,0.0266671919967661,-0.0381311858303037
0.850252643975208,0.196920957771614,0.519478134185428,0.00690600647641674,-0.00271387133548553,0.00304067721137764
0.798189897700921,0.220630139945974,0.480135086997634,0.0160151135849453,0.00376892907315559,-0.00383341597068362
0.944704322480852,0.186743573215153,0.63338555440894,-0.0174195221474595,0.0273647611060694,-0.0921175736337914
0.699821767564712,0.222268108962587,0.654567381273886,0.0431095296831086,0.120461558738269,-0.00672519249486002
0.634105589864797,0.254415766043175,0.535552904949521,-0.0127397439430807,0.0310044701167485,0.0332124219412669
0.767001444188611,0.223374554036462,0.664674805815112,0.00689842960801348,-0.0025879234686972,0.00159092905946836
0.866421883032752,0.190392391055625,0.468427804694751,-0.000827467787847055,-0.000126611586397043,0.000702773318179563
0.871856269522614,0.208336109020787,0.377415339547181,0.046164356002015,0.0397533982055198,-0.0713421823452625
0.914706979416672,0.187897227560149,0.503906753687874,-0.0555668464568277,-0.0984476502751222,-0.042640580705025
0.789539874664621,0.20589803362263,0.227209545762178,0.1654786624922,0.0161370619549308,-0.0369453642506627
0.942524990274566,0.162059910882493,0.257015264595568,0.114639938043027,-0.108781029138412,0.0207493673187842
0.698042752419954,0.216058919897269,0.266643584748898,0.0974132458335161,-0.00405832230246456,0.111497730888693
1.13626955103381,0.144337099651267,0.835627193505941,-0.12364606405061,0.00685790719882068,-0.0372743571033036
0.779681638676874,0.200039616946232,0.504240203160803,0.0176316649898733,0.038509789184853,0.0121227610417655
0.894057413041136,0.203555873391616,0.436091485303213,-0.0483106608196495,-0.0284710866813008,-0.118457354800265
0.78038608065999,0.195670398221729,0.454948649682637,0.0367928990690233,0.0922204215841523,0.0571132788238638
0.929348104890894,0.159709893478879,0.598069099522474,-0.00751745703283356,0.0402790850038368,0.00401537808152408
0.927883804335414,0.160295125798495,0.414596660303702,0.127013655908164,0.055563611655457,0.0558950063165548
0.85217338360073,0.185618559245279,0.362557900639839,-0.0115661442057023,-0.0385522562932809,0.0243763620583148
1.03397244371487,0.15496911344822,0.30793868454721,-0.0350137473016726,-0.0770450319891417,0.0525512714018839
0.684714179561795,0.264946063176448,0.644568435469287,-0.00688746069898528,0.0151365546560359,0.00363809562222196
0.870611840792552,0.195332642037607,0.417105057219008,0.0121781379996656,-0.00414526786816509,-0.0311248254653031
0.775700096104209,0.208538146016035,0.605727046463728,-0.0216195748269359,0.0010701587360617,-0.0166544307905475
0.8149445352642,0.189910870112917,0.784964446147782,-0.0152243439403194,0.0201908901108407,0.0064555982927117
0.874163951266643,0.203533516384111,0.322350830157668,0.0351626345214283,-0.13897570209831,-0.131450052232052
0.848591002762386,0.191573953859402,0.536445230037076,0.000473039337736321,0.00808535302742586,-0.0102047437215875
0.751944500934629,0.194806499822844,0.333217122385319,0.141867336759379,-0.0671508186292301,0.137240590651994
0.957563998496732,0.16073017138975,0.305697121031316,0.10743100921706,-0.0863089927460208,-0.019859498021653
0.821011539860972,0.209931335326016,0.508787033515391,0.0551747284835773,0.0253071065316934,-0.0259163732082294
0.924088644217631,0.18904980191942,0.576653506047349,0.0258053526352655,-0.0344900194448565,-0.0509150188099611
0.961857369976834,0.162515107213542,0.282586371763212,-0.00146323717016678,-0.00173431254218451,0.00562429615551817
0.823615402286849,0.179995961828836,0.192940574108585,0.221385152716276,0.0121265306903237,0.0846857874996049
0.88003223943712,0.206524110399509,0.37662827605402,0.0433836083275451,-0.0457275725655754,0.00359384120094298
0.853369895035892,0.195472353492337,0.482994963065171,-0.020100314471627,0.00212543221546744,0.0285883057564235
0.842399947936231,0.164829418247679,0.432043408254971,0.106782172495421,0.0230574739341583,-0.0322047687023487
0.753236426413498,0.210494722740185,0.103376591722213,0.0666990163875723,-0.078975708485825,-0.0274525572579039
0.964611681542101,0.168707026319287,0.550638453032584,0.015142640934956,0.00598807685916188,0.00173130072256221
0.731561445303104,0.228418823172404,0.896880707829415,-0.104050534319241,0.126186374672224,0.079390792913562
0.966295316154435,0.203036201629867,0.543011525977235,-0.0979965769061403,-0.0200375549681711,-0.0726300842931567
0.778671746194575,0.215655701845591,0.540357255107059,0.0134120075031888,-0.0536313892419063,0.0341748001880657
0.921080368474203,0.168185702876445,0.433771309617644,-0.0108026694829163,-0.00160215875768038,0.00981286392418956
0.855617000025782,0.189836918269209,0.479441343677336,0.00817523833601355,-0.00372202932797202,-0.00455395093695398
0.846992530571489,0.19133454363776,0.510660609089913,0.0389979606785981,0.0188138658857241,-0.0366896708071153
0.939002248615776,0.173055663429618,0.527046413047771,-0.00271483303785501,0.020637197962337,-0.0099701415423672
0.864789028601389,0.207895617420579,0.566308348281517,-0.00204444603785249,-0.0350564539284437,-0.0175474654985722
0.940397497864352,0.18339600952403,0.612208246044048,0.0102861149569014,0.021051871954543,0.010607318089342
0.756342137514364,0.214001745916855,0.38297340424644,0.196321410717147,-0.0578747190667518,-0.0189891739353356
0.917201923790158,0.172692119294263,0.561333286858012,0.0673982533396388,0.0157661052225837,0.0722351405559016
0.954669096724138,0.160935343531156,0.350558092096883,0.17563649185953,-0.144157187959538,0.0280475915480522
0.992662508356811,0.149097023107398,0.168476873078048,0.191537453543835,-0.140582935684776,0.0766879448448568
1.02800638875075,0.201754613847053,0.433799986552214,0.0330947749306413,0.0168037330094709,-0.0566253212977797
0.705309773671045,0.222690550652003,0.351899720403238,0.00883809275797194,-0.0065926048388585,-0.00498460277734682
0.903463600151101,0.193412457287534,0.325196519108176,-0.0176628815606524,-0.0787436357848528,-0.0500872304652176
1.01466693600123,0.172534824112768,0.563173168970958,-0.0886485811832979,-0.0260431211181443,-0.0747807728299105
0.812804844843337,0.197973868437702,0.448679497059444,0.00786540768358546,0.000186710167188818,0.00448162715384645
0.862428082219082,0.21005565125,0.289568280660529,0.0833881919698127,-0.111689064224535,-0.0506150316985211
0.671671376046143,0.207343677407317,0.386467586613165,0.183044189887344,0.20819555561134,0.0491333743944072
0.642587492707506,0.191929695146347,0.217813138287125,0.355747572609364,0.0261173454991484,0.166862439408094
0.737335831715457,0.227780542792032,0.632791627681577,-0.0718601157796083,0.00350531214510438,-0.0574924040344775
0.745059476084643,0.232579582656408,0.466215124921007,-0.00440241960900769,-0.00570650787092455,0.0120789844973946
0.808004807783247,0.202752907947436,0.24626476369427,0.0257779834564761,-0.115416382757508,0.0985363223722194
0.806943128016688,0.226392572209773,0.525996782035362,0.0128036835158072,-0.0496216552514378,-0.0440098011356224
0.689774872251807,0.246646828074964,0.407443221765492,0.000108941880533751,0.00000668566870936175,-0.0000664383997355871
0.828599765328896,0.198643812272522,0.491114190673716,0.073930369492605,-0.0468499801430557,-0.138698348499328
0.70722211027555,0.216932830316198,0.257682814626302,0.12394534573751,-0.0224817346201855,0.0342839217350247
0.79531658182074,0.2207479230587,0.173349436695668,0.061329248879777,-0.0653533892915431,-0.0766492046072675
0.813656464113683,0.219193817372687,0.400076584448707,0.0802287648154723,-0.090701561991879,-0.0784700179266297
0.706678372452561,0.237042430757522,0.517677125288924,0.023705234434714,0.0346145817574857,0.00306475880267509
0.746972228668151,0.229688880573902,0.449811279869932,-0.0651505496087505,-0.0481012373320639,-0.117391198038954
0.888335887150152,0.193530049520213,0.650415523623924,-0.016810311318324,0.00742380704509586,0.0261691878327707
0.971955392342437,0.173021651253161,0.316319391765895,0.105068782544919,-0.179686911006145,0.0215287976523071
0.747566333968049,0.226266008018082,0.693275849458294,-0.00169768085130306,0.00473785956683552,-0.00286479756649656
0.871269297988825,0.181921987242753,0.461507197221394,0.113341885351824,-0.0499742887699818,-0.083349399052274
0.913179232562,0.155042347923046,0.245957798964384,0.220610594249284,0.0380610906189061,0.0896465761534973
0.628081995211642,0.264755347104299,0.698735806749443,-0.0447533376444093,0.0421183073072361,-0.0899550054578544
0.801516680950828,0.175174316834621,0.27369748775797,0.108526447439399,-0.0651321167846902,-0.064014546585525
0.780080777638302,0.239415630155347,0.4168875284765,0.0551660103614414,-0.127984451157093,-0.0443463209139291
0.943101102305652,0.182829668362032,0.70543100678164,0.0000595006470733964,0.00201047112156418,0.00326902940953991
0.881619371455028,0.20748310821617,0.48339328616587,0.0159450059071816,-0.0378581204020765,0.0099720044278769
0.999882244616901,0.170650511280907,0.497855208550231,0.0199805001904025,0.0004490695603686,-0.0224896206136057
0.951032109815847,0.151582587349776,0.296091822991154,0.00249250054533604,0.00185248379015073,-0.000478444470061541
0.63328218285639,0.245777670135717,0.379569592786567,0.0161526978424004,-0.0260735126680655,0.012202417825361
0.752677134265608,0.232331770073681,0.419154207722277,0.0178760021703214,-0.116253850703915,0.0180492573011457
1.03595973376655,0.146447115506379,0.267142505045653,0.0503998105546051,-0.161647035679917,0.0623289835631674
0.86995980082892,0.224700200482238,0.244861507054642,0.0589730070487234,-0.242222564362736,-0.111849910781394
0.97463865157237,0.185320230928644,0.647309521926894,-0.00904500005678584,-0.00939172068779295,-0.015181115618148
0.504421076095296,0.276003493353707,0.478610893406443,0.00670007019637525,0.00491868327086777,0.000269570036723249
1.00112514267633,0.162865753846122,0.958185946956211,-0.0369316740962628,0.102259546946673,0.095868798229129
0.833530101616799,0.198931887610046,0.408652703051988,0.00533984609459686,-0.00574039041069842,-0.0379509451210157
0.77470513295444,0.25518609927716,0.296550381715013,0.0854925918283957,-0.124560228072508,-0.168643989372491
0.801542327780427,0.226804092870433,0.553407230710405,0.00443436139782811,-0.00180543719854387,0.0231138067616084
0.884138857435837,0.194101212706634,0.242189942849082,0.0316396261970385,-0.0732381891828675,-0.115490498494392
0.779218100754598,0.240278667838799,0.616268952468005,-0.0210163495701367,0.00429490852117288,-0.0125002294347727
1.1191607412187,0.146621104819261,0.230417462619608,0.0340690269865805,-0.147741714712655,-0.0897028233581988
0.808717362235183,0.222384055547015,0.556683487234486,-0.0395410374385679,-0.0465562281522108,0.0276738167244762
0.889133308004716,0.188485053136162,0.203149969061958,0.0238189969860019,0.025332893122585,-0.0256278510527395
0.863563895038827,0.200577622178971,0.733052522859559,-0.00346528685655859,0.00191999896435541,-0.00152290861806348
0.87298824977776,0.199046425157873,0.417832890232148,0.0870690302528983,0.0382713698050227,0.0385726606098851
0.735968084521256,0.214050495299318,0.45951785524868,-0.00358824423960482,-0.0820098535417389,-0.0676493964084586
0.81578322890233,0.213895480746558,0.516028949900687,-0.0305216918062599,0.0575083503058319,-0.0213810148011928
0.683137070908719,0.248476885131347,0.415901998741133,-0.00745469595300415,0.00493644028162738,0.00813142420302166
0.8509641137859,0.201476255872821,0.609250931229009,0.00211342471385422,0.0100112574886129,-0.0140846153314585
0.923774668153704,0.222419455334892,0.0506290023873671,0.0474339602228686,-0.296769290240296,-0.0931870349800279
0.996340251707739,0.165563156062227,0.0868606455301878,0.149412828379195,-0.237519923513047,-0.0363635426644967
0.731754377603332,0.22159524673563,0.760916511573522,-0.00129991717632654,0.020944669562852,-0.00569703167870373
0.9176807868199,0.172152121589381,0.455413293263876,0.0171394821069427,-0.0972861377414284,0.0498440373084387
0.955418466297259,0.168686943686501,0.744887251699431,0.0138989448879602,0.0535330002565686,-0.00747626497318152
1.05888641414764,0.14265752292385,0.196636850924262,0.00468432232575125,-0.0121994960911594,-0.00796760989084744
0.979803759046977,0.177667651445849,0.395947112238749,-0.0182312247659199,0.0122403726651533,0.00485541451104663
0.903984429412586,0.168570785942179,0.208356665581383,0.165954341413877,0.0779614361226501,-0.0252473124890076
0.85882299058933,0.194140845520832,0.331184208096687,-0.0245234006649567,0.00108966463067669,0.0112927971224148
0.910475824338039,0.16670619977308,0.345448483349175,0.0309053669527469,0.0651521289370646,-0.0392519127095651
0.665880949522157,0.244195351860332,0.521724069477267,0.0137327606247031,0.00134079874751553,-0.0160514990763425
0.816896693412246,0.22013830119418,0.0252331591978603,0.306670299617863,-0.23874753674397,-0.121736991222508
0.813276799868129,0.212619007742784,0.468780906849134,0.0215514649561982,-0.00499560328609259,-0.039724461283821
0.808157283007297,0.204881024156064,0.61696280871887,0.0807468637656633,0.0316564259339989,-0.0296510447635772
0.836395775836737,0.214940680823006,0.468245738191051,0.044211932671742,-0.0120949820748036,-0.00447599564734126
0.911780878908966,0.173340080856965,0.362740992804372,0.119969094081635,-0.0712158074479283,-0.00156902836643471
0.784783717761232,0.168811535037978,0.606486190210395,0.0208536298800838,0.0684151796007166,0.0923918146814408
1.02998452660896,0.155537894275943,0.144897720544816,0.191469404456351,-0.20228880151456,-0.0583541803729147
1.04605619725574,0.132769614988776,0.667481751941316,-0.114743273175635,-0.0506076736576406,0.00648443701324188
0.545085933159518,0.279421867533123,0.627128680678606,0.0441781518451073,0.059691268507941,0.0026320100743992
0.861377371189509,0.198553419167772,0.401026483659426,0.0232254957008937,-0.0089372391443558,-0.0149037016855378
0.960904536268122,0.20366062233739,0.643237762339615,-0.057658095351625,-0.00184769434683656,-0.104341219095697
0.81290068697292,0.188636952898898,0.37246540109473,0.179427445790062,-0.0303338417190742,0.128078164783592
0.892356286176373,0.188103637585147,0.490253923019796,0.00200492223459848,-0.0364769251007226,0.0117295771866887
0.829398248168213,0.202089878649914,0.655029855273288,-0.00125288298533425,0.0089616491435966,0.0262432157323591
0.819767709146648,0.227600211756932,0.442803140700977,0.048999074767631,0.00487516281477363,-0.0750230546297764
0.760500305043109,0.235664150508923,0.394399637266865,-0.000959567184762068,-0.00511289826732466,0.0115998861904148
0.733745936703989,0.205784044305491,0.514362938096889,0.0391737985998353,0.0361487480793862,0.0764248186401103
0.735326783280086,0.206916067055844,0.362450051331392,-0.00019458814596653,-0.0242156606290106,0.0674517221943309
0.804588292555889,0.205208324899141,0.0353992973396371,0.31111237289761,-0.118423600982053,-0.149652855884118
0.715834576814814,0.240375128292843,0.328797767691158,0.0304075183295655,0.0136749051181174,-0.000557404443816436
0.820330212311242,0.234048708158696,0.519075025210075,-0.0668853316951274,-0.0294510879442996,-0.0597587818750054
0.902834500097693,0.18547634231643,0.610572375826084,-0.00279457646244019,-0.00502851152153173,-0.00898882348540163
0.958691235281937,0.170150750391086,0.507252883762523,-0.00306152694684454,0.0252941637680695,0.0210227515996723
0.860944608843929,0.204192393851601,0.494578359685167,0.0422060079599604,-0.0408597984732304,0.0248438374564019
0.913581551234272,0.188773191587424,0.186809370031977,0.0822956874750333,-0.0691108939607859,-0.0398168312927026
0.743258525929349,0.223842582209156,0.198569827751258,0.113463617496079,-0.168145386595606,-0.0311815871155965
0.840518099004526,0.186207386118001,0.441022118504301,0.0179310561660425,-0.00272301511484365,0.0151868920327941
1.00839051919853,0.178801693539462,0.628226334918422,-0.022016608485286,-0.0487814311965993,-0.066451389282885
0.863127409606106,0.158674760445826,0.21792376528654,0.139582043057753,0.00115172106348913,0.0913551354440711
0.862333275233391,0.207656618838982,0.355845647605078,0.0359383452028219,-0.0819312375028419,0.0366395864898021
0.925540998675537,0.18188524204313,0.0747441231753033,0.165377858461977,-0.248334422048178,-0.128090852010296
0.786703948345712,0.207506732262428,0.448722233990899,0.00265271835682761,0.00454340630688154,-0.0128560987358551
0.729131082586244,0.205246566366199,0.16597054033372,0.242602761520565,0.00964552059924669,-0.125026224730717
0.796535481857139,0.207716273787694,0.575311314468899,0.0149477753322707,-0.0486129046567097,-0.0863380270100269
0.864897078210491,0.185418633079422,0.272319144913375,0.284645102176012,-0.0413384289229585,0.0479592414835188
0.885016184405048,0.181591831025722,0.445137868093517,0.050363070055557,-0.0186773480906077,-0.0160783163961727
0.952677831852298,0.173991517667233,0.620275585458914,-0.0491994189093325,0.0130122747237874,0.0255046545917323
0.751038704412426,0.18018385244492,0.214715951020851,0.253207710834699,-0.0320586984940721,0.0431069428358065
0.829979364932955,0.213204502428871,0.774314876503801,-0.110423090620269,0.060423719340131,-0.0276634146536871
0.834743309125978,0.208976782472062,0.67895257684226,-0.02573869690148,0.0295409432683819,-0.0228973347752957
0.955683191566455,0.188922261191499,0.52406342241244,-0.0067052470246276,0.0123082189680928,-0.0120328678415419
0.816200214546475,0.162029334500629,0.567828712917996,0.122631400921821,0.139455194163238,0.168742070259485
0.864524785222493,0.184319069974402,0.642171386537625,-0.0272322351774284,0.0187404979895575,-0.0096885989422702
1.05662549097157,0.13666771904747,0.624115445269972,-0.0285640477708087,0.0717367652195215,0.0275057785158726
0.917617448317362,0.182892658914014,0.373505292979471,-0.040498210616075,-0.0341436117501572,-0.0234289832328933
0.661387696425331,0.271286306347457,0.260882746103337,0.212737263689998,-0.143545194680513,0.00746351884201318
0.871323114985994,0.163632781369999,0.0278693267482026,0.238439457279363,0.00380655893627658,-0.0761603874947266
0.734604411345808,0.235479879679448,0.484323567952099,0.0254509165003329,-0.059581491818647,-0.0164124956199878
0.897990002405509,0.179065695428826,0.585642530411142,0.00128854566110401,0.00597316316236184,0.00389910897262362
0.936093422375991,0.203789287930165,0.172673567901224,0.149237161972726,-0.240148437881852,0.0418808550061004
0.764518777256449,0.2079073510337,0.266002283296983,0.0616669996372432,-0.15130788472094,0.0310658628334858
0.874326190142299,0.186473250921912,0.436306389081478,-0.0323797642959227,-0.017257296613364,0.0306770639241425
0.845024603693713,0.201300387165409,0.316176054761367,0.181956438065954,-0.0691772274251359,-0.0218288006390155
0.681211224272435,0.222534538178909,0.0594899899403762,0.257587566049994,-0.0729835969212711,0.036968805269595
0.805187805390056,0.198824046834344,0.570773624057406,0.00360892703258529,-0.0000479409538155036,-0.0233459461432056
0.899309223355901,0.166921365876013,0.25305786615639,0.0137797498552509,-0.0285952926189467,0.0356450706190058
0.844247570177425,0.213179695626776,0.584354665601265,0.00718087097055763,0.00564043063015231,-0.0124200180165076
0.826145476724677,0.22831320709232,0.543350837829352,0.011011679329864,-0.0677635457459381,-0.0406785639376382
0.850079749462009,0.255369184356656,0.32766041957245,-0.0534614638950024,-0.256205924391216,-0.160229145226584
1.02815082178338,0.149823276331413,0.157260086421532,0.0507909979955086,-0.0583370270817005,0.0197117794961008
0.919558064797407,0.187216550496731,0.820224000722145,-0.0777099932223887,0.0855430140284583,0.017498933958224
0.961319126963711,0.194750268050601,0.559532913654313,-0.0169191498094765,-0.122589254561588,-0.00646004504618732
1.00422213731724,0.172814260305319,0.38245972777616,0.0365655884713044,-0.0901426513985283,-0.0145214028195736
0.787354398252509,0.207957740791804,0.404898771217617,-0.000661975883047031,0.0000973947158296568,-0.00106950625708624
0.809849009949357,0.160562791520651,0.871653256941934,0.154044756089192,0.149977194370501,0.0883571569618136
0.865901326650894,0.183514451659561,0.743237967431036,-0.000452401102063431,0.00154427073610311,0.0019676130021015
0.844184130401219,0.208440200333044,0.375651216028262,0.0727903840762508,-0.0223053006754719,0.0607675835869938
1.00279423797745,0.164335600990594,0.212295134593482,0.0453432390896968,-0.0782876437484134,-0.017912437763865
0.938704531417573,0.171674020073057,0.359294105191622,0.0785245596466737,-0.0697006325123275,-0.0432152982599875
0.793211090409006,0.19649542477878,0.284188562976704,0.140058941748688,-0.105656057470956,-0.0164677825995052
0.809096202688682,0.205522777098254,0.390359825377701,0.123891755103638,0.0635466371988969,0.0287392328730537
0.933496223699149,0.181551420094348,0.629214020166384,0.0661737512210207,0.0333297820603045,0.0464866640951621
0.861767548627291,0.194338776054076,0.387157979721116,-0.00294398772235999,-0.000453925320307505,0.00271195164199064
0.843645660344267,0.221258851352437,0.605683258648905,0.0167999491921361,-0.103889229451053,-0.0547065685597475
0.952042483209363,0.179406281716126,0.278493929560215,0.0289795283404969,-0.0506920771116947,-0.0689036204059122
0.879717197975732,0.173337169027378,0.293453289848738,0.0307780245221387,0.00754352134557431,0.036989229857212
0.805682642207932,0.180966139716427,0.0441600094219416,0.108402808845575,-0.120795906999071,-0.0491535787809104
0.962740591320453,0.165682732497184,0.375086258801785,0.0930282128412865,-0.0857311672104563,-0.0509084484832336
0.813488172363178,0.21837624862305,0.234188558705903,0.084187435966743,-0.0808601273266998,-0.0687560482331136
1.05349676418709,0.15506201889894,0.367589852411337,0.0219289701418345,-0.0176436790034817,-0.0354778997212605
0.732843363681243,0.200052555284639,0.222873639006357,0.135980303385404,0.0214216484920641,0.0224066381731518
0.812575329187375,0.212889890572068,0.568705252183313,0.00173295011935314,-0.00535053637502721,0.0159464826037896
1.01377727750882,0.145850523547343,0.269217981529269,0.0624706412393932,-0.0456912708854126,0.0779484002573946
1.0093919065699,0.161354467056672,0.40049921111458,-0.00282011490289242,-0.0525103173358238,0.00591444017950808
0.858557286498867,0.219117472152664,0.448483705510981,-0.0116598891682614,-0.135251830653237,-0.0585588501720121
1.00208610464734,0.194987752914527,0.266185367841274,-0.0151767966268997,-0.152301788185601,-0.107995347013758
0.920586488232248,0.192307345277673,0.322338424993784,0.0152478211950848,-0.0120014721206572,-0.0459268476709779
0.92292695607186,0.176097231072474,0.226532508270302,0.0822136614471926,-0.0356790665948652,0.0297796591542459
0.995335027348921,0.170478104307935,0.382014801372065,0.0580663387252626,-0.0860894479040295,-0.0464361566251419
1.043321344227,0.152266766585876,0.432082076251045,-0.0117685615945166,-0.0251668651646671,-0.00863126438078984
0.699466917823123,0.228071544548749,0.36230666856572,0.0275750940348002,-0.044745713996481,0.0456525910340949
0.71887514418101,0.186593039363775,0.474829222764169,0.328462354961369,0.153519768425054,0.102277634704258
0.840741132606891,0.194272785559431,0.427281695443136,-0.0146347848603704,-0.0136259722036727,-0.00626995580338716
0.945029932578378,0.147079796506274,0.200037423098433,0.00155321665475329,-0.00266174112754669,0.00293454708402619
0.896735198344023,0.201303995774996,0.254333505821975,0.201066291336789,-0.0778015460076145,-0.055294573050171
0.498089338743327,0.282385730536128,0.524338799697389,0.0297283848286585,-0.0678693420948058,-0.0429683286299825
0.60605610800314,0.254542224430654,0.512537620670625,0.0119765890709702,-0.00751715260428793,0.0206621452456129
0.963160298099318,0.150629804208593,0.369839527151603,0.02283400327651,-0.0220914052130092,-0.00994663398352817
0.927306739978519,0.180283442400017,0.520895948268918,-0.0275782770824027,0.0316166874282496,0.0125422768900839
0.771209220571559,0.190616013547867,0.0720806597173943,0.148276988984869,-0.0187209033250571,-0.00852044769603838
1.0118970132931,0.135362476795719,0.508503830587007,0.01335335498026,0.00266369384010805,-0.0144047997728293
1.00752677072681,0.15618211068639,0.432651310880993,0.0148544164585902,0.00901982808472926,-0.0499003690225345
0.890347878855841,0.205635162169746,0.596607042330106,-0.00985705587981015,0.0037263491591579,-0.00173694760648022
0.669324782244866,0.267237584325476,0.50388034244565,-0.0201626400846563,0.00996069355780911,-0.00573212006176427
1.0331331774696,0.153833965995495,0.337735770676057,0.0199600682124268,-0.0528957765757051,0.050012372597551
0.775761082980628,0.220028101158196,0.406460148367812,0.0363220645143727,0.0169927533529812,-0.0152011198618952
0.924639975644904,0.16039775728713,0.264990373473715,0.0000811042601992486,0.000397272524817039,0.00407573068588235
0.806949173678361,0.212759124581003,0.524443257145496,0.0323006834413238,-0.00386316706918371,0.0325657276370219
0.866005848215016,0.197196082130088,0.417318026229186,0.0155718475627489,0.0239410325799701,0.0188615377415624
0.78362880626002,0.207076647896322,0.431766021897898,-0.00186247440018432,-0.00220949258299295,-0.000649228703368849
0.866027058348173,0.167668520510501,0.450716031671019,0.0139968901911392,-0.0192877795277361,-0.01128215851586
0.860008445089056,0.209559324422441,0.409881862598004,0.0581393515558308,-0.0892612941555752,-0.0604675543234325
0.807160013308886,0.220594301008136,0.624836655720629,-0.156460743005951,0.0392904960810817,-0.0269460436880162
0.822416912448785,0.213624511489627,0.603602472674821,0.0013505426034162,0.000644529582794026,-0.000452993207067948
0.625259115330859,0.254130408359067,0.265058260215548,0.0851415688287328,-0.151165634502762,0.062128549899179
0.848175361837777,0.222324313832159,0.475962914341737,0.0126159645530005,-0.0467065219935916,-0.02550534347687
0.945254480595033,0.145780864917815,0.369082325318259,0.168852450081373,0.141980791830315,0.139606865152893
0.95968927856503,0.143227672275483,0.337603919440733,0.0308544530402837,-0.0265376180911595,0.0781640661332569
1.0717359661119,0.152522308013352,0.549937115925885,0.0654444915745144,0.0441721090847499,0.0422187506325093
0.901051333165026,0.197464729394086,0.0166061555374284,0.141666806573678,-0.136783330421532,-0.13926886268869
1.03982822048393,0.153635462620836,0.450662838946207,-0.000661433213440352,-0.00236905139160437,-0.00202646509073225
0.924902704720188,0.182811715732727,0.546266382867194,0.0016759482898729,0.00157972084949416,-0.00032156062283751
0.768420848646464,0.175195387861442,0.633257501338051,0.107032169739532,0.15664414229249,0.0489354313595641
0.868605777444571,0.203942071397162,0.509310212905243,0.00134512827563784,0.00872609851007342,0.00547995722779772
0.788689266610497,0.219357336213211,0.58642880594786,0.0764832183186108,-0.0295772322187513,0.0310075346543974
0.749353758240779,0.22635596655106,0.495029453817641,0.0347848340540078,-0.0222830746995597,-0.0222387197363268
0.856364452509034,0.190257749384708,0.307928489965241,0.0278242997155255,-0.0437994921919746,-0.0447532077116643
0.927123414990442,0.183313342688011,0.190747158121328,0.0610974839005814,-0.103652407717441,-0.0414040973023244
0.776975472856624,0.192468391619747,0.213205198376727,0.0876061145840471,0.0322215838633159,0.0273395453986904
0.882552614486675,0.183441810345777,0.379487240276073,0.0602715056836256,-0.0470970375811485,-0.0983281403669605
0.809250358805571,0.206549327743441,0.454193736523266,-0.00165028920258098,0.00787005346275063,-0.007727479203083
0.78455440229959,0.229983134807174,0.532124502447798,-0.00204004659272772,0.00271109224284236,-0.00399209147916731
0.772244687049315,0.231931356796118,0.294051841770405,0.00175010337843101,0.0241622006478323,-0.0698130987054071
0.819857532115747,0.178605540317453,0.244835024730266,0.0302854061509389,0.00783075936482927,0.0281204915468673
0.95143790994186,0.168776601628378,0.55325344684236,-0.019804152212422,-0.00658583883161291,-0.0186918261226133
0.709982565230278,0.243579812813401,0.684666301485795,0.0183295866756382,0.0846324077802511,-0.0355382271127389
0.883301450353259,0.183153937112947,0.506213590744969,0.0606252020913897,0.0948226410173452,-0.022046171011948
0.764293387166032,0.206258081882311,0.48588228443896,0.0254723459194187,0.0378799371300597,0.12237411734539
0.878888892374854,0.190796338978751,0.29197221345132,0.0438192662939174,-0.0141659464839364,0.0290941277059232
0.992562443378052,0.18852343518808,0.525781189092464,-0.00102936884483242,0.0197527766256651,-0.0232674795628373
0.968601660239068,0.189854981936418,0.317976209385662,0.0708647265456317,-0.091693762029242,-0.0305867866090192
0.836850884679884,0.208769383232317,0.377115792632701,0.00632687353540392,-0.0274049134814488,0.0137917437550256
0.825171040932838,0.216979926335154,0.499663756590583,0.0107947164252174,-0.0784735859500199,-0.134086368703404
0.758177641606922,0.217196661153794,0.491840981325581,0.114593838066285,-0.0196139933294995,0.0148395729536095
0.969546814261341,0.191769846762467,0.642321022756082,-0.00994932392621835,0.100462860893053,-0.0963736404664138
0.973038370469946,0.182986528156793,0.61071919002675,-0.0117958106543386,-0.00490080021325341,0.0166055855622987
0.872130824701723,0.206352567779956,0.556866120072266,-0.00966005019848347,-0.0426596932508608,-0.00818272115285494
0.760699034261505,0.216976143704087,0.601754018196847,0.0200068578553618,-0.0127645069061217,0.00494093889281334
0.825648104078072,0.20478209042112,0.223892525945748,0.024110559561425,-0.0243731583531295,-0.0338764928028372
0.918497265944893,0.180731060294797,0.102852905537348,0.121483762343212,-0.0677190858213602,-0.0361621735135384
0.916636878040593,0.192993839337791,0.630591099671574,-0.00534387497061799,0.00330115490486185,0.0021499844980806
0.754334381954459,0.201654043329305,0.526024829905383,0.0132948338546845,0.0278825474699388,0.0116276361915207
0.920031714785123,0.165598008532579,0.46613081661668,0.0048254955937914,0.0754870106898567,-0.00639888095641902
0.917870583762918,0.188103503797387,0.550672037791479,-0.00226720051277569,-0.000207410380268019,-0.00189021933564892
0.759505704531216,0.210201397307759,0.590620301005894,-0.0183129980374092,0.0174085704065964,0.00506318605959616
0.910847124569348,0.180459397835777,0.250396546456109,0.0491331307041071,-0.0231244865561657,-0.0128409979309698
0.756837818597804,0.206954457310706,0.625933481389547,0.0341673161755932,0.0201124100773429,-0.0028986420183778
0.842888459006878,0.196616482443445,0.217271794256419,0.162087057858276,-0.0689252622632743,0.0047295012156305
1.12834010760333,0.149836300360677,0.406504302731197,0.0479628993590708,-0.154517792997679,-0.0984053765608607
0.593979142286358,0.252275166170029,0.488846878750572,0.0187076255436923,0.010220379339901,0.0153256863576646
1.01390285728196,0.159596017148197,0.665677257033503,-0.00154658693934724,0.00716234156132855,-0.0220808573666008
0.715264987216949,0.21444533357447,0.472512077537475,0.119210765597529,0.0032389371236617,0.00567983201452462
0.997906648538722,0.140116418322349,0.509004968621224,-0.00204165372615716,0.00366266284171504,0.00120766149444212
0.917204649747728,0.183015446000016,0.238414742431037,0.0365920544621489,-0.0360072259089859,0.0581731833070036
0.882027817097143,0.211726904415203,0.641693239608062,0.000568835969879213,0.000988488175837361,-0.00430037050617574
0.895757289476386,0.176266419633648,0.379579493096607,0.106567931753558,0.030179542665328,-0.00255332138012863
0.627263904889789,0.239346887539605,0.531146915990219,0.05353224162492,0.0676687002082122,0.0918655603495516
1.02238453484764,0.153563580910088,0.411462985315332,-0.00848675173033613,-0.00674894351810377,-0.0228893028515935
1.08892964609604,0.159445423262878,0.466543981325386,-0.0365431309852242,0.0740275166825484,-0.116676116247954
0.705158693077248,0.22685631137293,0.51204983264525,0.00691195930371884,0.0304843983095354,-0.0222127602975074
0.867508274787056,0.18554177846083,0.183033979890739,0.129207087248575,-0.00473437526448103,-0.0294257425782138
0.698712645394992,0.219206532041182,0.499908656686494,0.0231486954600338,0.0399969941477876,-0.0363378314630979
0.861450520220754,0.182138025077596,0.69645399328391,0.000683635592589613,0.0379572633383641,0.0453429788096264
0.87896668876923,0.203322649951565,0.344841433986138,0.0278294041395101,-0.0487691636969553,-0.0456069265669326
0.717030244224431,0.232153753309572,0.271351942765966,-0.059264477968668,0.0494510024348301,0.054835815573145
0.821302561953876,0.206315285576863,0.635074917555986,0.00550833557427547,-0.00129266428011001,-0.0032507090854185
0.923441958423931,0.168557982891394,0.810293765078177,-0.00775750176227532,0.052383766173534,0.034310370553128
0.928202126551094,0.163837913831755,0.436080351450683,-0.00406007814331623,0.00625741230864638,0.00835583896436688
0.851378223941862,0.186682721611708,0.135529454486461,0.206311767626028,-0.142759371741771,-0.0529242100544788
0.983643984505482,0.171252095675691,0.412836816729463,0.00144038128840405,0.00271330166692368,-0.00824280683345528
0.787255971461978,0.218796636154646,0.274362894794395,0.128028847640027,-0.0859113907530377,-0.146732092459328
0.735313811041559,0.201044636750353,0.305178276877495,0.138543119836413,-0.0325871407456489,0.0612849559473919
0.775543395789285,0.213249956741867,0.182262142905971,0.0829562232050605,-0.0347222279575803,0.00214139611152442
0.780888884801519,0.207216060175231,0.305407999461138,0.0143754628928896,-0.0406994314459454,-0.0334014670749524
0.885785274637296,0.190418898736542,0.450236235721827,0.00102303192045995,-0.0105014361991603,0.0550246239572516
0.854759594684179,0.213405738994701,0.48741194325909,-0.0843648340574991,-0.102766458820727,0.0145225519722665
0.945453855230067,0.184843100983631,0.302032733322822,0.00195209281438908,-0.0661247707389924,-0.0215297406249431
0.771365809337794,0.22758671920389,0.455995373329736,0.000452132077479436,-0.00221448186469515,0.000976159461214241
0.854960109655637,0.207271989087999,0.440977078473018,-0.00790469159331687,0.0048791539706409,-0.00420093622565321
0.623419825048051,0.235016236906668,0.484684365482371,0.0423349118132232,-0.00243695003754677,0.0103056814719147
0.6856259138031,0.244266142768549,0.28707648557259,0.110577959236284,-0.132830519951802,-0.0772248059372161
0.770094797600921,0.204941973214654,0.382158826883956,0.121343785521061,-0.0949059830933877,-0.0764113302266275
0.829338247612464,0.196284273323942,0.582143329900497,-0.064960253462839,-0.0330162344215595,0.0376950772092548
0.624291476113397,0.214223523708976,0.2400527890012,0.191598658190649,-0.0365111568135635,0.105785650848139
0.858997543355368,0.171186658360543,0.427793596492892,-0.00165055861443929,0.0701323346993162,0.076589576431288
1.00654160715115,0.165605135349338,0.607346317374238,0.00957756234370793,0.0585674579650893,0.0155272691384494
0.859315841391553,0.183615993594923,0.195013291604713,-0.0490656574169897,0.0385302991416562,-0.139586787701007
0.758040254041882,0.216912497337114,0.368322099958349,0.00928436436737436,-0.0130774641666741,-0.00577240653945093
0.778284276230343,0.212804400323289,0.674758755620526,-0.113779137869611,0.0780186901148204,0.091134863489531
0.7541662383294,0.194300779042188,0.447618911456015,0.105505199774124,0.00948108399574599,0.0477863604236572
0.82889579654366,0.210039901333262,0.439661027076951,0.0857083965080984,-0.156629942413908,-0.119535007583696
0.84192384907354,0.214680973145515,0.544663613715837,-0.0280602484386188,-0.013087021605889,-0.0162138169437981
0.771351505012605,0.220369569074585,0.450248364575,-0.00495069013136714,-0.0370798955379574,-0.00185730542711038
0.816694738326016,0.192529040628573,0.136996121792388,0.262436671303697,-0.00415995669298697,0.0609886079040937
1.01010962549665,0.173615841771354,0.614952063634044,-0.0608363885110803,-0.0875360942228434,-0.0493890676578667
0.734349942633725,0.2375552722468,0.525062036116483,0.000633286059228674,0.0275582128694344,-0.0382847044544081
0.845210527234751,0.19196174621077,0.262190791121901,0.0911266820052492,-0.0121779679848857,0.0152003129849116
0.824594576485018,0.208399450347064,0.405132614511658,0.0414011861443595,-0.154916822494004,0.0204912795236644
0.705075905051093,0.224380127719248,0.101439642439769,0.246517522132627,-0.00616937499684283,0.0181362158435546
0.648901679793535,0.232099746957193,0.442573799960935,0.0957735864581944,0.0780152169533225,-0.00570218886697668
0.801656497195293,0.186975947035362,0.124395741302296,0.172422654668527,-0.0485673578790647,-0.0445121942513467
0.708144245606566,0.233306145305386,0.59483768866317,0.065657761091934,0.0330183959586764,0.0143236236809097
1.06841155001581,0.153751857679503,0.559154929782059,0.00426982743444139,0.00225682891806787,0.0362627805190198
0.95302090340857,0.175251974755346,0.294067324607744,0.00158287333672149,-0.0476948371395929,-0.000706963320524736
0.773080729742216,0.200514229393949,0.333962642265861,0.115973128305819,-0.00412438811367589,0.0602102550483612
0.882638053197743,0.182692317546541,0.511586491170385,0.0407624654164994,-0.0328636611467295,-0.0825309062063024
0.858447121570869,0.194162117637951,0.367319019688412,0.186163926793012,-0.117765434257943,-0.0289953148325379
0.814215740417432,0.201098842254194,0.147257467914615,0.14947816299769,-0.0841740752485468,-0.0981164361217617
0.93552586100251,0.175512600355493,0.578733599341235,0.0112929224180378,0.0110694000137464,-0.012629570315937
0.94413866338547,0.165968408971274,0.222491732495248,0.234682942213918,-0.147657649383932,0.0018863987427292
0.759562892742575,0.231505924580574,0.389724498457607,-0.0262107290089975,-0.033572227798809,0.0161408056116025
0.733635168943551,0.22657214366143,0.798614344919495,0.0297422181862663,0.0796288503236578,0.0193263519826172
0.979171411936874,0.15704739944686,0.308200260489674,0.0277222089512852,-0.0179672556180071,0.0287595558001089
0.890523032895639,0.175375863949708,0.517143073955099,0.0341521267833879,0.031688454792235,0.132630993319957
0.920315211834071,0.186080492787311,0.619510065735883,0.0500842530991748,-0.010792234345716,-0.0306960933274674
0.836471507024047,0.226691220360815,0.627871873621306,-0.181383022749148,-0.0511923045135057,-0.0835445056018562
0.963949794123459,0.16670241797303,0.628910045160534,0.0522650368925396,0.0156825354984852,0.00434967694504471
0.773914955954857,0.214454099035068,0.720631670719418,0.00988849451575085,0.00542148447711429,0.0268223562409354
0.849505847065512,0.182917552520292,0.332472763122697,-0.00373924661587413,0.0688249169172452,0.0470902677012263
0.60934327974727,0.2189925491137,0.31297904446867,0.100199297654125,0.145898020857704,0.0646781733899128
0.931483976875045,0.19555318667803,0.574693058483466,0.0106035128668451,-0.0007299041355156,-0.00251683909894671
0.813162468002417,0.20411828355483,0.288320779629824,0.000128270851274237,-0.0185655010070067,-0.0124579867384104
0.723461264044735,0.223065127294255,0.472321303982498,-0.0156160508598592,0.0126446125751517,-0.00509861333417267
0.851340207563169,0.210023713232358,0.575721748990903,0.00701685232508641,0.0018078173690036,-0.0130409026055708
0.782995643173071,0.219582308073979,0.359757908689602,0.110613368036535,-0.00789761408860496,-0.120828546837832
0.88725287840018,0.197316603359733,0.379097485272701,0.000314431639852516,-0.0321629390231986,-0.019209166372656
0.91863926177888,0.187942719970846,0.266931630019598,-0.000199006282811147,-0.0299514830593589,-0.0821143857419462
0.695003548617996,0.228673648658228,0.571103208143255,0.00715300112400068,-0.088299112972827,0.0108158445467274
0.750986904722096,0.212354060613993,0.527745637951939,-0.000763440552847321,0.068901906745954,0.0301414723174812
0.887378910299444,0.188833311900318,0.284478872777976,0.0044483710231853,0.000709787590001102,0.00823203110511075
0.817656992150285,0.213389248478151,0.360026246114618,0.11905605411073,-0.0476823735680774,-0.0150704580061477
1.07619028186777,0.125956685174688,0.54767217936,-0.0437349074933244,-0.000412389502074324,-0.0258535406853009
0.862161209302011,0.207782456849544,0.484528643475128,-0.00955311545648141,-0.00746674275879091,-0.00709392077422464
0.876810855589015,0.17365006534731,0.263556754110062,0.0903944158919498,-0.0948751113344778,0.0389346367270487
0.986467435668967,0.167504208752532,0.518790872991983,0.000188173720710509,0.000732324499663185,-0.0221204979302711
0.80359559162364,0.201486628306927,0.545699387091351,-0.0064532073727278,-0.00756754987438846,0.00969396585797489
0.85432976860852,0.195734343640506,0.505355183271373,-0.0173701086064798,-0.0209805218752395,-0.00352065492585518
0.936444764248186,0.170487348841515,0.273949291259986,0.00457711038920428,-0.00697144257481954,0.0166656681729475
0.830740443623496,0.214571593094572,0.498534650938133,0.0551137940336701,0.0589419207598208,0.0212522681915271
0.741281935369669,0.209394390798961,0.579158634531023,0.0368083546494824,-0.0193078689822653,0.0390151690524761
0.683934111912816,0.228921721748688,0.908380557122915,-0.0291427153810797,0.0955743836428888,0.0994484158866678
0.982733192145775,0.148311617638172,0.404709600479662,-0.0445547679761638,-0.0290947186589639,-0.00338946445429529
1.08470839300421,0.158901538773677,0.380991304017528,0.137990036664195,-0.0669542668827115,-0.0126824418263613
0.653563063106604,0.256738382696226,0.411216819372848,-0.000356638747279648,-0.0132973691016153,-0.00680674769949826
0.914803672438072,0.183365439350361,0.416060552537242,-0.0139376653602997,0.00203866904028545,-0.0157821439950651
0.698370665931113,0.229622907210056,0.388554226971499,-0.000994728947798151,-0.0228083320369563,0.071014388710047
0.807451040543023,0.187616175087355,0.635248615787979,-0.0170758546026347,0.120235740591545,0.18311690019278
0.874003334880174,0.176541381816473,0.462111706505372,0.015264243586593,0.0125844874080405,0.0019158437850626
1.0097204568402,0.165761418824062,0.495878973247318,0.056582454708825,-0.0161915171878366,-0.0372632268264656
0.886335266666813,0.201288436455832,0.629113371352605,-0.0014951987787882,-0.00207292893993131,0.00482312060089555
0.88403463137854,0.180673215424764,0.622148202825357,-0.0576572010220262,0.0606659445802334,0.14312609793982
0.985026145338671,0.177220625171966,0.517759827864984,-0.00708844222462623,-0.00326627359627714,0.000554362298845323
0.628416949536454,0.245717802166031,0.233296020300861,-0.00421029096218314,0.00181994794980618,-0.00543501101602867
0.811431975472987,0.233685364249082,0.588893080675073,-0.0298244853735452,-0.0749382510262114,-0.0760606840776955
0.962358914065726,0.175891128753931,0.446643829674393,0.00324180802538199,-0.0294025982791104,-0.00725932417303894
0.803532580904339,0.20535709087149,0.574197170562073,-0.0147503725907428,0.0180179059614547,0.0246389424580846
0.877048754299709,0.203398534656776,0.174064231750604,0.152029128112735,-0.227785810734905,-0.099884746979952
0.967352753605296,0.178624569278068,0.553499340242749,0.0760515542089084,-0.0868643986961095,0.0734395033710767
0.808414701609757,0.212264455748345,0.614273211876396,-0.0396368273935787,0.0168932098305323,0.0147947071745646
0.872432831574935,0.223512279809263,0.541338591078715,-0.108406873836729,-0.116660851386728,-0.0656650433466438
0.926340642182693,0.180878474931484,0.597568488283362,0.0136164705669052,-0.0357473016511525,-0.0387628537310444
0.931420068226977,0.180001845137346,0.60545499161069,0.0144537623130456,0.0135584747778805,-0.0177433490824111
0.750748870425602,0.217546795196087,0.533277950215533,-0.0190274304629272,0.0220891508675952,0.00384613275534734
0.890309677905915,0.200324939011025,0.502373626953234,0.0163678851770248,-0.0930016853208435,-0.034349011065694
0.799211989911454,0.184717927193137,0.394501557832075,0.107526342226342,0.0723661329710921,0.0291649462019749
0.855081301483363,0.204415364505117,0.180537203319139,0.169143529077906,-0.248775751230252,-0.110711060718552
0.751844984147223,0.250185652564944,0.358592513209004,-0.0232527522246659,-0.0906375904348058,-0.0547810953886519
1.0821501206206,0.16015255776801,0.6540163819088,-0.0387308146996202,0.134057692210345,-0.0734821021545975
0.908780961380219,0.173713039310484,0.486751798889683,0.0331338920143258,-0.0852397717924786,0.0262976013142118
0.958978810777734,0.150166381442195,0.627109447377882,-0.00635153395207087,-0.00496787786579144,0.00231250740545761
0.894958391416861,0.167812800389369,0.499779004526082,0.0871368573714741,0.0641146836486366,-0.0862439482681933
0.872642069182748,0.178868712317761,0.430748688895372,0.0130036214403879,0.0337105746899728,0.0622137201920502
1.05117356381475,0.163563217723511,0.294239161892818,0.0353778049665099,-0.0728748519040059,-0.162818193566911
0.966068784884145,0.181132515385314,0.494021021058619,-0.000378394189282555,0.00207345994113181,0.000727972483104181
0.878821072272077,0.201472294070709,0.186363098391585,0.081622813733164,-0.0321827385275974,0.0272747556852814
0.839241818093904,0.227015540306325,0.660475210449061,-0.124653178124134,0.0258437027157492,-0.0705472279038821
0.788314779998733,0.197847106292318,0.498235098193222,0.0959967867129801,0.0419324640364659,0.00156136601312279
0.922193009342004,0.199127264938765,0.597711005487665,-0.136659703765881,-0.0219798937577761,0.0234017295407581
0.817228674437344,0.214361248579217,0.390561873499436,0.00420990975952361,-0.00562916431917623,0.00699499792763163
1.0312154184926,0.155029030484599,0.432338304714212,0.00423503238129022,0.0311193159598229,-0.00767519936382291
0.571082084524063,0.262061060551093,0.520114666635605,0.015977436348875,-0.0149470187419424,0.00659992793823746
0.983451156609184,0.169999819843438,0.466269543632169,0.0855870189923477,0.0264023510416243,-0.0538883041910071
0.821595555435763,0.166775207387338,0.141661669151498,0.275560219137997,0.0375092060460168,0.174172444488234
1.06596001875732,0.162530038636981,0.716916185083902,-0.0399918560245862,-0.00482222344844069,-0.105834539903603
0.796763240081335,0.223960845440612,0.735921011744757,-0.0623754976158583,-0.00927825225649335,-0.0395569433429113
1.00644694615518,0.149446351816504,0.558922991947105,0.0424888296934781,0.0248682268600916,0.00481962408087022
0.664131265038782,0.25674121421252,0.633048752157959,-0.0345816507469599,-0.0281827622988391,-0.0249740751852438
0.924906531195363,0.158531402344763,0.314255312755758,0.10181690347282,-0.0523829689276575,-0.0304303769998404
0.852800684194288,0.182622964939169,0.448667478377751,-0.0334605492135796,0.012730404355727,0.0022903141966209
0.830120161787354,0.211936967776174,0.582491723903015,0.0118797523705993,0.0153763020809307,0.0274911248075143
0.676588404401058,0.226679283663193,0.748309504606122,0.058174845876057,0.126623271356175,0.0570287840773845
0.707129455275208,0.226677023723996,0.57041446854941,0.094494752938626,-0.0428138932792413,0.00307110855123428
0.779375480973446,0.214252292775076,0.357228437980624,0.00465421071690328,-0.0734878653243608,-0.00605742329744756
0.909259383753394,0.209228838044488,0.440967617674567,-0.0300470827163318,-0.0967664438852618,-0.00559781434552147
0.992623187119904,0.20851545429372,0.413490093872716,-0.150558639310961,-0.289536321527853,-0.236875326177978
1.01996519392396,0.153528922109712,0.43693637521866,0.0377861477773652,0.0340412463381149,-0.00451363059799893
0.79485752981279,0.194062540948174,0.369794663297844,0.0998420388336709,0.067761882961054,-0.036930533435512
0.741763254801032,0.237965852589662,0.451712781953149,-0.209208153516667,-0.0480378570864342,-0.0532256743044093
0.734154135653365,0.245754778177225,0.317877252883994,0.133503621834772,-0.150739840021956,-0.0367093914182763
0.830491603010621,0.186729863903393,0.0702585245656728,0.259523626358647,-0.188012845292416,0.0602590881023606
0.886310308498152,0.172494672891464,0.269853050797689,0.0690247889117648,0.0342601100439464,-0.0409488477788011
1.03749659213742,0.161994973678444,0.341223747401452,-0.00849855165376989,0.00526108257162318,-0.00701030100535792
0.84953129450227,0.178753431819625,0.456669478370995,0.145117639228767,-0.0594966480162871,0.0456220115946362
0.731011824456996,0.229444299071236,0.106413946681446,0.308894773933229,-0.0938259600819741,-0.130240696283502
0.877408671253628,0.198003830554266,0.697398698079068,0.0354167187007464,0.0806908465531852,-0.0475350483880051
0.837127044736725,0.219437163970515,0.581389104477845,-0.013949219565463,-0.0916073091724038,-0.0820782882468716
0.713653723636319,0.248069274100367,0.380682619767954,0.0110490179894206,-0.0102766386933257,0.0085385439872828
0.785755147404028,0.211811850725718,0.599013332034211,-0.00756506874532208,0.0132104054083315,0.0212441595693339
0.988865555643263,0.183143181387979,0.666767936213299,0.0189684404869714,0.00532990945752122,0.0356460580877609
0.794608014574867,0.203515984589884,0.406121347437578,0.017755009196763,-0.0172622221318229,0.0528182488261801
0.738501753875404,0.234275971001003,0.633120535254353,-0.0190745544853044,0.0187035272785823,-0.0324383632732968
0.807921186559222,0.208094943230022,0.187928485784112,0.0191628943768379,-0.0493001800990084,0.0140089250190378
0.805149176777296,0.21951369587467,0.499540280024851,0.0633775416377609,-0.0320213554796224,-0.0937922022438882
0.841456307883353,0.220824471566052,0.460334912183449,-0.0764908297470627,-0.099997804450229,-0.0587479895706813
0.972324688428987,0.160223166525121,0.453219388720557,0.0132543673358068,-0.0124074852561388,-0.00168697746630379
0.958261046338659,0.166118033929184,0.47275864694728,0.000216017676524932,-0.00187570163406504,0.00000915581797636321
0.756977204434625,0.21519895203951,0.710263456893752,0.00582892297425931,0.00114229432479678,-0.00822298623277696
0.957352991336014,0.159308390351621,0.509944830905675,0.0872635000829993,0.0136283472838333,-0.0255884923575893
0.747514139375287,0.246356846770409,0.0818165968339263,0.17072545965519,-0.168559637038097,-0.14915462665727
0.952640517779573,0.169978108749513,0.386144046768029,0.0237894229443398,-0.0303061199659217,-0.00036754103433333
0.839955391668237,0.208459567315952,0.462568499034806,0.0555034130249838,-0.00703798286347055,-0.0289536625407
0.764739378084114,0.227373262496634,0.636579617745727,0.0199610414324771,-0.0099777902865868,-0.0565456221733318
0.841867049295802,0.210420274906065,0.487447180277737,-0.117759463155569,0.126557454570138,-0.0811479614862817
0.719374819057826,0.235159449625793,0.551551353314721,0.0687668310011972,-0.00657791272202849,-0.0416026128500738
0.920174594596243,0.182747116851473,0.441825812868647,0.000961541414336726,0.0000745567403197256,0.000261959691123035
0.753306584694348,0.226608272970755,0.44424305159761,0.00318172043824636,0.00387574264494934,-0.0285928265049318
0.956258210913183,0.161263149209795,0.451151315823724,0.0178747403749461,-0.0172927762840448,0.0907663394701954
0.974603544136505,0.141815243597257,0.357196200369905,0.0831941974682336,0.0077438671739235,0.0731570473635733
0.794332432290655,0.213187772782495,0.576691493660126,0.0157079494047099,0.0311077410458985,0.00697359889598944
0.799572333048511,0.175658025790302,0.568695171304715,0.043129590849119,0.0566959365946865,0.0408162797901627
0.833794555782363,0.205798212011776,0.584196428689141,0.000512506465276573,-0.000443831487633582,0.000655299717680028
0.838669944602772,0.206393607626661,0.505582242330547,-0.00236477487474938,-0.0135684592183183,0.00996416202404403
0.73177218238811,0.213916254163312,0.618707646332051,-0.0556529421064624,-0.0469437560772889,0.04136453154063
0.970108162680824,0.165217995286344,0.218350774097752,0.0459371774934819,-0.111260925363999,0.0014799504787391
0.710992577444893,0.223337078472592,0.554230419025889,0.0817093183997598,-0.0122056887583482,-0.130110720900066
0.806765800746209,0.196878430456603,0.469590561470338,-0.00381953940543761,0.0209995491021417,0.0354073580869173
0.78749241497558,0.210549894154088,0.257850005253848,0.143357858055301,0.0012465413231876,0.00146238925889475
0.789546229414907,0.211056641768553,0.290351739171833,0.0427637349887045,0.0107056699298385,0.0660673352317307
0.877500358775247,0.199959341330613,0.557694000337838,-0.0638595469259009,-0.00687161259729362,0.0380534582747009
1.00224284528829,0.185482026581836,0.61116781250948,0.0500189365509183,0.0635882266036811,-0.0228481751091177
0.755317220520652,0.221186073175505,0.381861612291074,0.0276624274958267,0.00532234400883846,0.0227689023497319
0.812445529892233,0.206509497602454,0.378137661678456,0.0014233348974531,0.0133666784764527,0.00126913838150784
0.821224732102968,0.184655291723341,0.55681675011533,0.0942611973243072,0.104277009523481,0.108037009175674
0.782501883265525,0.201908553330653,0.227497465936186,0.193002062826952,-0.112224764266186,0.0646583342841997
0.679525013440239,0.234191218505354,0.433632203319386,-0.0194193163957477,-0.00292928532770243,0.0190750698655882
0.727645544871684,0.249609815760014,0.513518827644983,-0.0378360819537466,0.0191829516577362,-0.0234171637079811
0.959764372169186,0.17571718626201,0.488086031518357,-0.0142634676721425,-0.0421919572152597,0.0170354207005351
0.90468320641865,0.172311277382301,0.378515593351495,0.200791922863836,-0.0133379739423019,-0.0162398757376724
0.827103440751805,0.193500310361255,0.394686264108146,0.0471315680719401,-0.008958121750679,-0.0272888175417719
0.962091642573612,0.174241905773348,0.391064650681608,0.0338333725003951,-0.0141723498887256,-0.0319678269165419
0.988400963791781,0.162476830743857,0.018909204259219,0.261702406332688,-0.194772323505265,-0.0518374106157398
0.844010857518431,0.212743373330989,0.0208848631563424,0.127881556403494,-0.235542353369156,-0.0484512175327146
0.922342605124399,0.212961807304271,0.808587021544663,-0.162632045477273,-0.0642681959294582,-0.0267559952337887
0.934165112071665,0.166156023309876,0.470001336710555,0.100879989828759,0.0309525514280185,-0.0787479610078158
0.842944865079202,0.180637289741935,0.427113691137363,0.183390327164279,-0.00487010984251701,0.00512221913220942
1.07074254346856,0.133191111056402,0.17704657079417,0.20752786695852,-0.0685887982265189,0.0871897323853504
0.956195078843882,0.17113586651073,0.556064054852669,0.0171976614516301,-0.00665212645755841,0.00718920108205483
0.725822597660157,0.233305547179472,0.309750345969656,0.0575539613697451,0.0595466934400712,-0.0325498150165569
0.883422836337438,0.194281849588926,0.484805837595134,0.00991791023545127,-0.00431118378534567,0.0526617450658992
0.915740707163614,0.193691625929368,0.59244580378011,-0.0156702041404269,-0.0852163156514625,-0.024758751917207
0.829221259224879,0.214067701291362,0.495036879203294,0.00217701893793878,-0.00351484702410599,-0.00151988915331153
0.861904287489349,0.20496200626143,0.397470336303848,0.0695405619481798,0.0353215543136167,0.000874272148219127
0.781077404905186,0.18581528148807,0.478098180160235,0.1822048950343,0.0833451208137058,0.0391275052585846
0.947609326504502,0.184406855676178,0.188635496073043,0.013969344487648,-0.109822183446143,-0.0383837568176799
0.752489122160863,0.205211627143624,0.340161494467021,0.0672557544571594,0.06228079187106,0.0344309593872222
0.904265825708447,0.176741137720256,0.477693954013536,0.0495939778121332,-0.0868249994242844,0.0218436776779633
0.865503642213771,0.238705061155591,0.285032013541349,0.0135387778024126,-0.217519263408323,-0.237190454046464
1.14383107162553,0.138371238166176,0.541997060271718,-0.0276762667281351,0.0181427756271571,0.0329859611616998
0.829443131677401,0.190685305695563,0.665993317898763,0.0114879181280078,0.0751924340585005,0.0696301774271975
0.83737777184833,0.203532849490574,0.416619190709639,0.00156078544065597,0.00117516653935602,-0.0000556513671632642
0.842335557743255,0.214398578643015,0.368521814026257,-0.0368460841097337,-0.14905108497634,0.109892740622829
0.842790249273783,0.201828753719319,0.322758107621855,0.0808191099672,-0.0732459044960447,0.00452264347649586
0.769201800948995,0.231990887112129,0.537782870544209,-0.0173539099864538,0.0119089952962652,0.00968042325514549
0.96910120847838,0.171109553130783,0.177431501103571,0.132899423707593,0.0479683737376968,-0.159649926273179
0.825500486907728,0.216699074265721,0.535907067834267,0.0307621324536338,-0.0302485121183765,0.0309251844044607
0.853607531860693,0.206225154188199,0.41964282284196,0.00227610650530248,-0.0199397778799754,-0.0086120046991681
0.841717117649866,0.201137352223507,0.377001574134017,-0.040558480693919,0.0175847291266517,0.112597107026623
0.860052228095114,0.192625263867416,0.533918999061633,-0.00406258536511357,0.0263620914605518,-0.0204755828764362
0.867076727077144,0.217062690072523,0.698074445260834,0.00494817250748692,-0.00356228983413076,-0.00199682646056561
0.76020647734582,0.20414891983209,0.397298464979217,0.11772693597878,-0.0202627567133581,0.154221304503962
0.79859446739274,0.235506082475593,0.100163324672862,0.065297473029173,-0.176239833707516,-0.125984997970878
0.747908489519519,0.212765360759554,0.606845953382519,0.0185644508157967,0.0088192332504317,0.0194645084811064
1.00692259523252,0.130171272255168,0.217711387667931,0.0719061344944718,-0.0960412013360889,-0.0555732698824863
1.04709549662682,0.154461302261661,0.576257520607637,0.00141522160126559,-0.00126300462305132,-0.00209311808924143
0.7079265399318,0.231892754186019,0.503964033762273,-0.00234803842722316,0.00282575919466127,0.00223959884027483
0.809391124457327,0.218363090746783,0.511869037835177,0.0395610994080485,-0.00717605796468906,-0.00652166615963387
0.920576375378018,0.186248747963354,0.196113415487454,0.0893273156222907,-0.0248446622126059,-0.0295135622042809
0.836747350481727,0.198506228377904,0.477072451537131,0.013516438352515,0.0223791323791851,0.00578438116910094
0.819351339654435,0.196071609348342,0.454546110475905,0.0117783438466915,0.0749400936872851,0.0355818415625317
0.776250124025016,0.19665801313962,0.433635395523941,0.0768353987923947,-0.0151226512474789,0.0125133961626332
0.867557090753426,0.16107631555153,0.546997233955789,0.263408832745661,0.108835542389366,-0.0178715108283626
0.903208497079395,0.180164823402865,0.454440869061616,0.0462602027996939,0.034600797716949,-0.0210476374268409
0.84281187027603,0.192894238707912,0.227354413484769,0.144828863664686,0.00967147175182747,-0.0208757308142169
1.04947879846465,0.157697685674286,0.216258897272596,0.180928825758226,-0.209295025342239,-0.0178404498215292
0.832987681183994,0.22229815888347,0.569214511043572,0.116886802187503,-0.0740767342854514,-0.0619777226299671
0.791402345328977,0.229152966078748,0.435180794584297,0.0654586645901517,0.0244984972788545,-0.0905189375736106
0.919440668795242,0.187393139684416,0.257257436107389,0.234869321614767,-0.148758512821762,-0.0120949028073355
0.693263559598267,0.227764226529995,0.539948039061564,-0.0384653520212413,0.0310828374720723,-0.0588555810546342
0.727515639030945,0.233060906002368,0.714252623258898,-0.000670047276091429,0.00802177797684621,-0.01240888073368
0.710181963382032,0.242501903385859,0.225125550152785,0.199882849038357,-0.12874121145071,-0.074305142550547
0.967106703725115,0.173058363240882,0.118422506463017,0.19957940886641,-0.186866594131286,0.0291300658893312
1.0552768164914,0.149590111658925,0.0883729153756859,0.00667869790111883,-0.00894724921571123,-0.0544894535059141
0.753156278625018,0.233843977083157,0.826059104489463,-0.0782840819616393,0.0529787155605261,-0.0921093637082936
0.878189851449706,0.193703003669309,0.425921208030301,0.048779852966386,-0.00676336454124513,-0.0232945585718688
0.942354991534174,0.173452227553615,0.618589151886856,0.0893023726516157,-0.0353260474089715,-0.0340590988446874
0.831441446657492,0.17850453756212,0.434360686693961,0.0997445616674538,0.0753522986764514,-0.0891187934439648
0.812083668713149,0.203146429910861,0.546065971517391,0.000177885053742539,-0.0362501196920212,0.0373115841391488
0.797694787698017,0.215624704880093,0.585273678919236,-0.00598114084984417,-0.0237824883731536,0.00287247213147021
1.0007736667621,0.140889310278117,0.338138390071828,0.134305043920814,0.14835411957939,0.0337721727760888
1.10228719530917,0.146357510440384,0.545086298368901,0.0458024103146254,-0.0538230535737794,-0.0269780377741927
0.936929724565716,0.195774861175212,0.159104464217652,0.0682989506052411,-0.196146364626741,-0.0713472248936583
0.778348864441988,0.219246635437913,0.530014011544118,0.0226179634330398,0.00789805171307185,-0.00740709076448785
0.89681428750666,0.189090048169789,0.325146637576493,-0.0491846925523558,-0.0138808651589407,-0.0818126575625365
0.835051559770958,0.21153693764069,0.211445975067357,0.103054601155124,-0.0789570857963036,-0.0978574664732163
0.947806049055335,0.188946937366977,0.380750666250193,0.00664647562345761,-0.003032115467351,-0.0101863111051237
0.919262976557211,0.17505286913268,0.762468671410138,-0.0197912414690967,0.199473211340252,-0.0290038036580331
1.00231053333641,0.175105285198357,0.0858734728809311,0.0625530264541851,-0.106106237058067,-0.0843437193550197
0.850534566511089,0.219938682048056,0.351902027108155,0.0391143996730813,-0.0704996245786832,-0.107225716276118
1.05410493892115,0.158970134528041,0.396975080546549,0.00513897179210835,-0.00682706262851046,0.0133601639631618
0.920516260228257,0.202098742351572,0.399798831606368,-0.0380011822821364,0.0104887955697659,-0.0729988190062267
0.796698941421752,0.219906146921443,0.153205132279992,0.113049185538612,-0.169357275612366,-0.0978435051728919
0.798253155229294,0.225628518856291,0.673128011062968,0.0390591174794348,-0.028045404667645,-0.113124671642675
0.824872252262735,0.215488451786431,0.589434095121615,0.0102117893314671,0.00818871595790807,-0.00232139970719199
0.707154842280392,0.216776324081398,0.464629171861585,0.0731819297422973,-0.021543650268667,0.15068319797208
0.950114642346412,0.169638624691009,0.67842362573904,0.00281050376781833,0.0233109739843188,0.0241824701405461
0.96638562726576,0.178188919327629,0.473254061191413,-0.0689431379067208,-0.0968618307959383,-0.0565493968154875
0.897928169011226,0.178062909143545,0.489346292126703,0.0353796124683431,-0.0202151926275281,0.0449867399564029
0.758274456655981,0.219067821315461,0.336841409791906,0.00996039324740269,-0.0194801712616399,-0.0195591283727106
0.937067891371307,0.18129377497976,0.737398810559609,-0.0525589725122801,-0.0367300999189989,0.0146665852949237
1.0088468162662,0.154802905496613,0.280139456128684,0.0415495817744391,-0.0448273071173426,0.016687228686071
0.686172059078791,0.236415670196794,0.390280527954679,0.0649848783974473,-0.0727504197118708,0.0467119222716209
0.913886504376131,0.180860198519715,0.473831273748381,-0.0611854929920226,-0.0355569871845547,-0.0466910688060924
0.865257853022879,0.184175741898119,0.563533889251318,0.0190801133715176,0.0205171111525519,0.0322161755481587
0.792450607648592,0.225696010108378,0.864479235486858,-0.0040750837674617,0.00406999171215135,-0.0143906660886498
0.92383888858565,0.162631959204241,0.31073164092674,0.106292285257438,-0.0466498898631212,-0.00760599825616967
0.904162674949129,0.177866650310695,0.555362096468656,-0.0244214068001611,-0.0323903297157952,-0.0201043999457115
0.889611381839141,0.19925211234554,0.47661214930535,-0.00112911544711611,-0.00594483296368708,-0.00234261376288781
0.804100149130654,0.217743744812337,0.2587740575793,0.0133213911182459,-0.00214959612105325,0.00386547528313013
0.984534051216307,0.151511143645874,0.210129509600301,0.150154319701297,-0.0456362328617647,-0.0612344480221088
0.765434762878843,0.202977867611108,0.623035587397761,-0.00946843546495382,0.0116452188017911,0.00922257843516351
0.721829003014953,0.177124775226053,0.282117073523528,0.410793475236005,0.181964389263249,0.222649242657401
0.938535472686989,0.17803275381288,0.287053616000812,0.084489162431344,-0.195325343062987,-0.0554054378266955
0.887288889507773,0.189184374004694,0.449554409074488,-0.0242900502987616,-0.0241963356632737,-0.036322582192816
0.610583016931694,0.255042183842226,0.816131005817064,-0.00976884754948914,0.0150872404027169,-0.00666914328036971
1.00239351791474,0.17728323140345,0.114563554350284,0.0012689202137569,-0.0972519966386206,-0.171112879772993
0.82340755492868,0.195215027801176,0.469502316103652,0.0481293928610121,0.019076818062266,-0.047509712410421
0.908866924890677,0.171931735748457,0.0920484147422344,0.00978499240842048,-0.0651004225521698,-0.0388295265784925
0.927258789697166,0.176177016023215,0.537160450457166,-0.00324507818349606,0.0102991031498101,0.00635271972233818
0.909323617069979,0.169906130508104,0.622771877561061,0.0024482104874789,0.167814971889447,0.0532602044791717
0.88109953968249,0.200067566238071,0.635732603867223,-0.0120937646198509,-0.00805172401201786,0.0368335969507171
0.7791649282373,0.210945006529207,0.509686577931023,-0.0005280740297317,0.00045808209914131,-0.0000981146350939976
1.013060793658,0.179494500685336,0.212203001774227,0.02518206165875,-0.110608421026088,-0.101933084014508
0.872245874654146,0.188310525259237,0.336746291201461,0.0551596751133602,0.00650061160719796,-0.0463055343907912
0.860260728730326,0.190738208608408,0.569359598867327,-0.0137369058351161,-0.0485472070444666,-0.0642627317725706
0.818817571145686,0.220183660476131,0.585174008245063,-0.00391141497900627,-0.0279056521939454,-0.0170102878386568
0.963107953624505,0.177845015011272,0.356790943987301,0.113188309737036,0.028858905139573,-0.0480500193100279
0.886462785067621,0.20828432929196,0.357531959214098,-0.0646151359796043,-0.0308769851530314,-0.135955331609032
0.935768499344,0.165871119099188,0.379417789282066,0.0576164344106909,-0.00702283965449132,-0.00251348686949516
1.08161049752381,0.146574986563763,0.428408708550513,0.0432956552120919,-0.0131004187857429,-0.0752106387853511
1.06643568111788,0.146212217253942,0.434494507698191,-0.00413080131850194,0.0162432340279976,0.00800885724076813
0.908864387647225,0.18086988526888,0.45759290700455,0.0873793208458124,0.014839775767547,0.00723724257516716
0.771814270575776,0.196158605013237,0.196328864286404,0.247220966113865,-0.195367528964577,0.0331455298174529
0.831031014840723,0.210432197536581,0.21506357643831,0.00913428898828499,-0.0728975876995051,-0.0502428896447709
0.644476843170571,0.22818760424517,0.0364992987094392,0.240445703352351,-0.00701118534833564,0.0198385701249091
1.07656620958375,0.126009181975218,0.000779058884069838,0.356616145948573,-0.152109243785048,-0.0697666556882664
0.920383232754766,0.18510160136997,0.0000277742310650558,0.112224739255862,-0.244232091687926,-0.0636431289344526
0.912894329132297,0.206038251053388,0.567773119227101,-0.0288719088417319,-0.0148083396356439,0.0243817986532996
0.869135141848891,0.21861161832437,0.478273446958188,-0.0397530397549383,-0.0100647374628776,-0.197455950259919
0.96579989730582,0.168895918414005,0.376719291628218,0.09064352230969,-0.0819435878813709,0.00559821235180071
0.832413530871455,0.189303293694967,0.110353153444991,0.0429561805492432,-0.062098100039321,-0.144952200807492
0.875321785663173,0.180039047292203,0.576276965248572,0.0103902757947365,-0.0151313419868512,-0.0186598246015926
0.858899821613958,0.199278762572774,0.605777674364586,0.00848253216481218,0.059121095232587,-0.00717866396941069
0.759746572366216,0.22464556413667,0.161965975760159,0.0396809691649508,-0.0936534721166674,0.0186678267177242
0.767978211642583,0.214783752807127,0.857164268923037,-0.00188648616355862,-0.0090116681042413,-0.000414624933935113
0.859005780948479,0.204249448161512,0.438211002286307,-0.0011981045491107,-0.0037086033182812,0.00292703828253399
0.809651339255721,0.219917481438986,0.427187532701698,0.000498580222979778,0.0179679639894315,0.00232930303423226
0.92944010708474,0.20215778227825,0.468301779566249,-0.00891624188099865,-0.103316388353452,0.0576088966991395
0.879427162838872,0.18976484648351,0.44308928568974,0.0119843323961088,0.00542888164092205,-0.0254594931572366
0.8269011354855,0.208142408004354,0.366785978563756,0.0374018818048812,0.0212307595516142,0.0256217470550209
0.653050638107349,0.243690131060862,0.4576090339072,0.0168781202413332,0.0162974746860585,-0.0286044252174912
0.831849519573375,0.180010753920226,0.554168104150242,0.00368881581702464,0.0206300900038022,0.124430172536746
0.721874035481476,0.245955250870623,0.555602530321423,0.0126595421130375,-0.0264211949799684,-0.00142309040229642
0.744990493613918,0.220540572494507,0.358309641228731,0.10561107776766,-0.0669967999266201,0.0745760702699537
0.934092970883143,0.169687997054652,0.58604618058835,0.00824244733260283,0.0133053166634449,0.0168272351919149
1.06245762787578,0.148657654449074,0.579379230046641,-0.0669949708935814,0.0252321438936002,-0.0284449100103898
0.795541618486478,0.190270024137091,0.128265275941975,0.269791091313955,0.100335849657948,0.0492008224995161
0.904260805338933,0.196319883934882,0.820913609880838,0.0456863220961858,-0.0325121097377772,-0.05054037041228
0.812014774043719,0.195694201327425,0.38934921697031,0.0748369613624593,0.0185485432467532,0.0503434401810084
0.902825510112358,0.189222876657821,0.366189563428314,0.0898929543846823,0.0203100452049847,0.0845408855710589
0.725684537871747,0.223020197793129,0.388947106577296,0.0174343682744228,0.0993030867477457,-0.0462866513268062
0.91965879709706,0.171853295063448,0.526526127673646,-0.00096539538841886,-0.00147173778080856,-0.000386281195379089
0.858909282459711,0.20150042578967,0.41441129559158,0.0910942073274323,0.0206788004756863,-0.131288276255841
0.705411839184618,0.20850720211682,0.283124638314277,0.107387601167517,0.0742861919315622,-0.00574561788355296
0.798190760796335,0.197617888726808,0.619491359916712,-0.0123366702024549,0.0772339021406653,0.0414588084474384
0.727186006106883,0.23805481480515,0.602432364829289,0.0236955260469919,-0.0403373974602585,-0.0419146692158851
0.80301349826554,0.228440856057951,0.545112512387774,-0.0235529493671194,-0.0690992384305506,-0.042512939277954
0.807482549423845,0.199102022771933,0.630138530832878,-0.0254033511321341,-0.0393331314416493,-0.00857335222888432
0.739444111133095,0.217898443202885,0.491551769826515,0.0113683838241409,0.0159180020279791,-0.00491232707623208
0.847301888284202,0.180022185101199,0.290045653544508,0.0565544769948406,0.0262339288257352,0.178103465833811
0.865374662223022,0.198781805607824,0.118934525055684,0.0417446348310579,-0.152722237565936,-0.131499371747747
0.804695198646504,0.198092974231636,0.344795109249918,0.0478906265597286,-0.0652224348019114,0.0104322651867285
0.806327633750304,0.199718741969663,0.522299031502295,0.00365922308971882,0.00496411529548992,0.000542236329618852
0.787139503151705,0.249814493577747,0.508966066812431,-0.104279094654047,0.00785546573909209,-0.0599994894106838
0.762473116313287,0.185635084830797,0.296997059824009,0.27326577652699,-0.0663449408208847,0.0254640101965726
0.773335341219887,0.197696807543343,0.388695846302573,0.0209354524277692,-0.00657987440823644,0.0053832714355511
0.788722451564869,0.191274692959453,0.440060809092064,0.090889871471197,0.0110929625671166,0.00497732836929967
0.69062910205572,0.220703952420419,0.690550557837784,0.0517811722338318,0.0420921415051145,0.0330960840845836
0.930060695430321,0.185275475912129,0.447748320335742,0.0242243374176762,-0.0673151995618409,-0.018347629804453
0.880091990128826,0.2056858621276,0.667922620836615,0.0661752317906941,0.0714197112963498,-0.0243103454339172
0.890318660329314,0.192156407972805,0.693319250413235,0.00566576792395682,0.0261064241905603,0.00608332546720643
0.724798451534279,0.239638065511564,0.675397099424392,0.0154765998198825,0.00868505323411441,0.0519866865880398
0.820733043550825,0.198653628078591,0.475121068726648,0.012002122287526,0.00107143758970948,0.00494111707877092
0.864978922242083,0.192984106711077,0.515503125929044,-0.0486762021029643,0.00400757361264205,0.00484697916737069
0.733478475411603,0.204624320392058,0.23592238255576,0.0286723424045988,-0.0727920984886361,0.0907826639574863
0.708915366634907,0.219837621585009,0.373298532028064,0.0603031684454539,-0.00990638467522184,-0.0246907550653036
0.912575191186456,0.207560086467319,0.436954512566998,-0.0478161874683233,-0.0380767374230471,-0.0375986426812559
0.90001174477489,0.178199405779664,0.671823440822301,0.021412928457011,0.00976441298995945,0.0171568088989766
0.892941280410187,0.195896587507658,0.463267496519857,-0.0405598487402806,-0.0535552760243407,0.00771803034543439
0.950720625761276,0.201228919215316,0.506175952854682,-0.00035690699774334,-0.112297827258754,0.0379530456239625
0.771586988909158,0.199480142084105,0.412884229310703,0.000316749568725412,0.0344258659112181,0.0107773009978855
0.823296070819316,0.21021494884564,0.878399056963501,-0.0444458862235353,0.223347770284156,-0.099540180544827
0.786288903198469,0.176346239369404,0.0583726464951979,0.261021944188644,-0.027258653037907,0.0399313632292779
0.782052019045339,0.185626211292609,0.339506402861919,0.296224538733873,0.148786022903477,0.215227800717457
0.796966422824029,0.227937790178041,0.546543626244091,-0.00374003468414771,0.0123036666705762,-0.0238123092166947
0.891104618778836,0.200494419749477,0.341848738938674,0.030572752973119,0.00526104227919138,-0.136088649063521
0.905371002425086,0.208382784151344,0.471473621453971,-0.0148457447174111,-0.0103579661791001,-0.00767131907761775
0.824885726842995,0.179072154115385,0.427786909010077,0.184085620840537,0.121657192219957,0.121021507961678
0.933136710756026,0.206251263806559,0.358671609227596,-0.149001061418234,-0.136678320908249,-0.0176115187229212
0.971220284227735,0.177711543737304,0.382480175377966,0.00543012808501778,0.0160788598366004,-0.0117523064537098
0.782371049432675,0.222678110263428,0.640435880438117,-0.0050893842053303,0.0504121591227968,-0.00443803068679045
0.895944104975576,0.179525972824151,0.485421954952579,0.0172569152463922,0.00785428370525661,-0.000271868224711948
0.7257282472703,0.224771940709349,0.511618400996127,0.0453929907714491,0.00860797804476371,0.00140350446375749
0.806635354286641,0.21639003708138,0.527778960552404,0.0249145527060271,-0.010810379874819,-0.0378270131394088
0.744770377417849,0.221250703622976,0.268360516618688,-0.0116549749674974,-0.0134036955168766,-0.0317887257775757
0.896797832564905,0.194175910222549,0.520185664890245,0.00496037502869308,0.00396509405684429,-0.00238810929922662
0.763710095031823,0.228782846790853,0.385838715477133,0.0607837062121295,-0.0668022863495999,-0.0276069621180163
0.827632161966155,0.196739901238666,0.530314490346016,0.0178633462110432,-0.0707913969952501,-0.0202398455069331
0.90379495778646,0.183961135526649,0.418073341113071,0.00105374502675123,0.0217155320319094,0.0128496730757749
0.742833998931879,0.217044246390055,0.230582181680564,0.158145596580457,-0.103386253024686,0.115242619990181
1.08337152114304,0.128492096163581,0.585787691189114,0.0179868106141353,-0.0194773890098094,0.0031247125361007
0.85147490222074,0.196010216086625,0.401152968389683,0.00341199564040781,0.00914139080192527,0.000745876539956346
0.731205669333311,0.21974035795503,0.327402214253981,-0.00299091116831936,-0.00546436524394462,0.00593887390563866
0.754285247601729,0.214043041752637,0.560795184955554,0.0174393382788861,-0.00187579312312699,0.0458913681496146
0.950153992849866,0.199932553871525,0.711648530449167,-0.150100717689925,0.0149716923972752,-0.00249520706657187
0.822071045327756,0.210489935843301,0.465262045949551,-0.00159972462783244,0.0055708639548025,-0.0306886121701739
0.7222924804568,0.216676172576528,0.673620504301122,0.0155046229614624,0.0791184695020297,0.0382091920178603
1.03367677185982,0.177375215029352,0.301438787762685,-0.0217304741742295,-0.0691753174732203,-0.0572895185716963
0.995872376334557,0.163920455409389,0.747347801169678,-0.140415476269069,0.0352238661562166,-0.0430706983391062
1.09029712081482,0.156193633554931,0.467689263958259,0.01275478662808,-0.0531040932799353,-0.0840850066652918
0.8498817635004,0.193440581192701,0.622705099132575,0.0262076212971258,0.0283611190718083,0.00692491495379593
0.880604094444218,0.183376927306639,0.752745130931004,0.0320554183215882,0.0428431003137458,-0.043394684427102
0.98874577344527,0.130523546685157,0.319584086704397,0.257100846969316,0.0127273307527904,0.12841429470121
0.749942462622824,0.238347431733054,0.252820195114008,0.077249703175925,-0.10159676669997,-0.0152674765186523
0.792642496794322,0.165276905717627,0.0531901713009163,0.298763118200032,-0.0588240849370134,0.219194605598122
0.702734348754765,0.21276640817781,0.270396397105422,0.174268498803818,-0.05351822283668,-0.0648855898385309
0.964170739238614,0.182085715291268,0.478351204669231,-0.0477564749633731,-0.0268401585296685,-0.00492451321743881
0.860856043345404,0.18698050801561,0.607615563882162,-0.0000899734586999658,-0.0001466027645409,-0.0000765828916349097
0.862691900077703,0.200459988716428,0.412006332144281,-0.00180548002960702,-0.0562265529583108,0.0166397883034009
0.776553770750958,0.209399611890909,0.244249464373448,0.015256095973939,0.0571482111770237,0.0264092373043886
0.90278912103648,0.19747687366111,0.58066326576605,-0.0487087881563285,0.00296107652106717,-0.105311899810982
1.00603539379438,0.178339460949592,0.603742813076299,-0.149797982971362,-0.116614773760566,-0.128348351055759
0.81796370896029,0.202338900160528,0.286154257944141,0.0132876885332998,-0.0164025572671912,0.00169526234057493
0.934668323698784,0.189040580607985,0.396024603427548,-0.00758662864227495,0.0476040819708446,-0.0372166334496795
0.801920677945862,0.21452234062476,0.446817364288616,0.017186762477269,0.00757345138611986,0.0500169570860535
0.785756208020627,0.226948044024718,0.479930214503345,-0.00124800672537399,-0.0663102035303052,-0.133644177212311
0.83893099336687,0.206524329819447,0.603894118213257,0.0507493349477295,-0.0720882711587269,-0.0568820607175398
0.858412652368136,0.195772515439802,0.322139186159042,0.101182965653039,0.0150842719411917,-0.00190026163707252
0.910354060620853,0.203505306205615,0.541212620406306,-0.00090749498193759,-0.0314264005256985,-0.00465896872804156
0.777775706246477,0.199463259446679,0.250678518897292,0.0606993632725219,0.00723952181809735,-0.0127287501471696
0.904802958078418,0.189350271358631,0.276061247801244,0.0612432085865414,-0.0307317034611644,0.00311210895396656
1.01550806231782,0.125831320131175,0.499482699635592,0.150427773433618,0.105027434962849,0.107063424690984
0.813878499924014,0.217589853481749,0.44933696536894,0.00901778708308429,-0.0297517863606058,0.0582417974168711
0.603569055733671,0.262246368161872,0.656761001461264,-0.0620862070585757,0.100231524464127,0.0516932431464589
0.855408541499185,0.189774494386597,0.266131364939787,0.0177497438697525,-0.00241623562245821,-0.0104950622849035
0.845103525776172,0.203951253206331,0.573594108232236,0.0142901739591466,0.0420689335280983,0.00511588551491221
0.93234541606832,0.195241245181041,0.508653219679558,0.0213380360641156,-0.0200189019279185,0.00196033597096033
0.852398754392453,0.17288361366545,0.0197240062425066,0.265412245354567,-0.0579316480604283,0.0427884441824162
0.585014310883478,0.172858640076447,0.556798883217377,0.299504790052172,0.238351746516966,0.309990059061539
0.71195155164625,0.188525214399306,0.674538846605238,0.16768803721793,0.272079407172503,0.133192298391848
0.849437389635649,0.219950659147845,0.522192088614835,-0.0228903128241293,-0.0195864721236617,0.0172584412586273
0.734811116140911,0.218799385693835,0.0461979112522557,0.153778542581506,-0.133973449603989,0.0429480124296546
0.851231250811657,0.179256352028852,0.67090617835768,0.00766982573574446,-0.0226902152710377,0.0512063512048218
0.831359503739351,0.204071399082413,0.674628811264759,-0.0161650222092716,-0.00562506671418855,-0.00599648633386205
0.838235407577083,0.220970051236431,0.184148083691765,0.179365960038621,-0.188795186253047,-0.0401111771604709
0.853432214979462,0.194311447506398,0.434642819513263,0.0145731421357904,-0.0138261624845771,-0.083298916839858
0.689385708666806,0.239755070707169,0.582990726210565,0.00680703115990572,0.00172672155416231,-0.00732530173373154
0.942493882242454,0.180024585646855,0.450450824667512,-0.0000827538510255181,0.0000277668803076974,0.000107046155844936
0.874922281774657,0.192762044841155,0.313555492041391,0.0781594880461802,-0.0558732343805413,-0.0875401285762153
0.770552739624473,0.219358353810198,0.702099883369412,0.00513486066341866,-0.0238819263064461,-0.00330935820039456
0.78810591563871,0.212065055615612,0.34074085184062,-0.00792421106084225,-0.0143197607276469,-0.0133878159525369
0.699690853576705,0.190267960053066,0.701794738387599,0.17466767808383,0.224426559354491,0.181444408814486
0.722086147198827,0.244253577252953,0.445507724243083,0.0141179692177783,-0.0135070431146774,0.0176889204779452
0.605732274599306,0.265147979093315,0.703599766628903,-0.00913420586648574,0.00517433198360885,0.0346530853117041
0.906933810057339,0.199345777095262,0.746567713006457,-0.0269963078741548,0.0384000076013224,-0.00762798052850441
0.793723535245104,0.187893857682706,0.479864918243723,0.000484803913676666,0.0795121037208626,0.0243262749079754
0.64529239025508,0.250720891002106,0.274280480189227,0.013175788127817,0.0215195302456178,-0.024261996628234
0.916876894927424,0.166739519577505,0.459787073608655,0.0100624598927801,0.0546500488927084,0.0194218989045808
0.89166765847528,0.201648569478444,0.287511102136928,0.0666377084906168,-0.255905776554635,-0.137907079511782
0.905063841471798,0.181718505087862,0.225786834483253,0.117543356633289,-0.100386696709312,0.0330743222354096
0.742953449366024,0.218152024462765,0.699972353366765,0.00119023198589035,-0.0285570573983031,0.0352749100492373
1.04912038222074,0.14341132331612,0.330009399434317,-0.0282630585612021,0.00415754684390886,-0.0243225216542249
0.716708191977647,0.241902527481173,0.605944923415943,-0.00854539611377277,-0.000561859823473514,0.00528580347391306
0.780685722624888,0.203714404062418,0.56657227259712,0.0000439491056198556,0.0124613666334226,0.00357760125306452
0.812435052068094,0.21299234068884,0.6890465543016,-0.0526673797192243,-0.0364051107819999,-0.0226803886211979
0.708360232294464,0.221506838383105,0.730644861892223,0.0147469342029127,-0.00307209377111259,0.0243534127711296
0.839804157455756,0.177231502398189,0.5785078369837,0.0629647820320119,0.0855196866300125,0.062735102747392
0.693927071530753,0.23158605450963,0.604980348443979,0.0288913616864473,0.012989949384945,-0.0237818871063236
0.905604949979372,0.217598525343527,0.705025348275415,-0.192701022188612,-0.105884765027912,-0.148225842712907
0.786739320419383,0.224978288506573,0.422528602542418,0.0013532728578305,0.00139478710357936,-0.0294484251796547
0.643317763060903,0.246980505612355,0.347535661675348,-0.0219304555560575,-0.10483062811148,-0.0373170987380514
0.751182444427267,0.223733030083276,0.687533375756259,-0.0235719341076921,0.0264833574126165,0.00635473944038679
0.97372168607135,0.207361605522725,0.202881358569789,0.0774693078205532,-0.135410771520661,-0.207949662322881
0.781756621090299,0.17438225106946,0.554137188172175,0.10266626489299,0.1356716029405,0.0927226889748625
0.928461486584022,0.166926140576045,0.664424178306989,0.044859705153645,-0.0147493519316548,0.00282783227227584
0.897128963767348,0.163536636501265,0.471888094024365,-0.0029827927968991,0.0390863913711536,0.00448214762497912
0.81976071670195,0.214911749101744,0.469954855602733,0.0775517782910076,0.0282435775972652,0.0175061682824166
0.884925324794173,0.199823118160348,0.43996371421986,-0.0175436103573595,0.0161194016192562,0.000147671816572718
0.888726648491474,0.196034013523454,0.723477470539883,-0.0747534194822505,0.000229176438473049,-0.0366753091342557
0.795025329680394,0.212681729203827,0.136836999597999,0.1596259409223,-0.121690435147379,-0.0578890128336756
0.812138128292145,0.203312425071791,0.558041422902516,-0.00269092599010456,0.0085088711846474,0.031679525521473
0.749168410591364,0.209147905981778,0.71887380683112,-0.0336032385466453,0.0449130237192865,0.0619348656432635
0.847112045070572,0.215948455558862,0.528768584735238,0.0183374090555016,-0.0223270924326877,-0.0180164755604403
0.676243383798733,0.250736851186881,0.383586349049378,0.0133747369782766,-0.0186167746800999,0.0115783814878558
0.810799387608819,0.21854093791874,0.538933090866272,0.0141779931720991,0.00838661642334873,-0.0612993299189912
0.816555517437658,0.202599952809051,0.32101347147285,0.119831137195057,0.00320645898860157,-0.0024710525569387
0.830602144499973,0.21595229911692,0.494382080303146,-0.063395354359366,-0.0718664703447606,0.0138028280643082
0.882749135968697,0.186985984506556,0.624513915233404,-0.0139763079442125,-0.0187277192607141,-0.00762145975995379
0.889435314149826,0.18207911378278,0.301018124085842,0.184955926319155,0.0873886538785353,0.00354909368272624
0.945098975845573,0.16293363267005,0.736497475575353,-0.0455867797382516,0.176014717629317,0.012967399445065
0.905759264045482,0.20278620380044,0.464059397195231,0.0490951572426834,-0.0479828493347871,-0.121558823237515
0.867600571566266,0.190679655250783,0.580826596619341,-0.00539272618821977,0.0060066258898762,0.0105494713327463
0.965418210923393,0.180107245866638,0.0332284018754475,0.132944334718469,-0.169249527878003,-0.188716062890253
0.906881847597252,0.20661880201007,0.385194501636777,0.00641734018777813,-0.0886029348948773,-0.0695139189997692
0.797270448386022,0.217078784295932,0.616911646466661,-0.0248583251448245,0.0034895540594257,-0.113503458336709
0.879871706311973,0.185836565899659,0.554753482239616,-0.00495149542431644,0.0152867912261695,0.0086631795337642
0.813277899571738,0.197522111160538,0.491521653941948,0.0271322320285295,0.00304253871368988,-0.0127569065060373
0.809412605916002,0.20704308233271,0.480984745438131,0.0360331462783721,0.0256552903668332,-0.0480453584470774
0.7625316994169,0.210739432404148,0.345051524239989,0.139502280329757,0.00751456903187349,-0.0314642171469112
0.844514270616218,0.20565573451704,0.797578866092747,-0.00992745407591262,0.112712718874647,-0.000983090710200494
0.931478524057018,0.191263884875746,0.706554401262757,-0.00912976780494625,-0.00902663883416671,0.0460594391689117
0.847484645745115,0.198941052205057,0.715734046497742,0.038104610872896,0.060380139151781,0.00135585831275319
0.879351806691082,0.185503337142155,0.566849756398294,-0.00111425358813889,-0.000542454156105703,-0.00181416347586965
0.858695982818761,0.261312481562803,0.428355252905402,-0.113990581153303,-0.16680135035343,-0.198846685778762
0.970581460227264,0.180736605490961,0.606950098721209,-0.000416780966772055,-0.00705499472940937,-0.000844079785215691
0.952895717019415,0.160437108561524,0.0954278397499069,0.225190146594999,-0.0759669456701006,0.125626870844747
0.985879134807784,0.161709647796704,0.353929324808022,0.0504913204085137,0.0110568821293439,-0.0645159490056447
0.802041042391975,0.21422436153435,0.566024962000423,-0.018834260782854,0.032932625726958,0.0460583810402359
0.941995704065425,0.195406867638771,0.305608496619392,0.0336726799627682,-0.0213117568037535,-0.0148201045286251
0.762391290975052,0.22410329022324,0.601222360365688,0.000193408182771221,-0.0112346997989719,0.0387966178445005
1.12241450861695,0.130489786079796,0.250577392518485,0.0104811455274461,-0.00384902088291406,0.00850916011793867
0.757613838325214,0.206483339778235,0.389380786276334,0.162100342644451,0.00783630484678778,0.0853513763331496
0.779615072867664,0.221254512639754,0.502369652804538,-0.0483485598958891,-0.0355683888008587,-0.00188835117054509
0.764359204068575,0.228656114239694,0.606900453792553,0.0153818197001121,0.0184536465902486,-0.0249436413595606
0.779102207097604,0.217581329135696,0.53867541761693,0.037199508117413,0.0427814550693977,0.010899877201873
0.9041516900197,0.165503170867319,0.39710378217904,0.118973813238876,-0.0766812358751693,0.00868372334700626
0.894037611790021,0.162845832867982,0.0499728059272204,0.102597061433208,-0.0954150124030125,0.0514144418981512
0.851973874983741,0.201876831792944,0.525423594110002,-0.0595609404377841,0.0298148201793851,-0.0579377609237101
0.786060101795504,0.202809211334662,0.59788722452605,-0.0467489512510845,-0.0307723404210279,0.0499206905903909
0.81785487167177,0.220281582160874,0.30730949406305,-0.0619874365659954,0.0167705842730163,-0.0137004343914042
0.53581139536755,0.28108028698494,0.266240205611428,0.0713015224780943,0.0422879244387004,-0.169472824149181
0.928488700204843,0.17534058603915,0.421664890743804,0.0158501133653302,-0.0189093136140752,0.0130194076640362
0.953298995979982,0.162064094500337,0.74408556668978,0.0150012539056733,0.135107523379801,0.045687476927949
1.06062554774335,0.149811035706315,0.362084697807337,0.00770916635449744,-0.0212462119642254,0.00222175392134676
0.855141011481699,0.179061029179809,0.527033281562613,0.0614711708885583,0.0208496729139696,-0.0109128479996171
0.927112335567375,0.167317728489022,0.568579320710896,0.0830663530897046,-0.0158396092126984,-0.0132486801346199
0.971085595456285,0.15771348603982,0.373037016248865,0.00590381398016114,0.000785971764268744,0.00286013029740268
0.77331747867619,0.209313354236409,0.411815887940488,0.111871413839541,0.00530992891729239,0.0389918181032979
0.975672043050325,0.199827030566836,0.570266682577213,-0.0468665966970616,-0.0170452855625607,-0.0107452245235564
0.963040270733295,0.183644708616811,0.387925424441773,-0.0062273935689946,-0.0665187295531082,-0.0361360503332612
0.923927958063124,0.183510105142113,0.531878908570613,-0.0542209633839649,0.0239170411354379,-0.0269552109105233
0.939789536498841,0.175647897705145,0.535291750303482,0.0618228695252482,0.0333437300818907,-0.0127736518470977
0.841100831304667,0.196432910049257,0.820645166463299,-0.0154771865108869,0.0310814286790681,0.0869398765342125
1.01139826366089,0.178752923381766,0.148081646273335,0.0657888210978239,-0.208295219366114,-0.1272107641162
0.822902798845644,0.200467659355241,0.603855023066671,0.0513029020443491,0.106634653572688,0.0727619745325074
0.852334981378138,0.18879148715272,0.615551653627209,0.0622307673413286,0.0600536295656107,0.0513488426702762
0.886721854145245,0.190664567408726,0.916435543524261,-0.0911511016741826,0.0658079124088934,0.0824741513601158
0.845930663348497,0.19933163750003,0.574998945472451,0.00936597085854578,0.0120539716818785,0.0360564064622925
0.98031324818884,0.176866066290879,0.609730812936173,0.0145515441553401,0.00941464412066828,0.0139846423553853
0.833088351362279,0.210052543238918,0.629352551880461,-0.0827159452782756,0.0232912462421485,-0.0381852584438805
0.799476934703002,0.205394612542624,0.651377458857944,-0.0368724266640262,0.0143967296708755,0.0043560240052988
0.896339523987987,0.183820397849348,0.26886771349022,0.0249603831494428,-0.127115878571378,-0.0598681111494718
0.640446564377863,0.241905885779258,0.444412883915901,0.00731720868952158,-0.0182998121796233,-0.0513020902328296
0.82664361734495,0.203933813699464,0.652886135850687,-0.00396808483701308,-0.0720213800227907,-0.0383646755500113
0.74119933539768,0.207197191366775,0.44470884345834,0.0703145755071015,-0.0107920067733747,0.140457540356784
0.710340202209482,0.241798659781392,0.432353830486885,0.00237676621203644,-0.00213793993146115,0.00193450262467062
0.681651041751114,0.231555639795876,0.343762241654488,0.0527871837006396,0.00243846677565513,-0.04200431767734
0.848063297562709,0.202927495175496,0.453858141143726,0.00251158613574265,0.00843999217335355,-0.00134620551879427
0.948498697227739,0.159297927012806,0.321978758841348,0.0885132113709461,-0.0109016583045242,0.0793303485990347
0.826340068202643,0.244257119216486,0.44653974685383,-0.0556798481140253,-0.0564094463238334,-0.0421112561005157
0.944469304674226,0.169844441647105,0.221136938043598,0.0214878472742877,-0.0137324081565062,0.0150009215366254
0.805047220284334,0.22263145523808,0.179667611803715,0.00799358339101598,-0.00189567518082227,-0.0127341561525419
0.911500620080839,0.184409403018346,0.504300554084225,0.0018046589764526,-0.0293096702407067,0.0170780078334363
0.796505000162489,0.196255412882476,0.375470688539776,0.0824624811593525,-0.0377382996993681,0.0227144871411326
0.814075008270333,0.18727511801645,0.638126147758239,0.043126204096747,0.0293169919176332,0.132081220161796
0.693446771029203,0.238596705107498,0.188981243650024,0.17500080918175,-0.162077245534755,-0.0985803483534551
0.909337011233272,0.193156609523445,0.491475267831637,0.0201293117124313,-0.0108699029311286,0.00114328272930894
0.911525001074117,0.17782554311794,0.414957397474658,0.00409258208654359,0.000697321104350951,0.00368203793334228
0.829790017118497,0.204130605824543,0.603369857497455,-0.00107193891256514,0.00143810529307935,0.00215301667566113
0.991763985145468,0.161615992713385,0.289460302081541,-0.000522159637897976,0.000357928981281638,0.000176227065653345
0.719101431624783,0.233221661431638,0.414250024513972,0.0419482227364515,-0.0277861396119163,0.025683913424877
0.878635318532483,0.19154075751097,0.573072822022929,-0.0497585258416589,0.0262312693801916,-0.00810580836669176
0.826840530773151,0.19694716790053,0.645377526733393,0.0562161893829429,-0.00499223425604656,0.0321156059248303
1.03555524769837,0.163669334559658,0.419128808266693,-0.0341242524415247,-0.0200715423602107,-0.0041015629386145
1.04062050413402,0.147349416123075,0.322135070928993,-0.00978242747979741,-0.016256515059252,-0.0339694672289124
0.742290520177776,0.170387073539336,0.233527645938912,0.216664526744983,0.0311845369202942,0.0176783505910073
0.825000265689977,0.198877964397596,0.491034555466374,-0.00420276406523125,-0.000129198499478293,0.00797101434412516
0.826146826748015,0.192806689656543,0.523264397650521,0.0138125318653059,0.00112274738470147,-0.00271013944257681
0.785703285664569,0.202543661637845,0.414702576844786,-0.00794554648358672,-0.00376158831785152,-0.00140223563304346
0.908480244100791,0.157980824326446,0.389569945826684,0.00942899587990628,0.0229399815408364,0.0448894386038934
0.806275866080508,0.20401837741074,0.437536024682898,0.00152362635323653,-0.0019198416151252,0.000244911139828712
0.825801317988218,0.200296430172861,0.326411871610414,0.0323400210183596,0.00580081471088776,-0.00421916312021362
0.895159044280939,0.192403953220042,0.638746591596816,-0.0076850388971042,-0.0087474615734886,0.00918892471667039
1.04368200085329,0.189278505478224,0.0555174495173599,0.0877185058701604,-0.242178922200921,-0.128020747501463
0.982973849880273,0.167979571934387,0.643941370912853,-0.0288545002627678,0.0234492979536997,0.00319160428715061
0.960590721039815,0.18880525670393,0.517710795567877,0.0362746383615957,-0.0909782525395513,-0.0226100400522901
0.937716666248064,0.135173188480873,0.16768963094253,0.242816344670249,0.0470356629643842,0.104389526043034
0.937995084161682,0.170047163313637,0.453807384144113,0.00940406542030647,-0.113436695090029,-0.0149749088126418
0.673268013207337,0.229888818102034,0.627198584943954,0.025510885873896,-0.0488328812628616,-0.012409238926996
1.0088275922049,0.158849959466221,0.543740482234295,-0.0549727899256519,-0.0542782479792205,-0.125687766617315
0.95721332629509,0.176425006742653,0.745663532547793,0.0242433953198574,0.00475665500019689,-0.0112636843061293
0.844548746654319,0.197959587207558,0.517427784427249,0.00599406704133981,-0.00262010396094225,0.00168753462876996
0.856270322800616,0.215205657011917,0.671392843647298,-0.0364874568738004,-0.068355661843144,-0.0809394771801479
0.851250866613996,0.204831255403952,0.716260708906146,0.000627409656591409,0.0894280982460852,-0.0093871920280038
1.04437553808987,0.127576843743785,0.38624752664581,0.0604336575958113,0.00566843843945571,-0.024390696895492
0.970366704417102,0.15580621618363,0.258093551282917,0.0826866249423906,-0.133952220490381,-0.0707274616314179
0.900067318322304,0.184381646437717,0.614603312482949,-0.0378593449189093,-0.0601205214003983,-0.0141705020617911
0.86585272105149,0.190841489849877,0.4597684414575,0.0278628549447905,-0.029081645233667,-0.0374730877292485
0.631707654046949,0.2200986295991,0.144082645954612,0.202197177687145,-0.124485726134915,0.180822310361666
0.861765946919993,0.176828028262259,0.811656919258822,0.0307906588924779,0.0281962566410097,0.0420296003478625
0.670176160612042,0.258833684857043,0.596323183102171,-0.0093445570639503,0.00456749294645582,-0.0435208679120388
0.945334524837497,0.188360225851026,0.467892745117787,-0.0112261383138001,-0.0315923079005108,-0.0122220687355031
0.541826779563719,0.269360422482232,0.472052432519342,0.0715038083097082,-0.00123307541887167,0.00550397468451655
0.638041707561682,0.264220239079358,0.204089936832813,0.223577085185012,-0.148165010014879,-0.0540698435922599
0.779279978819956,0.206341197323373,0.215391790280691,0.19787147674694,-0.0768603701832312,0.0274669895891843
0.871470951685857,0.223192638663553,0.176403546657408,0.138656364876625,-0.128510608028332,-0.280581060511206
0.861281762666979,0.203286393144125,0.658868337260733,0.004064546653523,-0.00468945286791498,0.0037514927734557
0.89574991331362,0.186249390280962,0.234594604030532,0.08141840015134,-0.114625590682637,0.0566455080145166
0.846800718849406,0.206450895366587,0.453968627836959,0.0022635020595127,0.00246036996381656,-0.0432411334344162
0.97629566961536,0.171801374099469,0.599346825650884,0.0179903589993095,-0.0574381327919813,-0.00625604529238755
0.9057158532599,0.210726952944012,0.410516681063088,-0.0576400113763258,-0.0392100306629687,-0.0439820414333862
0.877850653210462,0.196054008354958,0.704258615863887,0.0444057669741645,-0.0886102825622082,-0.00850489398702507
0.788698830570249,0.218630312969488,0.330443224925794,0.0895264129260674,-0.0463341713348167,0.0749896678315587
0.787187578247526,0.21839308155579,0.625253663040398,-0.00450705357311722,0.0574778893616541,-0.0340318032337831
0.923841542412272,0.170838522142035,0.371678559904615,0.0188304217911696,0.0296189473779917,-0.0253360707547739
0.899165589940111,0.18643305846842,0.526971661398823,0.0127119943603883,0.00072839901622601,-0.00816119506817618
0.862242227805679,0.201295702988913,0.278079689855002,0.0689091068938988,-0.0925827689748612,-0.0530645177570042
0.94669708850193,0.183801717797978,0.462244923367262,-0.00148860973533766,-0.0187527814830999,0.0147183023830468
0.676572041056427,0.236103593226467,0.690834783203909,0.0328994612707052,-0.00418237308667022,0.0487390907201933
0.797217238623111,0.224775033303494,0.495377068336162,-0.0320379713788438,-0.0669892884164391,-0.062900364305269
0.779245999298882,0.203334151956067,0.485351682286358,0.0879808452980332,0.0396525789913103,0.0507014169459133
0.785826398509407,0.202475864298369,0.372693645681443,0.129560255398055,0.0214044373512542,0.0095603631157167
0.816030118391417,0.177830428394692,0.158542430795332,0.286323718026502,-0.0707756764896757,0.123853119773244
0.910519154324725,0.19516826285885,0.639014357902574,-0.00204464337908346,0.0780014190850261,-0.0731287564753613
0.745318129544226,0.217735746408433,0.530575815811916,0.0382202355276277,-0.00834407871247972,0.00604114089680347
0.888664348191432,0.187113911026362,0.456467211030574,0.0170289086135853,0.0231715217051875,0.0266551113286176
1.00904261486974,0.16592086961813,0.466688362699382,-0.0394932196494449,-0.0951022342609232,-0.0155243997418966
0.896659050861866,0.191618429906492,0.245925651247546,0.114561776882861,-0.11356660464899,-0.109892852077511
0.847879628478387,0.204587730922441,0.34748154783045,0.0470738533517034,-0.0189622667537325,-0.0181447220868676
0.931947238857955,0.176263574892383,0.638020535947249,0.00496432789578785,-0.0372506283844786,-0.0586816272002033
0.745637902479133,0.280827576020037,0.312671221181076,-0.178415066045821,-0.334348224080204,-0.200869497951935
0.741715961071941,0.237018084662131,0.634215050468456,0.00795325649860302,-0.0152806266186945,-0.00428959998176442
0.809691590554051,0.194051978646721,0.377133826335667,0.00106094530789942,0.00126526867886634,-0.00165180172087965
0.748968308491409,0.205827140846889,0.330234483437281,0.0706116573005508,-0.0542609096236824,0.0479229816165359
0.941943071250548,0.146268154456459,0.318034639951764,0.146898364640197,-0.0665278788616683,0.0995544811287812
0.939323444644069,0.19726880299771,0.6127971829897,-0.0359726365660011,-0.0178241369232762,-0.0843812683763707
0.879034325078486,0.176909763576731,0.176944583678034,0.00418639824603888,0.000303546558463593,0.00184611823861736
0.925560179365844,0.1787138075149,0.513828746616073,-0.0223417246880798,0.00530366867957706,0.0262291586213684
0.890311582735297,0.201063719888127,0.625911025413656,-0.00152122928555697,-0.00160822719900954,-0.00100840395458786
0.981315807664232,0.168733359414614,0.338920548773055,0.0340179654254669,0.0318796519083103,0.0266083052355067
0.829269426378975,0.202047342809954,0.508786054859934,0.00910617751274169,0.000739824397805401,0.0552411212098765
0.882894413366792,0.167968330507536,0.453144262018463,0.0163201946018834,-0.00799305696654237,0.0797480320786309
0.772021525097713,0.215632985803735,0.266731352301771,0.030774872987126,-0.0265226144450464,0.0311909587049378
0.869965816196183,0.199113518855012,0.449167804382463,0.0922765023684199,0.00428932031957515,-0.0165431351850298
0.726419494542989,0.183549686468754,0.645148631056716,0.135256504976243,0.146303452671698,0.0352821884382516
0.864786358256339,0.176586963619664,0.506361009422471,-0.00119770155937403,0.07872618549839,0.145276488966787
0.798402173245327,0.20204376886556,0.572977114673172,0.10538094441215,-0.0746322385027489,0.139809176801414
0.827360442493702,0.217480566794919,0.561485618750871,0.0109050277942929,-0.00495472432353454,-0.00464514586862497
0.880783318097262,0.197513141777278,0.48540365086221,0.0576005868568577,0.0295212252458176,-0.0475822060745514
0.798842197375156,0.217938580614345,0.485430925735401,0.0348412042600769,-0.0195826022423835,0.0528151625670429
0.747089650338423,0.220405671215879,0.633622436917672,0.00921433248673246,0.125205442989077,0.0345861255175407
0.89124904045075,0.188042572571009,0.615981420864124,0.0105294994573872,-0.0395002085092315,-0.034684150937288
0.76224893932715,0.235363352270831,0.664030494867367,-0.00134586966920818,0.0275577779077859,0.00605232371594898
0.744452551896099,0.205189442741973,0.417208454510459,0.0475621841350581,-0.00724954695210743,-0.000738046530180383
1.05919632095022,0.160780649848288,0.616648575188015,-0.0259464832070466,0.0121462230787019,-0.0254974583733566
0.5871415675249,0.270461975087226,0.43505769476257,0.103569111580171,-0.0421527029932979,-0.0455892937038478
0.869386893562201,0.211650302389674,0.179925797458322,0.00274673439336506,-0.0441972266051445,-0.115258564576146
0.904253337398971,0.186820583964147,0.302201612967167,0.0916457761652591,-0.0828338687188088,0.0578892318980615
0.862795421656346,0.196157489186213,0.455832493404334,0.0130231395611441,-0.0325930527127713,0.00140173216114519
0.952331772738762,0.190015203874233,0.6633092577467,0.00821592437216569,-0.0100459213197903,-0.0722397030599436
0.665359553943578,0.240305508479938,0.550273094057052,0.0287803161685688,-0.00127453200693756,0.0297836302845675
0.74790225832175,0.213855881169247,0.395186446704696,0.153322523626542,0.0270038733493867,-0.0214033007132107
0.90276592216877,0.193001867775608,0.651885018914974,0.013433093723639,0.075848604956323,-0.117771523566916
0.838778652629412,0.18100299368348,0.0707896419195341,0.166633852702153,-0.0149850558111774,-0.0122322991236698
0.779525144806676,0.226748876433689,0.543392196998811,0.000305469631173425,-0.00015839163949995,-0.000242775696944792
0.82413804162576,0.203048380100587,0.735354876656996,-0.0256191267656611,0.0885152815032619,0.0699854989932355
0.871114512681758,0.182345304984106,0.3739279373297,0.010485516408962,-0.0269233783562579,0.00729266684852231
0.833257143092804,0.178847493087215,0.254681641142405,0.161856266731385,-0.115333191664574,0.0453989495390998
1.02101964382201,0.168897086269874,0.634649806320042,0.00464994005368579,-0.00965090941162772,-0.00924488906261461
0.835203152208346,0.197554016647836,0.295372934016351,0.181015339871002,-0.0480199574169953,-0.0902785223537073
0.993076181509477,0.179936980490844,0.611946696202974,0.000225984123381061,-0.00111680487399488,-0.000944378520564068
0.896149870204879,0.169380740657362,0.121433234563695,0.127394582310098,-0.0841610443459358,-0.0486439276381897
0.894372678123685,0.188195192484764,0.648602631040122,-0.00111284122311414,0.00406038725663394,0.00254473069540752
0.872084532178184,0.196702007848904,0.612336868186899,-0.101046525637993,-0.0961802901035346,-0.0718542411959768
0.773414819031516,0.213300170185602,0.469037366132678,0.0174023664683015,-0.0385351077873422,0.0305325301048974
0.942033929710236,0.165997694804614,0.371089414547038,0.0618456512636512,-0.00813118946217642,0.0151880979981133
0.872817028001978,0.187272432362244,0.554633866464537,-0.034442474098086,0.0421136227908799,-0.0326402669254267
0.939022180101502,0.176451260002707,0.65245356513157,0.000314565216724439,0.0240403609679468,0.0275543511089004
0.856370152404448,0.185831115036535,0.349843668945648,0.0647345927801954,0.0237654174607873,-0.0773303279393666
0.939125360262954,0.17547279199623,0.455224491063003,-0.0265265825787008,-0.0129724350857492,0.000217896508724073
0.693499398737687,0.240442415291243,0.453760420879906,0.0115457704428393,0.0335242496537349,-0.00426355418888843
0.689559268328618,0.241323874872713,0.561826269461865,-0.000104778041863991,0.000432578357526152,0.0014215675448919
0.929757938919547,0.201000803570955,0.408940069918085,0.0216028138815572,-0.00164102442403046,-0.0238541224406746
0.917217737175198,0.173822673990683,0.462331108151609,0.0102980924944094,0.0176204612595765,-0.01142466093141
0.797898613112866,0.209702135099083,0.451876897633754,0.0142722662139047,0.00200549453616748,-0.00880228748113825
0.954970778761828,0.16933796739462,0.453562590159238,-0.00718356552081932,-0.00464350814710064,-0.00367246136047155
0.809808634539353,0.194379504156479,0.604234662190863,0.0185058531957166,0.0453226160054243,0.0101855362480927
0.729576299397487,0.209129019062044,0.536200597097821,-0.0238450172634184,0.0115043539429418,0.00136164273909354
0.782279837125635,0.210342802842723,0.0161196588382033,0.0349029923201365,-0.0605299663566828,-0.0811330610810735
0.886143240819771,0.181721487014662,0.424351451356807,0.0999811146805181,0.000863256366815438,-0.0145689958896344
0.814343847573278,0.196698713440675,0.256101630698858,0.0854679411814492,-0.0188319543905401,0.105678659781268
0.80085066338387,0.206209399076632,0.418001182271137,-0.0316811342496195,0.0452614616832062,-0.0346916680504203
0.926422694502728,0.191685785339771,0.385447076316386,0.0392365982370748,-0.0852578433224984,-0.171405284051166
1.05428841452609,0.166375846414323,0.374088544699085,-0.0131879757976551,-0.0311555842772824,-0.0227087050966849
0.990873662438428,0.16336514191448,0.434063981958401,0.0437161469758034,-0.00299749450862336,-0.0527679724348382
0.841864514248572,0.198362614944509,0.391334367765992,-0.00727313191882516,-0.0542290767127117,0.112687997583563
0.855128867922027,0.201312393821278,0.590155705463195,0.00178422129448927,-0.00179149136501915,0.000989617580406393
0.680572638246959,0.238029374449668,0.644256809525199,0.00438317082926895,0.0124120790908096,-0.0194441197945271
0.889556820135949,0.209259570167565,0.45979525531114,0.0434446743821395,-0.113394164521836,-0.162025980032357
0.942047048176094,0.176080320054884,0.511317999487944,-0.0229514347027416,-0.0184786160054364,0.00790062564425682
0.832701352789168,0.183858481480005,0.449465316706072,0.00617821648981525,0.0243593475395287,0.0297327202527334
0.919528160242295,0.174397570203658,0.568628661452628,-0.0672535290368201,0.00310854071036477,0.0260072996585346
0.620154270734639,0.239433527234592,0.140131610988563,0.196365045764196,-0.127830252708696,-0.0124785758574619
0.962870017026647,0.165637912159212,0.606783196595379,0.00131172579953661,0.049919929103736,0.00977270479663025
0.807299195008234,0.235142085057346,0.524269220523097,0.0409630622269354,-0.00704546894598087,-0.099244165337957
0.8378811112758,0.188251476481625,0.144866057072554,0.240444668881325,-0.158434670449283,0.0204294325467622
0.773379188471324,0.21003829087539,0.477468909072074,0.0317020459275054,0.0296396535036319,-0.0651974679589313
0.847858949381931,0.212595220345881,0.623632814300987,0.0238845875764846,-0.0106036377925647,0.00046412493068663
0.803298501030501,0.208853249885354,0.527797731331621,0.0164402285440235,0.0425168542435409,0.0478223307698422
0.837307964429433,0.203241668375222,0.344153085801759,0.0665722134666987,0.0296260561687502,-0.108543235937454
0.860871774701095,0.182111161445369,0.628741145681245,-0.0353784742502539,0.00862285228170444,0.0257083221592102
0.88847762817387,0.191955941239525,0.496556815249649,0.0522169497553844,0.102735973991196,0.0405724289315591
0.734099883397914,0.203578616390616,0.486435045635035,0.0864155212295166,0.0893519840798103,-0.0233876392866229
0.769527059701404,0.183702743225401,0.275110651624531,0.186088767906697,0.0789852387076966,0.0500571614905579
0.802366237862522,0.230125207760784,0.372929359637912,0.00489766945552708,0.00461863703269399,-0.0144580725753782
0.895210055867018,0.182837485834929,0.630138040891833,0.00485859989659528,0.0242990165748034,0.10533457622662
0.550693310394348,0.286748594372359,0.262302371779817,0.0360460278318002,-0.0346888016912944,-0.04360873058495
0.936876167122146,0.159825660764446,0.539954475342297,0.138233763568221,0.0326909445476599,0.0661704026646112
0.974591739183695,0.198822296371811,0.0177975359220171,-0.0609594358055806,-0.253893593431461,-0.292425227902327
0.831819474205054,0.21331271170744,0.184407689231109,-0.0149331954633744,-0.167080729253006,-0.0360114668850691
0.749652149394705,0.205490874458762,0.414980646849061,-0.0271369732042643,0.022313434714706,0.000478178265036636
0.903690431762999,0.197330614898019,0.594010862211467,-0.00525696126440188,0.0106482251529725,-0.0207886331882784
0.732572025302559,0.23703070078057,0.455675661248793,-0.00362374999175029,-0.004590516776917,-0.0197132110267888
0.991302379146223,0.165002703043926,0.413596796002473,0.012266084194902,-0.0643062348068705,0.028875066875891
0.634029030499526,0.249863615670302,0.39326215982603,0.0151235490913752,0.0352914491510178,-0.022591818793505
0.81683847248775,0.221363186646117,0.306582696574085,0.135740264123336,-0.0776123774056381,-0.0168886484674869
0.899453111631137,0.186034747251594,0.487910580745563,0.00874427702068319,0.0349478244862233,0.0158134826767384
0.863161769746047,0.196477565709879,0.332704893028159,0.0428602763226007,-0.00341010002292232,-0.0240167180008445
0.999857044775389,0.169994350139796,0.548700544513664,-0.0221054954190559,0.0540920262751036,-0.0101414923993865
0.77640263155023,0.229908846993546,0.239078706977777,0.101103698309575,-0.0749592432709397,0.00194815412370294
0.996390700480355,0.170443917819824,0.330542375851516,0.116398276499873,-0.0687181304121535,-0.00747617654920111
0.882765420690858,0.195030961085381,0.629342260402161,-0.00167346017392493,-0.0105819551026039,-0.0257747691503622
0.766683912609817,0.205983366858983,0.0434735652662041,0.28887243286258,-0.0375272980692058,-0.0756905771531655
0.903592472119452,0.193131128810861,0.43551671375251,0.0421724957927777,0.00778163482699294,0.0245659305708733
0.826801931386549,0.158183275527268,0.421544168309926,0.133547223442544,0.133042158700304,0.00739606039608552
0.879641704724968,0.177476608994653,0.403328364707186,0.0248492252379697,0.0108503792590969,0.00484418556199118
0.705908914824311,0.236180691773632,0.132893109132454,0.118055760886393,-0.18423825394198,0.00299846148682323
0.729543749724168,0.230413580812299,0.53275939029683,-0.0399316529212771,-0.0330408717169053,0.00556432812473295
1.00141975973965,0.149758065394251,0.436416027289864,0.063968478837362,0.0158686891911979,-0.0295587077887038
0.790316325866039,0.179956020182222,0.533984100696104,0.0186305159304901,0.109597073021021,-0.017374351396967
0.906032833030276,0.221120587777078,0.614783746722971,-0.0820635986903375,-0.0988957361025584,-0.00816687327273423
0.862632433068582,0.188386896827765,0.572815894177932,0.0818809823434762,0.0763932238610135,-0.00299760526429039
0.789313897027994,0.213559964982754,0.322459169753641,0.0158326787181079,-0.0081938313092315,0.00390994578584015
0.857557954066459,0.189603752785606,0.596240800793768,0.0162277500097576,0.0521361006745877,0.0299896731566547
0.924387687085102,0.188727836324027,0.327431453541403,0.00488123595372526,-0.0238621101121238,0.0102740725508621
0.805007171319136,0.228617414212656,0.265477378354362,0.0257677883710013,-0.00118749978943207,-0.186828330440218
0.702788067428499,0.2614286396811,0.485378162916295,-0.0480041446639127,-0.0249762408139539,-0.0741816042886466
0.923083975002122,0.167378802395766,0.297291214219154,0.108601327150356,-0.0231474634833294,-0.0150168422411657
0.780680425392996,0.205294883883855,0.480447915526788,0.00390271136573947,0.0259515547267392,0.0169341298730348
0.759045359224522,0.204272695243115,0.555457862460288,-0.000900657688533403,0.0104723384172585,0.00670849642323324
0.688500809633812,0.234699875310176,0.494763006581175,0.0140314409816424,0.00476610048422228,-0.0029247912433576
0.708296430529344,0.240943944513571,0.556980892901459,-0.0426412017113023,0.0334803395979123,0.00128711900929166
0.84895236835273,0.173064336504492,0.360199835446264,0.0714810334730081,0.00452183520118118,0.0121839228173401
0.730834799536572,0.215708312003761,0.0503597829319363,0.373615007510345,0.0284408153151914,-0.0303219152124218
0.609918374154721,0.237957055259284,0.626949494901379,0.0165770132023226,-0.0184038845678299,-0.0226405105172491
1.05445584403099,0.175778723365053,0.246559440947729,-0.000791859800074912,-0.116661073909563,-0.101624370359556
0.948847229851281,0.175143504097686,0.627269595493061,-0.0068184278709888,0.0385448691105692,-0.0232292120480027
0.794217758267187,0.230558628904262,0.733404923546333,-0.000624216747025608,0.0128164654716548,-0.000349576184185419
0.881116471396261,0.207618945302362,0.62158278553644,-0.0325320490582336,-0.00234278164027254,-0.0604338271343554
0.732112822012248,0.221244674019121,0.528025950145493,0.0110395131178698,0.0298757474891359,-0.0568846903361349
0.822776802508009,0.191097342426941,0.200517318994078,0.144629397146527,-0.0456940175786946,-0.0549698133725162
0.86657314716435,0.17872692400575,0.184095809078206,0.186481887140331,-0.0505065369018867,-0.0392692682325237
0.797621854487815,0.183714749316196,0.471256145255941,0.0867150587976599,0.0134803376030334,0.0970193390262118
0.8983287529225,0.1885356341973,0.413960598411283,0.153113283755482,-0.00733036230361588,-0.0943704087110175
0.880829195980648,0.191860243448128,0.578097085311203,0.0840174071845711,0.14262896887871,-0.068204370723143
0.958144349454116,0.183696640406769,0.448791117963562,-0.0380063556768675,-0.0225445241240158,-0.0595173234233739
0.678028543040752,0.250490413983424,0.647469394718781,-0.0317142040012224,0.0822253518606772,0.00418689708855537
0.809107778114217,0.22223942779272,0.404282528036955,0.0188787976763822,-0.0641687136148945,0.0133998556081654
0.671738782086412,0.253425363578453,0.497765565179218,0.111090215376556,-0.0113712260112885,-0.00272001781851443
0.826193825975622,0.219890655534734,0.475299597130679,0.030825032985235,0.000704846538192578,-0.0333475106003924
0.846914796684612,0.221669314359265,0.617399562222346,-0.0135202698382192,0.0256067168952778,0.025346581048291
0.810786278104912,0.216156898237117,0.540589389728651,-0.00139691835308666,-0.000853363445572067,-0.00126376489509907
0.809762009282324,0.20662395827375,0.53170189709481,0.00146577895179725,-0.00108487122125135,-0.00185093918815318
0.702445861311158,0.243174601638561,0.511325994926855,0.0282211154583758,0.0496329547336277,-0.00755065786347812
0.871361195865671,0.184734239359129,0.312111556999312,0.0248214790657355,-0.00674439951373125,0.017665503165696
0.916402787066614,0.189678222801356,0.601885695733835,-0.0157268970043739,0.0759520366749866,0.0306559859549978
0.870675299612788,0.178052894389722,0.611493022810306,0.0852572382943448,0.0903205428962627,0.0212829165119306
0.705695189725478,0.226888796981796,0.544029574077785,0.000022259636582388,-0.0000259098650726211,0.000134857602723861
0.848594380857423,0.198207555609083,0.227667720656515,0.0911179233968797,-0.0930986234924074,-0.0834522231671682
0.93021464371331,0.198472834186678,0.435862867540915,0.0336777215279659,-0.00305725252560533,-0.0225308160126006
0.974010050226169,0.178624206422921,0.508328393655524,-0.030707502348418,0.00119718626898713,0.0415725973218409
0.996054933358397,0.171577006609526,0.196869070548306,0.0443963746581804,-0.0920005294842197,-0.110034001888803
0.914548653834623,0.20947658797265,0.399536868286299,-0.031518433506902,-0.059592289396247,-0.122490940173462
0.941609606144684,0.13976749287508,0.58891605294308,0.164828267047238,0.163790364625047,0.0305689448408498
0.881973900900373,0.195855164671707,0.610543658421385,-0.0434897400256208,0.0187442814048301,-0.0290333129345195
0.87934474466833,0.200913875411337,0.488025457563079,0.0148976039632836,-0.0213660264829825,-0.0275796697472639
0.724602257706398,0.24045813534103,0.676574668197948,-0.0173823173515682,0.00227757454607111,-0.0062327507114552
0.952946915927798,0.185811014895862,0.544202172216906,0.0481376826397106,0.0463650722993112,-0.0258939588128142
0.788884284182649,0.216429441448441,0.638280383140365,0.00363116044626994,0.012687886499564,-0.00419137695593832
0.946909592999146,0.196929651867037,0.455913602878204,0.00722803649568112,-0.00568636992542928,0.0176182375746897
1.02045491481329,0.141079102770598,0.369420672419705,0.0491621616312999,0.00640878980887098,-0.00856380709311504
0.944633904597688,0.165814586887732,0.245586310567906,0.0231751318873545,0.0105912505383093,-0.000792004019751711
0.902572440698654,0.212433247860968,0.520662358130128,0.0169527314570295,-0.0296252991013211,-0.0668796958851885
0.825889284520725,0.196628225572554,0.42709834767833,0.0415306955700323,-0.0413289357187988,-0.0295365079380234
0.842725022145182,0.197034528800728,0.242325287993702,0.0190085256501439,-0.0273631655745455,-0.106035597050065
0.764398246717457,0.209387705861386,0.290783227887845,0.139502035282008,-0.0914591304895007,0.0608091676047361
0.923078733966224,0.178355028041001,0.562309179195233,-0.020287098559402,0.0265105981451598,-0.00266837751240193
0.867488888478326,0.172996367567724,1.02643193911391,-0.0257333657150164,0.313277314524887,0.103656596284379
0.832637098103283,0.221686698919925,0.524999318680937,0.00306629630900196,-0.0176320580824858,0.00699307606373328
0.826666325505042,0.220052859840911,0.555362191856266,-0.0813047335520012,-0.0265781749320691,-0.0995856517266035
0.756631861357115,0.230051669562878,0.481148626758765,0.000684952035714084,0.00637339469031913,-0.00560962242357035
0.842155810364088,0.206690546298476,0.596417671315674,0.0676638993759792,0.0086510835757739,-0.0495795283047727
0.852064787389917,0.192712247989119,0.491931220915741,-0.00756623237563846,0.0112650397071275,-0.0262848849662945
0.863397288833477,0.22113584552291,0.0662803711013349,0.082095468805052,-0.269131637586794,-0.00529438987791437
0.837736357170124,0.177019338940628,0.496850619161258,0.0782906308195195,0.0347241297746586,0.0602434877650274
0.76327077966493,0.19781669630601,0.392842769451334,0.19285268314283,-0.0117627589311635,0.107335541197013
0.993766139317689,0.185036786228911,0.405999865940678,0.0387088304424889,-0.0302601618387461,0.0432178091314112
0.844995313481794,0.191474193798189,0.43294065079966,0.134958271405137,0.0318056832854106,0.0488606862996469
0.715402345195192,0.209700935679032,0.606613465011573,-0.0268967685086093,0.172253872951905,0.0919550271843632
0.725431953772641,0.216690607675818,0.664567147380518,-0.00546267561589784,-0.0166237953905754,0.00105335752717087
1.02298650815151,0.168093249995935,0.171778968927886,-0.0176256333163625,-0.018790741836087,0.00284753864548581
0.856606721551676,0.183122493870354,0.385387414223299,-0.00165147568582662,0.00468365055116748,-0.0125367616226862
0.764018875331291,0.221653275623036,0.301519087475652,0.00898310838280629,-0.0417636861802966,0.0114626933220265
0.810899755535385,0.180503930744098,0.324877539326977,0.287862854164992,-0.0236227220354776,0.0889720216830684
0.913226533377706,0.169874581035826,0.262015415644663,0.0866795995059006,-0.059979811653458,-0.0198056164214377
0.78975934893035,0.231720000835921,0.4010723369035,-0.00402615385905718,-0.0261224878380601,-0.000788686168866775
0.906365935191912,0.173691104430025,0.318673375221729,0.0596956421179018,0.0392669355606102,0.0145048742096322
0.844456560515081,0.218944683824242,0.635488933927659,0.00108533198788596,-0.0222995228813541,-0.00319779426239818
0.916697086620992,0.162360987110744,0.434419509726947,0.176708621907415,0.110501126423879,-0.00312557942148853
0.868574601947747,0.208683427646508,0.419899675089869,-0.0941261739569086,-0.00741868852477001,-0.0792698102629688
0.765421208605729,0.235400023144584,0.454904743028211,-0.00226913504212349,-0.0637794101571135,-0.0408932963080571
0.789205545941391,0.199404684730592,0.567487934076278,0.0245465033783976,0.00512363533320056,0.0456131661973883
0.746285224876613,0.224132946740151,0.4194763022508,0.0650264941083374,0.0136824576732229,0.0454245785363441
0.878401290636079,0.204903267571261,0.681232402677956,-0.0133504926347856,0.000960772909701111,-0.0170170169258203
0.691958704661231,0.25965688397056,0.712983687626431,0.011148696680532,-0.0293692791296551,-0.0281028294797258
0.973765682017289,0.171250050168128,0.399418097217434,0.00713814001197072,0.0144509312003502,-0.0027788965565294
0.755927133229086,0.235807925815814,0.614375366182014,0.00697665176540753,-0.0120624030710896,-0.00188650994802715
0.792176339018104,0.20350491524525,0.344022930684432,0.137695243019363,-0.132529706201541,-0.00504061696100614
0.929083409702557,0.17870725890082,0.439999003691209,-0.0369498736300741,0.00919430605401838,-0.0514491902357895
0.835633873090443,0.206010730525591,0.361124048332949,0.0417168600510342,-0.0730380493261873,-0.0454546707658912
0.884683794853661,0.207848726579715,0.51615010881824,-0.0220638477115708,-0.0380727651158861,-0.0683973983850318
0.70619692161423,0.196421068257361,0.13831250917939,0.265607955006926,0.0236286515162088,0.12100437214558
0.929034716046767,0.180529865381681,0.401741194957989,0.00788679848339444,-0.0426952926045963,-0.051764549708201
0.808568329230467,0.217813393018423,0.546602846149927,0.00668057089264717,-0.0307314116368555,0.033305614716668
0.76393802157161,0.214866925276946,0.440745499980462,0.038909965837587,0.0900775862919435,-0.0254284589431923
0.793781773290261,0.191703676373076,0.430102242538512,0.0163489176395101,0.0530744195186925,0.0343922814708881
0.762937758103163,0.209824852928783,0.555968993450245,0.017345111551939,-0.00624164641230753,0.00184734780427698
0.619940863610337,0.222566994301103,0.0210835466491723,0.46516424378714,-0.0361497225820009,0.063520528578841
0.999819310406372,0.16787487329901,0.375868699687883,0.0573898369844186,-0.0811497247210592,-0.10515670855552
0.75078112117974,0.23132023903611,0.621981374014169,0.0910338092174643,-0.0771920637570755,-0.00522061400524043
0.883332671484337,0.181493621236424,0.337550937031472,0.0576131980083229,-0.0272800176939789,-0.0782695293154269
0.837633025147254,0.201421780468979,0.191535724390368,0.121382187167076,-0.0261375146758288,-0.0286614835615489
0.721828510708519,0.219476651591331,0.66585322180386,0.062991948181755,0.00765132787597017,0.0169048771375876
0.78720914006411,0.190061688536799,0.516013468490971,0.0641406052845754,0.00652647412917705,0.0249021443972215
0.908709958931959,0.186336889135791,0.499767706836062,0.0447043489434922,-0.0488749137085821,0.0281870655986881
0.903175421942798,0.199021293901201,0.343387729150087,0.165572637387093,-0.0841161858855006,-0.0145021639703207
0.81488638693805,0.206521126068173,0.398885806636218,0.00785335809027877,-0.14696312383381,-0.0267988148982025
0.792406192853352,0.196175573214151,0.612869649270876,0.0695390453350846,0.0593533364348596,0.119884928078214
0.834464079065908,0.191996400276583,0.423269261620016,0.0154255845943501,0.00591262993222249,-0.104148753583407
1.06309089740251,0.130774513569129,0.400830144872457,-0.0376234355480415,0.028695121258437,-0.0328688909182796
0.996245241044359,0.171081387774856,0.68342603215804,-0.0155480576737649,0.00430781595812117,-0.00468641292452788
0.710692920488878,0.236571845311043,0.46599883795949,0.0133870950915654,0.0600357024637691,0.0207615517348624
0.837959541921173,0.197701724926074,0.435402994208332,0.0000794242258917747,0.0213329582770791,-0.0557234293689117
0.776068906179083,0.211271766918896,0.459490677830256,0.0501949151605906,-0.0341246352292089,0.0604398333246008
0.772629906244935,0.214183657506056,0.603560271987968,0.00596873819681646,0.052859259513776,-0.00640719024498392
0.884180395573693,0.194005200603344,0.436387146863861,-0.0168035659562621,-0.015451731921571,0.00725803092426129
0.834040610496938,0.191041527423268,0.474924468946198,0.0911363795955121,0.0369520657065025,-0.00729015679371486
0.881095417885402,0.217540423309914,0.458066298136106,0.00924952112315136,-0.0663610615018596,-0.00830047749046701
1.01435171507435,0.146296329201016,0.437455301891835,0.0672576718142211,0.0350000854964609,0.0446486612669305
0.846121849706217,0.19412619775871,0.399476072422412,0.0915161813068511,-0.015300576342433,-0.0467635648587489
0.972030458632961,0.142364862440932,0.107472496416728,0.0739726298774521,-0.132454041390026,0.0657041421671964
0.888676515014154,0.183579263563389,0.408539812178539,0.0298379950429843,0.0320725926956424,0.00489768735328624
0.72144807405442,0.205920430261643,0.239550079384554,0.115122103221509,-0.107478949264437,0.0355317106872413
0.750928306392325,0.203553648066571,0.17472609646492,0.228347463491461,-0.0958900276152793,0.012063882281183
0.947788032092864,0.178485610558649,0.486500898565307,0.00967800419239606,0.0533058594465044,0.00370351981012417
0.874254113265561,0.199166601121843,0.567099178463517,-0.000903080516326527,-0.0028542176497957,-0.00313914821068914
0.844967543038794,0.19511108462183,0.446531963671893,0.00340031801908891,-0.0120485007373595,-0.0162980440602766
0.753054342020898,0.211028222727983,0.417539694384224,0.0184285833236771,-0.00966701921646092,-0.00979395823788897
0.83260492937658,0.221630850561762,0.796213416126578,-0.0540338121008635,0.132229527025782,-0.0679432761406163
0.807796086196029,0.200622335796546,0.361160953096769,0.0340389730315003,0.0561741412511269,-0.0963504858589178
0.969051066682278,0.184460073534016,0.106973637788971,0.161777239852866,-0.104757618893277,-0.126318218594437
0.866660576831402,0.170061527818212,0.605689493331939,-0.0027764716239229,-0.00965198737413064,0.0184373783013252
0.985381980981531,0.174504069063239,0.525208110079393,-0.0042683967129238,-0.0331267436456488,-0.0353908600539895
0.888545050768755,0.164651925550317,0.0757631121599684,0.354851477320418,-0.0818689901042345,-0.0358828202257951
0.813115524990793,0.218821016321005,0.560941530463456,0.0121343796932859,-0.0491743847243611,-0.02827297799983
1.01042747745094,0.191430829445765,0.334729280530769,-0.0322976376626937,-0.044034165993195,-0.0508106577507175
0.81680620826548,0.208162515093713,0.606045117094954,0.00407130928250183,0.158219820595196,0.0873527714356654
0.84107799812785,0.237210818878003,0.366600207894965,-0.0705744432366454,-0.166641961999111,-0.0624706691267735
0.868261411801482,0.212475818431543,0.486212536159567,-0.0345738657331952,0.00464732049411636,0.00354965104067624
0.734614931332998,0.237456144222363,0.470492734385765,0.0144707938471238,0.00426538900541431,-0.00322321058962916
0.914817836873772,0.166115117194503,0.568276016589016,0.0124747144575906,-0.00345474024052088,-0.00938880876821782
1.07820903955994,0.137548708876892,0.247918427208493,0.0045895421898412,-0.00467583409496973,0.00122106518453357
0.926032867276988,0.20828321144059,0.480409588699716,-0.0606538096413703,-0.00330547503538758,-0.0629473339851039
1.03653633103675,0.164479483960655,0.500827614198295,-0.0132204140213475,0.0406032528104269,-0.00842497607191332
0.724248931278549,0.244671357798073,0.570927848699453,-0.0594927124355552,0.00596535492740556,-0.0242345879003454
0.710083452791637,0.245755025870912,0.494291524849007,-0.0593895063330667,0.0452675519860483,-0.0174108186859049
0.78368793451645,0.216272427179399,0.509712022092611,0.0166135605239588,0.0238577997257353,-0.0325755535642857
0.829779350293379,0.181237936612249,0.322242562996239,0.0743514405306736,0.0117129512555655,0.0017242512235255
0.936118615516518,0.169804061491487,0.540031143647896,0.0641240857879034,-0.0540240488198605,-0.0677348953080064
0.910890298205412,0.172436718652883,0.363587299823733,-0.0140439303460306,-0.0499345973090281,0.0194048412779879
0.652680366703901,0.238627127160714,0.700535612173718,0.031164016840141,-0.0194514901239149,0.0133928135064448
0.92025779092964,0.171211061455134,0.474399271755713,-0.0318786910157177,-0.00246327689078229,-0.028339942567425
0.825348420751985,0.219366371388644,0.32993586738084,0.0337413630381574,-0.0594546631372119,-0.02075385581933
0.898886770195597,0.183444226590316,0.229526033040508,0.114684794900264,-0.0159432495184126,0.0701306547198796
0.659239750810631,0.239281994983804,0.498521926109585,0.11581745906481,0.118691489979229,0.000185754224864094
1.00169521323805,0.175066985736034,0.448228041753668,-0.026740890272602,0.0682480905727399,-0.0204396616360841
0.990308093877342,0.172999818628002,0.285769416171801,0.047510355578936,-0.126170835674701,0.00979315369443118
0.806185568879796,0.216891867452349,0.729603432640079,-0.115272357210549,-0.00996093252333419,-0.0644345110359201
0.744227429591081,0.21904144315547,0.22559588814105,0.156495326453686,-0.0252142285921451,0.0750912312272471
0.954495898903272,0.175010079610503,0.486713709331712,-0.0160100423908627,0.0155365732221918,-0.0274186297260164
0.925951680382555,0.172194504133501,0.548856082075219,-0.0219355520926683,-0.00610022060635934,-0.00622623470555782
0.995847421205338,0.206067031402576,0.570145889906508,-0.0581013811983572,-0.129747638424871,-0.17964917821008
0.828511050610871,0.216889512891498,0.339960335415159,0.0254033279434608,0.0841725985596732,0.0116784396298654
0.865083098595128,0.193389593339855,0.528410072709297,0.00916704935059132,-0.00119103728561552,-0.000226370371403807
0.72704560309748,0.218676111387844,0.411968656835169,0.107275629574145,-0.0208813313363443,-0.0624620720237431
1.02869662070478,0.150215035265244,0.260293468593331,0.00966085522461139,-0.0162721096483942,-0.00564336804724459
0.820153328820528,0.206498908700097,0.166715745979854,0.145046154021678,-0.211166559829473,-0.0593089439267181
0.739396853352213,0.205534181626521,0.307908626488085,0.201631132305434,0.0764663397933939,-0.0254684150761786
0.930328271580244,0.174647511951827,0.510878575137082,0.0505377181076772,0.0243214195420135,-0.0510069915099728
0.837349152657251,0.173921307229857,0.575073973895816,0.116888285376835,0.00721281707953086,0.178119379763989
0.732857285811472,0.22287754176553,0.540618706800119,-0.00724480224747322,0.00221454629804296,-0.00560947813660181
0.907398281193047,0.17495096264994,0.553901414409455,0.0183196941141828,-0.0245551751284007,-0.0136973827286125
0.982283511729931,0.165520178435816,0.477668918236894,0.0138648748510985,-0.0309988473627167,-0.00106491136062791
0.843257164649834,0.193761239184387,0.349673783291277,0.149803372399099,-0.0388696212639084,0.115110475069742
0.803548050672635,0.193960642817983,0.292402503479218,0.219550985951642,0.0430955833784894,-0.0260175878914479
0.792059026075156,0.202508197733622,0.6862766988742,0.0163822597037647,-0.0121926813985634,0.00449701361867545
0.994322309454217,0.166680730358269,0.36365097223065,0.0762110270230604,0.0550448661774853,-0.0566360267733545
0.961197387272051,0.189073518216366,0.638100501510547,0.0162144243882857,-0.0140043280325708,-0.0306768408606079
0.775253134991121,0.21032172464618,0.424779297650283,0.0185102159999393,-0.0776926029346813,-0.0563506178601663
0.571389949753092,0.257220459422065,0.202039920436348,0.180928507126887,-0.0837191766983995,-0.00491961174352604
0.689228639958739,0.234948485675323,0.548602272496291,0.0213825751252976,0.00264153502657918,-0.00582148122022906
1.02210215421731,0.165528259604024,0.161842598060682,0.0335776361465695,-0.126273632336975,-0.0344886672909601
0.833904526408111,0.198355484497574,0.58599085321295,0.0262756082899916,0.00166835092443366,-0.00914382968907099
0.885729250041437,0.197883566755666,0.516929216533158,0.0323070455501441,0.0455079220300171,-0.0898878546364881
0.854695974415612,0.180734462637499,0.36450255566674,0.102002917154479,-0.00287573932541997,0.0159806201805391
0.617374884358337,0.238145957076497,0.224021710349869,0.308062005544298,-0.0750957372981669,0.0858790181298323
0.871383311230013,0.213287257113347,0.172109726433504,0.130812699971029,-0.216399767142281,-0.081791898020546
0.894616451783522,0.184360086369714,0.762891803886465,-0.0200041093240753,0.126843217047614,-0.0736536165983504
1.07985893219291,0.149951404020389,0.827490299996648,-0.0783122449021851,0.0168861076455661,-0.0566867561673547
0.748136822362222,0.221681588627157,0.366688249642155,0.0001231593084565,-0.0159169552822851,-0.00465012028966148
0.809069951187548,0.19811444514648,0.237882348268002,0.05698925622249,-0.0398691962238928,-0.0203133390244506
0.962577898527536,0.176192012286814,0.519606984941086,0.0370303014032721,0.0130570247588075,-0.00883713303986078
0.851693306418506,0.202968223203434,0.677848316248504,-0.0733164355334897,0.0229602498846575,0.0376046808010317
0.758888381609749,0.208516830864847,0.26765323607302,0.0693483396716516,-0.0014148357958007,-0.0424652279003722
0.703285114664024,0.226223866319512,0.364677185599097,0.00557685308705768,-0.0445169279013095,0.0548023696879382
0.805490717880397,0.210132620794162,0.648003704090382,0.00480179871267269,-0.027940644860986,0.00799230184176732
0.910185953618541,0.203713240831417,0.420374162052419,-0.0299082891302698,0.0188646308399107,0.00910542484095301
0.785448685768286,0.220842488757313,0.402672266885042,-0.00418930588664449,-0.0213248401175284,-0.0290386069579572
1.06535322866185,0.146969891768034,0.386359502157563,-0.00425341312906029,-0.00147550009366585,0.00250988750059379
0.883361235754676,0.188202683007976,0.490399929659405,-0.0246401121181856,-0.0211565825747486,0.00547972519638888
0.764547217744592,0.225657047505837,0.361776504676049,0.0276942337064246,-0.0600694753564683,0.0053606440727784
0.917742496539527,0.178414273892847,0.473014281172541,0.0166515269602578,-0.0489817789585234,-0.0938717550749955
0.749813341393287,0.223786179416858,0.392381924836807,0.114028268157569,-0.0871610727675958,0.0477741136179944
1.06380970341068,0.175709669360469,0.507887364756476,-0.123219687797198,-0.137084292672931,-0.0573733845398107
0.876776761391886,0.212436598597145,0.305282685709592,0.0129416759503514,-0.092621331157988,-0.0322522451534271
0.912775645240412,0.174172049626433,0.698364063420404,0.000619154724190098,0.00803246745151137,-0.00517931599505944
1.01899089234845,0.174674995492028,0.448128866575329,0.000771662770817853,-0.00294149786490404,-0.00134265282706078
0.799790085567493,0.224111009417313,0.605739268837073,0.0156423915662942,-0.0548755433021146,-0.0216051081260659
0.8737321254017,0.185098157546289,0.490491177081636,0.0907833556288105,-0.031695485125473,0.0703831408207978
0.947753057281768,0.17670874106871,0.318443868501991,-0.0404952132379386,-0.00378094354007391,0.00346523220788114
0.743834235796415,0.234456957957274,0.595002011696594,-0.0187058245795133,0.0478650920471109,-0.027149478710567
0.90318234231612,0.229090061706974,0.220460623246918,-0.0899416839470722,-0.286562889394295,-0.203875199798997
0.788157234150503,0.236812076017707,0.0947952786225524,0.0260447359869141,-0.223815937864998,-0.0692509497763744
1.03013330826055,0.152320720276517,0.499866383919376,-0.00189262423637439,-0.00269467762031325,0.0109998559680624
0.903067614461786,0.183275063737523,0.0030063611768347,0.189465204315753,-0.139503679837468,-0.0114094657313176
0.630021974112623,0.236142472339526,0.289061359223461,0.178336775034775,-0.0457857634096905,0.00296087743200459
0.922333311151247,0.17152627056649,0.361103535442683,-0.0243520913670732,0.0547159937821542,-0.0517630700571058
0.761673943547453,0.21537421943238,0.352208692239135,0.0240491114537112,0.0273113155533798,-0.0660178253823435
0.851630049713616,0.202952129800046,0.477839808169244,-0.0382159838539943,-0.00391164639662079,0.0386823057592744
0.915430116763742,0.193657796077914,0.520768461630937,-0.0167647309078268,0.00122625109279562,-0.0317078037576493
0.65002186950516,0.215605781765237,0.892177291809236,0.0865039010460413,0.221918699918164,0.209182854153835
0.733740655283161,0.226577687185476,0.968470326599277,-0.110401867708424,0.0143943757836077,-0.0227569949607428
0.881288390684014,0.19349937348616,0.380527255508208,-0.00188828851170013,-0.00620706858973317,0.0238391168845039
0.753438132111793,0.200389903283158,0.485040864142809,0.102578585517503,0.116632180478431,-0.0492371478356906
0.903005431279063,0.18539539472752,0.286175174630989,0.000111921854194876,-0.0177132768874925,-0.0102843663353294
0.6865596780277,0.185702440782262,0.0577316039280754,0.372773846325584,0.0238011604381698,0.0658992451815711
0.904514354276778,0.185130130359741,0.498396356900462,-0.0284931340335541,0.0263116992888165,-0.0183727110676295
0.831556630472392,0.21941993104047,0.264511058416115,0.0381150329365052,-0.154137586293945,-0.0704212944783086
0.737193364026614,0.224209363056022,0.624899506186599,-0.00994025017692567,0.0127831845832296,-0.00293771694358383
1.01611871352599,0.148941667761483,0.52635248423655,-0.0214949321615994,0.142825227523646,0.017803909172548
0.841321474284405,0.187384595600078,0.337497883895133,0.00567110266810557,0.00805874259412691,0.00883303865604231
0.902834885978307,0.188287046019786,0.531369901553112,0.00685842138774095,-0.00533871644399287,0.000967126013519818
0.754391328842823,0.251412171411571,0.501872651342947,-0.12909106424669,-0.0701890102140242,-0.136496315686665
0.868724977194357,0.206393051304618,0.868391149297273,0.0118506708269314,0.0116785327983624,0.00957730556086809
0.759264625765532,0.22074405243698,0.513474431137851,0.0335888066415271,-0.0159747814922488,-0.00767365839809332
0.874905945860623,0.159800455038491,0.481319393037463,0.0212169547288511,0.105960578211697,0.0202099236931832
0.697244626352416,0.219292788642389,0.539157632191358,0.0287435376425709,0.0897382186780382,-0.000813123044524425
0.801528627132694,0.203055303551708,0.829362624836672,0.0461006422740158,0.00949298663283819,0.0380184229043704
0.759438608192535,0.208972303443039,0.0852394264893844,0.170708294897144,-0.0432524783670107,-0.0393019048255939
0.809876859708124,0.195942200183842,0.571524860119691,-0.017129269444723,-0.0425524243716989,0.0676599313931112
0.966029139049472,0.178288589885072,0.834345998295269,0.0775331871919444,0.00828230157079705,0.0492847702021883
0.885409576735901,0.197192329231462,0.315786809624727,0.0366044225398109,-0.0191204271680845,-0.0225977761669558
0.775046427681322,0.224309099188985,0.675582244119405,0.017124059115486,-0.0115219629690687,0.0015048566152736
0.926982191964457,0.17830312552915,0.590223571425935,0.00315997776241743,0.00392926974535676,0.000792381525329803
0.853268604635395,0.211065306168511,0.627334929478441,0.0085769287932108,-0.0194440995339179,-0.000645228307437743
0.911979753211532,0.156633904616434,0.363655161660571,0.0771995058495482,-0.013136745247109,-0.0214018162242356
0.833800434389702,0.20515368024754,0.647262708269399,-0.0311963113890701,0.109895176355392,0.0506235749842307
0.74174990512609,0.214271286618237,0.298942708782861,0.103679469239551,-0.0389683637203985,0.0145926118625923
0.786200959959427,0.227151097074668,0.803267366603281,0.0000927021500667146,-0.00640798355981796,0.0129334927742488
0.695895770219165,0.181885390369215,0.0299378622010671,0.397679269516134,0.00104647072869381,0.117532222308444
0.761463157562384,0.22242617072736,0.426507060127462,0.00286377824258189,0.00399727052533636,-0.0272293608191333
1.03740386883612,0.171580541462275,0.536538209809167,-0.0017902013684114,0.000387521393198351,0.000942311905373018
0.779648685548048,0.225120970795117,0.622036200494721,0.00890135749418162,-0.00877723556116003,-0.000427536457242654
0.903160504641296,0.187633258386543,0.369779027372731,-0.00034811383280599,0.000341056807121538,-0.0000649434004743795
0.832081851377681,0.184585717257709,0.375467418956197,0.0284028055303042,-0.0108120321915232,-0.0325103583246312
0.884070946287394,0.178814043300796,0.152300342997522,0.237311717121034,-0.188529653064158,-0.0149294513007861
0.753749544280136,0.205367050873048,0.0042682777398249,0.200617434622154,-0.0631574626177735,-0.0550541923215433
0.718683893094794,0.245972956641754,0.418564418898298,0.0270789160763255,-0.067577820002435,-0.114142018655183
0.539617801084902,0.240227978052578,0.0462143275362791,0.0904459618883225,0.0572516175988812,0.0769492065157866
0.763174316068964,0.197898014242706,0.346203760416919,0.118018048689052,-0.0196145599210211,0.00595592505913891
0.98522126006199,0.180543542136636,0.460597499160595,-0.00051128012348853,0.00916042457128157,-0.00332583980073788
0.907600811488631,0.195343366533991,0.599863753663439,-0.00336220428560637,0.00488611400727306,0.00539298463612028
0.775505570185684,0.197426907372483,0.383421160733724,0.0137627558668479,0.0146252710246098,-0.0157792457763
0.840735495478692,0.196537506746875,0.706988159685115,-0.00259520693462516,0.0559843484679106,0.0405643999211339
0.969067146133213,0.178726675827437,0.364014466000463,-0.00619020568885174,0.0122063172923145,0.0188147817263323
0.918944351667736,0.185116946857686,0.205592899299542,0.0937799443688137,-0.0621346034082758,-0.152232675062898
0.75866988689959,0.241634009591258,0.493908810451878,-0.0140383174938949,0.0303080326738855,0.00573157093689687
0.810562673018357,0.179906993005529,0.283464092477869,0.224546048122091,-0.065604086334155,0.136635075347786
1.01676226655441,0.168165445977208,0.73365077790898,-0.0828225110725224,0.0809480748579913,0.0136097670348466
0.931507032145523,0.180274900900103,0.472273769416281,0.00299515497962052,-0.0603540899788138,-0.153414397704891
0.958083812615708,0.191213498196139,0.26577740076219,0.0524448327098706,-0.0568526725430191,-0.0727059857343777
0.74689314830371,0.210546025164081,0.26260933050619,0.0874895494266234,-0.03887840239881,0.0313638388005718
0.854114105548842,0.186485332464859,0.574526771079918,0.0842491371294374,0.0504564049522095,0.00560783146176471
0.855894125441488,0.196823715819051,0.238481607986893,0.0897116569667592,0.0113092906327033,-0.0153063265867773
0.724422415071826,0.235701270367458,0.459505226559871,-0.0416128103821264,-0.0070425395871252,-0.0297434471214357
0.889341501184467,0.193978042601804,0.768221899700497,0.00149379995592571,-0.00327156119644721,0.0154126410202019
0.769934256867622,0.215558275235954,0.11868612850168,0.0378895865675404,-0.00245980138488417,-0.055870391489837
1.09212672231462,0.145681952278711,0.156941006969402,0.0558533308446317,-0.121336171983887,-0.0399604154753328
0.947541674606673,0.202978338525851,0.475215634603641,-0.116777271708933,-0.0966581086186805,-0.172538505278946
0.830056196609719,0.18660509833244,0.37489602358632,0.127446350590963,-0.0524689494362893,0.111575139327208
0.969682601960348,0.145787457805759,0.580835064161342,0.000918820446498502,0.00283410866907083,-0.00138016045240242
0.665475049826177,0.23551038852653,0.823289436050469,0.0605508022835072,0.0882372645619575,-0.0110216994150766
0.7964491288773,0.22173425017015,0.418499543933151,-0.0122514676398196,-0.00956127262964078,0.0139217733346597
1.01768540819939,0.160908479504203,0.400081421000255,0.000443078438671474,-0.000343342988966829,0.00130994811862355
0.82230420324781,0.207996094002971,0.581974535815038,0.00588737532349199,-0.0552936019390117,-0.0981721949576402
0.924088098265934,0.174666940572183,0.467085785773658,0.0953485217297133,-0.00323225403291634,-0.00767076129500651
0.98443737023543,0.171535031827447,0.326455796712231,0.0479709136642413,0.0979658224556992,0.0407687512288581
0.778771801058136,0.209451597283336,0.487744147233141,0.0402400835232478,0.00316219526174787,-0.0396913565265082
0.777380879032526,0.202472354415984,0.61056642862112,-0.0071691123995293,0.0137130267297353,0.044016837847859
0.900014803669965,0.180117044514431,0.621294620275752,-0.00102812560987387,0.0232370786760819,-0.0384238869625224
0.834968773667011,0.201734033893892,0.473760399373524,0.0864102593802088,0.0192789874078519,0.0294325491689884
0.96073422274926,0.159255247693543,0.617029951048976,0.0277295777413102,0.0180585176866336,0.0291588006419772
0.672361390092394,0.239023630031577,0.402415645765363,0.0144619252973236,-0.00573866566379514,-0.00855638727559154
0.784539078314629,0.181546722078254,0.46543240512971,0.0753283406113877,-0.0335454120396105,0.0389689643050884
0.939592697039453,0.204137642866451,0.351668594185019,-0.011937813385709,-0.202131032612435,-0.03085967477409
1.0302094752419,0.16274536696446,0.346318932973597,0.0654742671548453,-0.173946343251568,-0.0648918827365097
1.12561671395434,0.140886719069227,0.69420115461179,-0.0403282236824314,0.00457858043017747,0.0592495953096788
0.888667905733596,0.191148387201799,0.471491318053672,-0.0232246233367042,-0.0336787505965034,0.0190174055793281
0.899656929304171,0.206454381426967,0.363268695107278,0.062233510477035,-0.0962296290777821,-0.105642752903368
0.874481101722758,0.190442101095274,0.421075877648691,0.0267110642024854,-0.0238925704615959,0.0115470553310112
0.894550684480141,0.195191021105681,0.618610894251421,-0.0238004218905884,-0.00409246214318404,-0.0967355153777103
0.833886548616198,0.196996538408802,0.672865298882237,-0.00739635298827222,0.0102242927282973,0.0455388138258062
0.897514905613526,0.156943870858892,0.548573625464853,-0.034971101157297,-0.0177748023514988,-0.00678552401063869
0.952593058867191,0.157908590985364,0.501437326868179,0.0495465263256,0.0410009714228868,-0.0324703576861371
0.8713085891591,0.229158824490563,0.1308499210981,0.0804884384597143,-0.240642646941394,-0.175997132382937
1.03404061859838,0.145856858810477,0.369994673700511,0.111188394738852,-0.104436659842863,-0.0317518830313325
0.861976806217672,0.18128282599809,0.538013362019759,0.0265243234354622,0.0284497695376188,0.0422054111749589
0.958929107554253,0.171625673501617,0.516396701638641,0.0109632383345334,0.0100240248042922,0.0442405209341613
0.818016781386692,0.190764295275134,0.420772532451296,0.0636930514484,-0.00724427722578162,0.038092444630119
0.841345998271123,0.19538674400714,0.443771898573945,0.101895048904719,-0.036621623642212,0.0068743471358841
0.841692427059574,0.209844342674033,0.55340589906368,-0.0342972881659749,0.0450299741088245,-0.00577745335018929
0.914111269956099,0.174586357668082,0.457723612625497,0.0516919686977236,-0.00587229531414632,-0.0170779077676151
0.871317919439264,0.200861257364528,0.178677624328956,-0.0296103888270614,-0.119324910198546,0.0317021814225151
0.830784211649323,0.198763174452725,0.247053510779049,0.0707442124728858,-0.0452734772623832,-0.0335650406371962
0.938577599686135,0.175090904330266,0.643336012668789,-0.0542543016646156,0.0554410436768035,0.0234907460949077
0.819589329608591,0.230133771453321,0.516101849546734,-0.0246313759785614,-0.0418406623142206,-0.0156938860120575
0.832838253668308,0.226967055885914,0.695118089267114,-0.0184765548061899,-0.0615218563597192,-0.0887218782891273
0.86747520385524,0.190967478372032,0.539897274999095,0.0145796385406473,-0.0141629956342692,0.0065714423262568
0.845429187976943,0.188157044316554,0.468228977591676,0.0292230040232665,-0.00197925807182544,0.0583063596944241
0.844051462059569,0.204978604871803,0.60399377513211,-0.0298724635631689,-0.101501974797335,-0.0750244845539708
0.752364890672518,0.21409404227349,0.345288266528475,0.0021515659550626,-0.00244315229983553,-0.000678570103304775
0.987136314206862,0.184580460696989,0.0628735306329536,0.109537250000377,-0.196549639989994,-0.0903869566618997
0.60584126243135,0.242428614522656,0.200940966412599,0.182636838895559,-0.0406346421293797,-0.0283401134978989
0.880903321984169,0.179987837952971,0.162861558316455,0.023530159796624,-0.0132518281479165,-0.0482171692277453
0.843995579322681,0.212234795563587,0.538990777950672,-0.00186090900443063,0.00460248825573566,0.00885743780051078
0.840914061926219,0.194431254115829,0.492972298794936,-0.0385020203947273,-0.00630257372723136,0.0217675937807587
0.673423479591063,0.230951158302311,0.34636708717578,0.189511098505531,-0.0972668410187043,-0.198558680173647
0.968175020037177,0.179813927556368,0.380717215389353,-0.000203589557332442,0.00340002077316003,-0.002531643317258
0.811953393764702,0.207897259553552,0.636978711876116,-0.0105006244163642,-0.0668509656128722,-0.0532235018119527
0.876328411365771,0.183497273424689,0.657217138476288,-0.0062293181864951,0.00389856192999866,0.0030999145307959
0.817701238382982,0.213227562056816,0.451341128453911,0.00445707951942687,-0.00857453687729411,-0.0175015468619144
0.950267075934167,0.180275011195638,0.490351455324052,0.000208254531703533,-0.0000129830715113666,0.000486980862673374
0.789432855474934,0.202639865303728,0.703327443932126,0.000779810738979819,0.00477873244954333,0.00229893113628586
0.783359185600357,0.196983111882057,0.439362443716126,0.0469494849663112,0.0100785194254089,0.0593347330763531
0.697849622665636,0.233085215347531,0.296594347006348,0.0790378489971545,0.000506819666481819,-0.0632906890152873
0.893037720751484,0.211945141650556,0.205754279397146,0.0363789277341684,-0.0968725130452023,-0.04687864431086
1.00450796034446,0.170814159096257,0.791716675805691,-0.0638017260474862,-0.0467030440547425,0.0295267744346327
0.971067337378569,0.19019948000872,0.688952238839541,-0.0897640669651899,-0.0239836608856271,-0.0585273099128682
0.851951271852421,0.216403367710036,0.419952640938384,-0.0368329210876871,0.068597874176494,-0.104009060637824
0.783270276937008,0.209917225154001,0.460892933614159,0.227486553816266,-0.0616977594852541,-0.0171560592691726
0.798672476196482,0.21346125153697,0.278581044943168,0.140323929203416,-0.107901201295911,0.0657725278152639
0.761381906523812,0.215760097201656,0.486807630768706,0.0106571256129392,0.00894246026797197,0.0430632488191725
0.990580512998159,0.1567019229427,0.383747296536847,0.0648320027090018,0.00334811819402035,0.036339244326032
0.967973819855229,0.168008758512347,0.363246284039966,0.0172341814432058,0.0437036691444973,0.0173279011833446
0.93752130622909,0.174380700560198,0.340288195603655,0.00861630288687857,0.0081743497415845,0.00611773471646861
0.747608841017765,0.233027959352154,0.602136021055428,-0.0341457473648648,-0.0130660399052653,-0.0153718587199336
0.936392083137797,0.178101168113337,0.403715697164916,0.0380277366085112,-0.0532240253293735,-0.0164857496666898
0.85651581250791,0.20971918090601,0.749555885020461,0.00654935447380554,0.0126442576651403,-0.015337749925512
0.886492628159622,0.170232443998536,0.665151971241512,-0.00255027896289761,0.0208547845129332,0.00332996422947749
0.871310266485726,0.19563955442103,0.387385843848974,-0.0310283690783427,-0.0276348672157353,-0.00906305900099352
0.8806356299267,0.194108098851922,0.14048145087672,0.124171720888018,-0.0687588161379052,-0.0512856134747943
0.658584571205581,0.264695361264147,0.411963016508933,-0.00467838058611574,-0.042661568697836,0.0778242316531562
0.863791127735671,0.200071858320935,0.840347132711954,0.000957261707838631,0.000623216975450783,0.000997941042834507
0.981021180014612,0.156602133724326,0.366903853446739,0.00606789235470667,-0.0115687233703869,-0.012933023788572
0.871953934278645,0.202858793147362,0.666249176852773,-0.000810966134533971,0.0167113550672033,-0.00196868148221648
0.795958314019423,0.21036407413394,0.152341866444019,0.175317215969068,-0.0549625263209073,-0.114662488220099
0.843926896250585,0.192960547137016,0.192267741201062,0.0607775155408019,-0.0751019664449175,0.0327606763189671
1.08054204015129,0.158913572686132,0.549720611629103,0.0134303351402121,-0.0336230363773631,-0.0910253016282845
0.876000024742361,0.17690311449473,0.50799412685205,0.0254074456508407,-0.00516743868653045,-0.00713488668049202
0.783856700900697,0.200687536160333,0.455846796894598,0.0484139738372079,-0.00689400087047328,0.0139175403939634
0.959199580717178,0.17071392663224,0.670145261148865,-0.0201631669007382,0.0111070885687009,-0.0171523611752469
0.760977685828642,0.207347556012576,0.493887992515701,0.0821161717981631,-0.060945819340117,-0.0497178042102117
0.889358582207729,0.194372012879307,0.383142213535608,0.0787873307205247,0.0728082980524163,-0.0527908647111943
0.932691448283192,0.195553269706031,0.479081810514937,0.00682985444045994,-0.0279678020076511,-0.115597217118156
0.756629132770688,0.216046889791496,0.656290510265363,0.0386327315611638,-0.0605111837379539,-0.0213199790419355
1.00197435116103,0.155657107532724,0.506698126875746,0.072117863276276,-0.0171573359806855,-0.0359116447820068
0.878263444906671,0.190396110047313,0.606724940075941,-0.0741702037969473,-0.0134696592081752,-0.0277359899136263
0.740974324167705,0.208137400232063,0.3401559980586,0.0437689322200981,-0.00126346724260759,0.0814171250249893
0.964552836412648,0.163368172100109,0.607919150701276,-0.023725222153012,0.0293994905600226,0.0000132925861418332
0.706178370239662,0.227805500620372,0.280825330197558,0.192883178333332,-0.0951132479405246,0.0493713576436093
0.951621771436904,0.184158419067905,0.483033059737313,-0.00856941920797126,0.0034922503146386,0.00156208310564211
0.943614288194293,0.195680121838054,0.377473740002547,-0.00179159381026615,0.0153055094607955,-0.00218786579942307
0.86951884233845,0.190978442120737,0.18121372847684,0.14737406633782,0.00105993356826344,-0.000206646529047633
0.676881131491961,0.239328038407013,0.548163104749883,0.00649661526667753,-0.027033412689877,0.104146969842456
0.827705961081942,0.214945153942625,0.359632325945559,0.0107935426775147,-0.00843496075975124,0.00216734258130478
0.807795978579649,0.223584932351796,0.383234578167683,0.0712896848894565,-0.184658825125174,-0.0288714078812474
0.837555900179867,0.17493980566864,0.600179710932599,0.0416408914614981,0.0253690647247105,0.00871015151539925
0.740940249811139,0.245084642201319,0.495841127147767,0.0741044353419513,-0.0113176351154038,-0.0912327346906618
0.719439447996462,0.240489638488623,0.668482065703759,-0.03973511687896,0.0093255119144995,-0.040758517280397
1.00324002457306,0.163412931637092,0.468315757692945,-0.192060751353165,-0.0331698787266144,-0.0264209009396275
0.652952718921651,0.263723772967894,0.606142290341988,-0.00457408304734783,-0.000735444439254094,0.0123111702332133
0.776810567202354,0.232680584068894,0.229301640776295,0.0504556480421126,-0.08335907848975,-0.0452161998620116
0.735871345114965,0.230508246418604,0.241810443170156,0.0456821066456653,0.00130254856816344,-0.0487047212825522
0.843251328053866,0.18399900778476,0.386903808010446,-0.00081606321658138,-0.00814586506140984,0.00193224276120297
0.740556316092785,0.222455466947601,0.343169574499277,0.0949978437840488,0.0267743478331426,-0.0583649481307727
0.85367190155448,0.17019228121133,0.225585174396872,0.315569130464472,-0.0157509137810553,0.0742561804046316
0.668165236327558,0.202352167738905,0.256456978278693,0.254693327356907,-0.0439645065123769,0.121145592890391
0.690176713716369,0.257627141659648,0.530746425699954,0.00261360415506002,-0.0045979132180533,0.00658405263662527
1.10372050009914,0.131214693690891,0.451327952540006,0.020255818391184,0.0154088094350353,-0.0195710128623101
0.806021662062263,0.220552820001241,0.260945152455161,0.0247204564459896,-0.0928888807490386,-0.135781828074076
0.846379306709225,0.188883052409436,0.3891286508144,0.0304933734832695,-0.00258087425402672,0.00708979734309646
1.03277032279865,0.157367071328389,0.643350236301986,0.00368873723887505,0.0051292922499277,-0.0224312560128902
0.984940708193214,0.15487363513141,0.278238800096533,0.0106899967726169,-0.0155386421719352,0.0173022067291146
0.862625307023244,0.193212684904611,0.566454970325227,0.0147074974534093,0.0347446704309508,-0.0360433325162948
0.91904420234253,0.183611606799445,0.219443009203384,-0.00821287191756368,-0.116027300548887,-0.0485428313514889
0.760759700301328,0.207626490395282,0.485098881669485,0.0913268597322285,0.0338263583315893,-0.0160921952650259
0.734939260821646,0.218698664524141,0.478841124570925,0.0513836766515594,-0.0155481948642817,0.00800022542011548
0.80261045467277,0.166834144132702,0.289392172438567,0.192614372442486,0.129314540078626,0.123846251742368
0.807618636973466,0.231419999329994,0.856189203145873,-0.0521433871984264,-0.0301852144768495,0.0264579605968306
1.01684850065165,0.153472211338639,0.4870342225217,-0.00682835245845138,0.0030017493177543,-0.0194239665765531
0.871793773780085,0.182990113616869,0.527033752332121,-0.0233290288166259,-0.00544274297312563,0.00541891347374309
1.01367837312533,0.1470461502701,0.384282644741254,0.134202966622829,0.0459014764537068,-0.0114769684971239
0.623123294922659,0.239864525855939,0.498673917161118,-0.0293609439610344,-0.0163361362867478,0.0029410492397607
0.996439959809181,0.137999383564671,0.512067691448885,0.0110362632297148,0.0194729390449294,0.0542921935989811
0.919119926080309,0.216998755768746,0.499608058873374,-0.0992955945764115,-0.114811044769206,-0.149704482946623
1.00393355103649,0.160034570039616,0.48245587133056,0.0848199504387136,0.0230169334252132,-0.0556738967930663
0.820167771170114,0.194428471368006,0.405234470610234,0.169637444753849,0.068385400492526,-0.0144368419754714
0.877278137571427,0.198034577734412,0.668894638026672,-0.0776680733281274,-0.0152335295936229,0.0222075566366968
0.710327338988713,0.212106627841037,0.643239641307222,0.0386210987891664,0.0215862115604523,0.126166091496367
0.896307936663756,0.195363646981012,0.396608327108455,-0.000417406053738494,0.000176240768925228,-0.0002435130047917
0.864906682200506,0.199931249806436,0.239624619913554,0.214653082415749,-0.0788383719921849,-0.0733658031688821
0.774253533217595,0.211514046471383,0.196737930121938,0.0642090984994941,0.0344525781569428,0.0401696492766449
0.891745506812627,0.189744645060399,0.654310725387786,0.00259459862768145,0.0115085947005056,-0.0955277726769067
0.747601279927122,0.224517068694581,0.495645353310972,0.00481410025330836,0.00260445892054402,0.0121517822892938
0.901412941539623,0.164892633851506,0.252428729697114,0.0520538966573312,0.00667154055427349,0.0626494034931688
0.766557747228393,0.22117062161652,0.623308951216592,0.00305830618545238,-0.00247381539209136,0.00510970467377718
0.73949122314212,0.234905097664136,0.528462271695607,0.0101040798580091,0.00942874005018894,0.0101291105575302
0.980852920451104,0.181768202442071,0.479271607735363,-0.0238151062889041,-0.0358181435644396,-0.0540855820369636
0.714915305018445,0.225646152021019,0.244778598754302,0.0946495880221048,-0.0260544282760965,-0.051346149132888
0.764531257497131,0.185194643635745,0.456527062613604,0.163601338375896,0.134647395282236,0.107230020431569
0.822280462642351,0.20802148829627,0.603930308418819,-0.0287593174198094,0.0371122218953161,0.0128956227126948
0.957900032217333,0.161192254788323,0.383680494295079,-0.0161323679421938,0.0274319826541623,-0.00768958532278626
0.9271986094293,0.162792369818352,0.412277779840214,0.0255570022042224,-0.0416011575626708,0.081432071248158
0.869382963657493,0.201910492931067,0.697959370844981,-0.0780946853676753,0.0411781955825646,-0.0779338711009209
0.837857153390118,0.17784642568376,0.208923710961987,0.102815418478854,-0.019903657754177,0.0280885002432107
0.931188457372422,0.183785443628754,0.412261375405483,0.0769021365899583,-0.0351266047967853,-0.0431059389207749
0.8393478879725,0.199396525440012,0.542191675580832,0.0109300642505727,-0.0132142149300041,-0.00175674834061686
0.883799772481926,0.182234126519798,0.815188529466008,-0.0351956401376999,0.0792310422444552,0.0157824342108298
0.965336267143644,0.171686245406291,0.439272651176551,0.000608154396594523,-0.0606735119371231,-0.0433119245586586
0.792820527299526,0.211211911686562,0.382541275672285,0.0382739548693496,0.0163787814148541,-0.00737188707195842
0.819680318938855,0.210959143231522,0.747750005358584,-0.0212974567733323,0.0163357867628178,-0.0149291155654506
0.909620868285648,0.169323726465132,0.669261472878583,0.00456395037327048,0.0470388227816306,-0.0281469257223896
0.926472942213492,0.173456033732306,0.703350545214005,-0.0101057438738787,-0.018901594942045,0.0320931755534829
0.812985561536914,0.212783888718658,0.353541487965134,0.0560145392063331,0.073077546708007,-0.0267692176730296
0.959211687286833,0.154918168426567,0.372108874833007,0.00824619325285108,0.0421453162905278,0.0461981843777191
0.842881713864302,0.194969957373748,0.502195147522348,-0.000769078281339278,-0.00399323966099339,0.00744937725016808
1.03268658158568,0.185537147472475,0.62205637083127,-0.043267783461792,-0.0514560059187425,-0.0731624984846161
0.993752152371941,0.177796737131944,0.516892061929897,-0.0671517004479043,0.0498888636300483,-0.0173843495019432
0.809765492043321,0.21231656557517,0.573605750134281,-0.00000442273600867644,-0.0000123375011522121,-0.000000481181593387367
0.851454504384384,0.182559581938731,0.405507487339813,0.00000826931080283302,-0.0000549553343772816,0.0000582949512454269
0.808457252319223,0.205330004912214,0.587484689676867,0.0080418719575389,0.0344777878979196,0.0425685809377892
0.942835488676039,0.163225574076456,0.509292657069299,-0.0180385294330811,0.0185789053511741,-0.000620549330709783
0.781531424671938,0.199164972288784,0.272779414002969,0.0816546055190045,0.0267429164403641,0.0136381931776595
0.79456215197557,0.238247304708426,0.357585332540219,0.00356172480363233,-0.0349567939512936,0.0321163755617661
1.08526702795708,0.158563038640651,0.555389978535054,-0.00332001699216111,-0.00205838815746732,-0.00301272031292257
0.802817541681311,0.222095860420627,0.394145096584072,0.012583391759368,-0.167402224702672,-0.0549916257075987
0.978991244342568,0.168088021523438,0.203396044580825,0.0244090752553915,-0.127376711680218,-0.0386107802104331
0.78388711128002,0.212845199763065,0.459143524268991,-0.00896120672857679,-0.00241585839638278,0.0155603108618124
0.89903778443885,0.186759620099536,0.292895062529766,0.00938294927724035,-0.0831567382584244,0.0713615835108863
0.748942200653291,0.219775007675449,0.499041499801796,0.0557391773590989,-0.101964735461442,0.0305319037154365
0.754810949484292,0.199004450765116,0.23538859175903,0.00120842253532793,-0.0308633869621807,0.0264675714041986
0.869602402771587,0.184273799596558,0.59757410231925,-0.00317820912719563,-0.0295531946231034,-0.0108380314711208
0.839960092392577,0.19344566494775,0.207822838270492,0.032060977345636,-0.0192182512650374,-0.0402693630048567
0.772223659861575,0.21998018482611,0.316946459561207,0.0126360346923469,-0.0191444136865093,-0.0106448348697638
0.736902691953274,0.21738583036166,0.414337404887269,-0.0296076227842834,0.0198520112807627,-0.0273657420706577
0.980576219945635,0.154157275068028,0.755005655579885,-0.000609474451572698,0.00409072615666706,-0.000219214224448477
0.776159680027052,0.224563014839784,0.419070811008738,0.011259941972175,-0.0561195941541139,0.0161775737596046
0.762342838632449,0.222939323883958,0.4319761248242,-0.0231868693588248,0.00539743979544671,-0.0181647441792064
0.800648286443099,0.214227701544355,0.475900377843183,0.102666073116804,0.0785344246386934,-0.0590038160750572
0.91254624562587,0.181892857347331,0.520774174075256,0.0180801889933896,-0.0286191139585747,-0.0605373429382336
0.855581500653062,0.171486754874511,0.487112781222704,0.0409373719310678,0.114881137476475,0.0107275540505726
0.768778108849716,0.22732323366343,0.366579476056672,-0.00414658534229226,-0.0124509384411733,-0.00979548924334505
0.748979306289412,0.241278810756453,0.438862650852301,0.00961472808594024,-0.129980675263579,-0.0748611236620606
0.754863065331471,0.216156597969831,0.346121578001478,0.160035388679335,-0.0622852784870035,-0.0206509978075468
0.668214196634827,0.244964600456558,0.26737811432788,0.11599828541961,-0.0495713346927258,-0.127747305817848
0.80393766382532,0.214557451444581,0.532085778848203,-0.0081556599143845,-0.0387611137646631,0.0480388199885215
0.768929235953912,0.22832525368136,0.721042526847253,-0.0073049415514097,0.00370798091197995,0.000589254060073682
1.06305004771609,0.137967951639305,0.584716999344263,-0.0179939219904413,0.000582992123468899,-0.0147558812009248
0.849456710101429,0.206311287971693,0.496766636440002,0.159662322186571,0.0492085005056356,-0.0151287502467586
0.982661284328132,0.161630614886594,0.517286153396787,-0.00185881334237334,-0.00689618096772393,-0.0454067799995816
0.813204152103754,0.190963215671296,0.397682669004847,-0.0171399505901357,0.0572369269143186,-0.000975059435475211
0.996322174875245,0.14683195513072,0.32163593248547,0.178491963535504,-0.00365059096066102,0.0313896419813543
0.981739318200492,0.15318296079571,0.210226666369877,0.0881905542734616,-0.148090739429191,-0.0247108437601635
0.818615261565589,0.208758996098167,0.432193773884278,-0.000591793042110918,-0.000555941353540818,-0.00428209860271503
0.986359680215599,0.193652338354151,0.555406365047117,-0.102623350935993,0.0210807361598839,-0.119480029140564
0.603079940877375,0.246522116686368,0.510611824106951,0.00642649601146231,-0.00694789461387491,-0.0200291100629101
0.943932085066232,0.177741294603317,0.410040581819612,-0.0120168063852236,0.0106911011665284,0.00812800986795753
0.802309772599273,0.214512606062303,0.554608289579888,-0.000597110862950056,0.0565719488969805,-0.0104556254268356
0.856554515890589,0.20694855403794,0.171533183434708,0.0324498793060118,-0.10590891517436,-0.070703233529966
0.757170004329043,0.193536002896805,0.131962908079073,0.315573671448734,-0.0108597627868531,0.135566911459849
0.769885248530873,0.211806334087562,0.277774160578225,0.0387407764157017,-0.0182221415283795,-0.0335637215622835
0.735196351449096,0.228226382981079,0.61875869680623,0.018830755407997,-0.0467695170745512,-0.0567685378993013
1.03917274166521,0.162103629197148,0.0538912287711341,0.0554059791848794,-0.213252586606564,-0.0449803366443203
0.79459656075013,0.210779141474234,0.504003556555698,-0.00139378711931217,0.000697070973234852,0.00114609600163329
0.816072911352342,0.209236178217341,0.573000560694002,0.052421825031461,0.051700621125206,-0.0393433155631161
0.931015318630335,0.1915487756261,0.239070072515576,0.0101296875724405,-0.013368391411453,-0.0656400922455665
0.945004599211752,0.170181810226144,0.094158201577035,0.17588163761019,-0.0722979865469359,0.0916123307821707
0.984897079511857,0.176771696638295,0.287940935913913,0.0520962991964805,-0.10761923179918,-0.0204397512101605
0.822296683259858,0.194588723846459,0.23490734902615,0.0411370766760537,0.0497312574029022,-0.0857587904152919
0.904127061406138,0.206174556700923,0.308675258167809,0.0437580403477009,-0.0867951739347663,-0.134537684621152
0.858230797431203,0.184655066128849,0.458049188762257,0.0391821302786232,-0.0212869885263397,-0.0225734310748647
0.740682372693372,0.178558139036206,0.277101200912008,0.359852341159968,-0.0564513162489642,0.095548736170968
0.913983920520295,0.186869173657703,0.595173621641963,-0.00257459454042875,0.0231772385389967,0.00282014482536206
0.82308896480699,0.199122817603763,0.442061980375798,-0.00178071583090403,0.049594643437802,-0.0140444080499059
0.975465738787726,0.141486920318982,0.164148548777037,0.192809581936089,-0.0745861136614039,0.0154949469331851
0.96152804239885,0.163686440688202,0.51023348006873,-0.00282989757640413,0.000201699114152395,0.00885751531959755
0.724155143661179,0.245473271891636,0.422914791649243,0.0539334910465189,-0.139583864090717,-0.0212161564966657
0.749294048240248,0.210680546699326,0.689425684989982,-0.0439972483715933,0.0879801211679191,0.0644897814214793
0.861404818013318,0.198512561282721,0.434639280583439,0.00501845152784773,-0.0240177935803855,-0.0113547767544669
0.774722928543116,0.218994659497277,0.677210541711347,-0.00181289192489512,0.0192874782357721,-0.000041136558251717
0.865908818943533,0.160948544252909,0.18607773990383,0.234693081942734,-0.0158763890049418,0.237881980175959
0.820355597956171,0.189945981510198,0.222916925348796,0.0946032048332829,-0.0860620540671152,0.0200953471336163
0.696011636806095,0.225026714931344,0.496859909319382,0.105159003680405,-0.0135325768095876,-0.0417599564868367
0.763278746271584,0.206888264200738,0.466901442925412,0.00270664884161882,-0.0150015760716035,0.00638080493654683
0.77742937942303,0.235520548034487,0.626052399668475,-0.0659324730756663,-0.0374538796167233,-0.0501077936663928
0.895088719255949,0.20542096012928,0.31967297774654,0.0386617236857591,-0.0464178742836315,-0.130913249657827
0.86552821179156,0.193842415528078,0.61491186356932,-0.00388022977704127,0.00830984684565274,-0.00712027732681571
0.919782263992972,0.201110959368827,0.619986778383083,-0.0946282848800383,-0.077384101430666,0.00712069758477602
0.687936358109889,0.234513834636566,0.516762643940125,0.0927199115694164,-0.0291736364114331,0.031907002568797
0.990877527715514,0.176686864533002,0.510857087069741,0.0190998359246102,-0.00815838742554757,-0.0125573211437448
0.862668096556908,0.195295659912871,0.51621249552844,-0.00428178303659704,-0.0695943466516256,-0.00233917962144054
0.864407794738658,0.162762919823311,0.387291743833265,0.183513903352615,0.0527403234559904,-0.0574444406854627
0.82164611010152,0.214224802216593,0.530150062223475,-0.0440587737406406,-0.0245096905497114,-0.085286976156895
0.748496234636571,0.199794579081989,0.421150951526792,0.000724312917672877,0.00198589529147833,0.00240101994534552
0.855650056698011,0.182644322555067,0.541413762908408,0.0202463281053387,0.0880220964340615,0.0054054982074416
0.813010532794431,0.205402763989079,0.731043991917126,0.0480694094334819,0.0201429342317014,0.0132828351487957
0.97823790939993,0.188465456121348,0.20123777436326,0.0786047361505676,-0.158681329494401,-0.0449486402695696
0.971145078169902,0.165621981364677,0.585776771485831,-0.0108893319600565,0.00424433373330818,-0.000758731565912839
0.846235601839296,0.198274814257503,0.377079765947135,0.0541061868385841,-0.0852076492240803,0.00751872078824043
0.89142854592598,0.199413658102647,0.392484669792636,-0.0370093312808614,-0.179499346560217,-0.00344986319996119
0.842973687857136,0.203146620931837,0.630727234920434,-0.0974980920540574,0.0273150853441243,-0.0108956369100932
0.822325617331453,0.202066563688016,0.320014722218562,0.00568074672282929,-0.0796113397257295,-0.00702906015368355
0.917851452315656,0.172039145612476,0.187714272959769,0.066317417142073,-0.0893221093032089,-0.0843811236713196
0.847163258222041,0.211261709222826,0.714048235017791,0.025108172008474,0.0318461197877029,0.0344241098792953
0.889432570997673,0.191903849820634,0.50396694348869,-0.00928506576849236,-0.0116470814840746,0.00553020209680435
0.834422539487182,0.201264189030806,0.479505111292273,-0.0110113865999309,-0.00308536306991773,-0.0151339990775724
0.819377247090267,0.202339114213159,0.557078809297845,0.049384910870759,-0.0236999176418863,0.0275000358764069
0.948221102956267,0.163125595706119,0.348975943764063,0.113577303394579,-0.132073378131429,-0.026049972891295
0.835320170902477,0.209586002266154,0.458180590414764,-0.0224312197823226,-0.0393800231835998,-0.0909399147481791
0.828515741504818,0.199801924847924,0.475744010159201,0.0127372134010427,0.00781647299985944,0.00428744798290724
0.855381105160973,0.204699265506078,0.353860940970879,0.0157048444801964,-0.000968177919432687,0.00862341853485217
0.686379358837089,0.214730318327799,0.651774056863248,0.0903790533079626,0.0716318517872459,-0.00794150561202175
0.612745643536767,0.248446034342445,0.545872904825743,0.0116841555274254,-0.00172468404453894,0.029319287188296
0.817316418502181,0.203496688186699,0.617335718192052,-0.00995125367053725,0.0511729781062819,-0.0267589723562505
0.911452816740681,0.191443628266263,0.61196947045861,0.0512030715658386,0.0117139480514558,0.0229904974819916
0.806680641698624,0.202015630713844,0.377822642872108,0.045625442351973,0.020329487882105,0.0531506784322058
0.895251274338255,0.167670299756859,0.566271372458004,0.0828537777351596,0.0601992949242845,0.177828583240525
0.917363106733451,0.187878763445282,0.289119919536759,-0.0832724238822398,0.00956741020316083,-0.047700099822911
0.723195949188833,0.231974639212781,0.647715722700281,-0.0367744063070993,-0.0437468331312783,0.0141881588881746
0.938436581401491,0.178449109109092,0.356175764660954,-0.00863162189606017,-0.0272049210566078,-0.0254698144296225
0.849672803636663,0.196655778139286,0.656234924717373,-0.0101943806682086,0.00803043647638379,-0.0060906118863484
0.905395578208778,0.196895188039938,0.69607874594838,0.0109029418725512,0.0347160362279735,-0.081134475956637
0.834539802691476,0.199080516040379,0.828319199111486,0.0639793792760349,0.0466499140749798,0.0209080812487129
0.932787271144505,0.180050628898142,0.568051010985624,0.00386315271336314,-0.0293232092851297,0.0596081117522616
0.863527311152087,0.201649397675678,0.576133489623703,-0.00242871307730103,-0.0055071343542137,-0.000532636318906068
0.898821148291714,0.190899403584647,0.414709845994855,0.0139636118724443,0.0432464738109439,0.000911657088453752
0.909602519354892,0.195305382893486,0.514274012504226,-0.11741724225051,-0.00107611332105957,0.11847144193933
0.898408621593693,0.183219174667853,0.546882767011897,0.0192277730262204,-0.0239367863689853,0.000398734978881633
0.764911519221698,0.211089318215009,0.591733402848883,-0.0265491808564788,0.00798359372913081,0.0527647361179657
1.07445925528931,0.166815951774096,0.283167049508287,0.0410122798828983,-0.169618528003671,-0.0209636195195079
0.855308670999987,0.201757843083529,0.543607812357532,0.00876186514675937,-0.0195692086092413,-0.0417307321161578
0.799417262960028,0.221803792877651,0.46761041719445,0.0522627089183131,-0.0169860052564116,0.0150679380250572
0.882777885603384,0.192140716703031,0.8055212504265,-0.00268816286854232,0.0103802167379509,0.00198261463536876
0.751618187321904,0.219641765072924,0.394990338002843,0.0182697765682399,-0.0644830338466211,-0.0116737120646056
0.704662053701429,0.226283575095756,0.649716490311088,0.0696764444665979,0.0709083609572392,-0.048135780671056
0.880532296692966,0.191093782569861,0.752208929399431,-0.0149166327241353,0.0427516954823322,0.0491618491516348
0.635520042961033,0.227662274885383,0.52335691128777,-0.0320051320312515,-0.032425659264285,-0.0124930776832546
0.959052187585965,0.178280021730464,0.273005006593256,0.0312284644732218,-0.176546583340075,-0.0117618311598306
0.867311934149691,0.193527219655532,0.460379338334067,-0.00648231304940169,-0.00436155024617026,0.0072900552235076
0.681677440403958,0.221820835797019,0.555695252123133,0.0390256542464878,0.0237062116733394,0.036609474368403
0.737222985978482,0.226974551940435,0.770982848270839,-0.00071773601355587,0.0332837432369596,-0.00959549239898453
0.775239390035609,0.219588294587824,0.537467111586635,0.00500320862488799,-0.0125868477211757,0.00377442381387421
0.999031121154349,0.199133145305212,0.349501324001186,-0.146538092721774,-0.272620383045706,-0.213656921466274
0.821900038021625,0.198291459692903,0.11417445799134,0.175619387483166,-0.139762192651183,0.0435163747482899
0.714132191496839,0.227394212240726,0.514323206382551,0.0295222311639391,0.0622325724798336,-0.0266607731259165
0.913494624612989,0.179933477600182,0.388743889723751,0.0755089016372287,-0.0880240995294227,-0.141394723729993
1.00898992870161,0.172008081082222,0.336433109798809,-0.0157272893113409,-0.0113341786361318,0.003906063314641
0.87136536522845,0.205427002210879,0.389363138406648,0.0153730897407399,-0.015061551315713,0.000969051467806765
0.637204099312637,0.219453871404902,0.926782048184702,-0.00312100078393508,0.189117452922937,0.0737205382053642
0.834447748881193,0.233294559403798,0.841215417745339,-0.198496885605105,0.113244490741703,-0.0619003354163599
1.08961703882331,0.144954885495273,0.680255192332907,-0.0474367543709801,0.00470373628785494,-0.0373874856504548
0.818802141333168,0.180750823718812,0.449751182387687,0.0642803360451209,-0.0103234162513371,0.0729781637611387
0.944341656614149,0.165857059555669,0.58994754482523,0.00487111021263831,0.00255626222341941,0.00112423066123829
0.915265869765896,0.169558243622874,0.618412698600348,-0.0507870676888343,0.0967722027993518,0.029429341818494
0.744953093565274,0.215182312942468,0.518830322756219,0.185137064556333,0.0617673701235681,0.012591294553494
0.70054113372477,0.267762844515233,0.655430613561014,-0.0246397064733756,-0.00616352747443468,-0.0827656557528806
0.95781528369603,0.187812819228545,0.443522251400254,0.0261102722043162,-0.0371345981099426,-0.053492403355107
0.885516438564909,0.191896918441181,0.407075218458705,0.0576508246255824,-0.0394257590170233,0.0229804867329772
0.887553664719989,0.183554955408798,0.36637263566995,0.00507566757246296,-0.00561545486650356,0.0225336508912246
0.914256588493927,0.203498423998886,0.778711058841119,-0.030254595901522,0.0848370451736818,-0.101867171416406
0.993891654836114,0.153211589903741,0.367180135138009,0.00743394012503912,-0.0730754014856802,0.00727386119698959
0.750477391087999,0.217229403525345,0.483077720505043,0.0139113593679041,0.0219458934176393,0.0604274266658016
0.830913633068144,0.214758594902447,0.365969736102749,0.147326974140039,-0.105451918970814,-0.0152831596017994
0.933279341119502,0.179698433306889,0.596901152913407,-0.013566509987849,-0.000830345401054354,-0.0101528719390741
0.76931719622463,0.230203596480713,0.461494402815294,-0.00185993043810131,-0.031956201813351,-0.00657330518835941
1.13421512486193,0.137344887954551,0.132036371630324,0.106943180307313,-0.166075277436526,-0.0909799031143413
0.793466661829414,0.237001199774664,0.502082054203277,0.0403985357398572,-0.0585771508814554,-0.0318213631954685
0.732096599953057,0.232438813244076,0.408843364605534,0.115924825647942,-0.0553193798529587,0.0292365323841218
0.885847722291681,0.177930353322203,0.482807152441793,-0.00518715667280011,0.0521608789694453,-0.0145573336553279
0.89521378015231,0.191279695562404,0.549334843429598,0.000693835788676681,-0.0183953380559526,-0.0136113130179654
0.898194663358367,0.174452726617045,0.47328426468897,0.0235654899795244,0.01829806774508,-0.0300438649973502
0.705615355636525,0.220202435552149,0.553235633704669,0.00762670100359348,0.0144886023216442,0.0104030397510724
0.746417580428894,0.17830588147031,0.266407697896715,0.297251283171593,-0.0146419162361696,0.0925967504781349
0.867245567263401,0.18311570225369,0.346660304159545,0.083731419576305,-0.00760399612742042,0.0458797228681958
0.714419761482777,0.219607565584965,0.623794303761993,0.0148312407511516,-0.00673379818389397,0.00399824236410977
0.986251912032821,0.163124227803919,0.392159728057988,-0.0108762891445387,0.0107765895041898,-0.0107241535292505
0.793763898941017,0.243802648114566,0.509440731108891,-0.046317588193178,-0.0638756991810301,0.0350813481637666
0.746692555244927,0.194628145476219,0.337188424627855,0.12346474922506,0.0747049492246542,0.032816261090178
0.980291237351288,0.193119428033084,0.446830443911992,0.00637023005296278,-0.0667636383695122,-0.123184292424758
0.98071266278805,0.175457119896884,0.372313394778786,0.0296747470070689,-0.116539873006721,-0.0311045508203797
0.908143078492237,0.214668869510579,0.508407576294088,-0.107015089368306,-0.0503070649667305,-0.0800504709062233
0.679077578427813,0.232514605206763,0.794880185187447,-0.0877135213626381,0.0436627707712647,0.0320306599678205
0.729183006817594,0.22118080484185,0.59497101555625,-0.0323040788264344,-0.0117054605293348,-0.0154887911055788
0.771035022329361,0.210195578174545,0.719254677436911,-0.0413699244322726,0.107832332183834,0.00720968415378017
0.754107140306965,0.23326129021364,0.487537446390346,0.0642771119786762,-0.0102171557174472,0.0090722531670766
0.816593706982973,0.214053869163659,0.62356295890585,-0.00508732678881003,0.00996067014843131,0.0397220563840815
0.756415756964838,0.222569107429149,0.386930369724217,-0.00903323365629362,-0.108625676766013,-0.0934155730724578
0.883732173408667,0.207554554519802,0.437466496504326,0.00858290948048781,-0.00768462552843646,-0.00749481906156474
0.802565533660744,0.170563143130023,0.0787660582889599,0.384686247226749,0.0128825855470089,0.057223156710326
0.692932548883659,0.226169009565524,0.559145953362622,0.0359634652884748,0.0308699308125438,0.125272564832942
0.925211888672789,0.189297807561508,0.393584211873641,-0.0000121957098884354,0.00140341283312016,-0.0000705990569215227
1.0947594358163,0.137653407097172,0.514264565377203,-0.0229344701617916,0.0568059507684478,0.0262230194854677
0.982194625538987,0.168534441153675,0.470099908841041,-0.0244259866780824,0.00867278220572961,-0.0622441881891717
0.81009158615682,0.230384855149383,0.471195356753061,0.00112212195924883,-0.0177654973692463,-0.051548393900634
0.900528050020479,0.177216167880356,0.164287973572028,0.0645044651405973,-0.167078525351566,0.029881765459461
0.902115672071162,0.231395151018675,0.0495124177479275,-0.0132897507592001,-0.271875098701747,-0.223709277570989
0.624726411072091,0.249637881892484,0.580587599709226,0.026479212806998,-0.00950156940196989,0.0319342141512036
1.04184662954154,0.131042158622043,0.331989976703954,0.129685755043592,0.052423361567452,0.062117600939449
0.904712132923958,0.1745624961438,0.204991599923339,0.0819087475619209,-0.108220336794384,-0.0121741640230916
0.949658583022153,0.195559346234697,0.464308819217725,-0.0509090954914771,-0.132412416166176,0.0576088744596806
0.788528890426423,0.217463917234306,0.548998384576549,-0.0109900516130742,-0.00053511612815355,0.00000549122849632105
0.831435010093723,0.189066988257516,0.362399500807963,0.112260641659428,0.0168156543596549,0.00662784001206895
0.859971056372351,0.213161393018571,0.488202723238483,-0.00289138471800244,-0.0209631283800133,0.00476672467258986
0.73985461843536,0.215943910150817,0.683698395355242,0.00694155984203552,-0.0320210678542447,-0.0058182475165528
0.740890660474731,0.228996006425906,0.321912076042768,0.113577042993523,-0.060448444898794,0.0270636064294976
0.814808333667108,0.207361004484525,0.633098603002481,0.0102155304766675,-0.00244156155537298,0.00379367916547493
0.845180837225949,0.187542140556351,0.473091024842343,0.0563412517762057,0.0475697371233457,-0.0745724734578661
0.900647012977682,0.188909470343528,0.491401692214811,0.0192610905951554,0.00457184990336876,-0.107254180323765
0.951584624612311,0.169486005238209,0.554072336087271,-0.00018544736024573,0.0000242734200477654,-0.0000873587774018997
0.614753987872362,0.205830873573941,0.195600786612449,0.362511135979019,-0.00899583087701438,0.0509803277477179
0.887370834771161,0.181876343547814,0.645944165293517,0.043817774668294,0.04776342485841,0.069702124194286
0.810086423022228,0.197221316269563,0.114208156196562,0.254058458028374,-0.0938979314244187,0.0921710984031601
1.0495396310129,0.178163178617209,0.457346189617621,0.0645448990414341,-0.177116646223185,-0.0871854901058857
0.895522738695705,0.181175977342692,0.363152026442984,0.00607809576150713,-0.000633733776706233,0.00515128229672698
0.906638555564737,0.197470069876866,0.377619974419171,0.0217258908433761,-0.0143109273703688,0.0221357787084091
0.849583653683875,0.221106318352791,0.365338927800468,0.00982869220572847,-0.00284324312936633,0.00211589568777803
0.745376435679321,0.221554058366957,0.426382126376015,-0.0329928150442251,0.0738564144133693,0.0376745790896642
0.768798116785599,0.233305198406252,0.834188915707164,-0.00218743000482118,-0.000371922575819736,0.00134984237824796
0.888307730208301,0.216263608987083,0.672571327974398,-0.112803765373341,-0.044431741028987,0.00846695103955239
0.808988667227937,0.202514683880929,0.567344485296658,0.0000259486199630732,-0.000032182190626024,-0.000168023668181202
0.983107993675084,0.154473776317493,0.640715220088,0.0164001733220548,-0.028775505304814,0.0531329542593617
0.787595804397114,0.229270039624044,0.862768822232253,-0.0184648586518884,-0.00388325874025071,-0.0246689000451515
0.858954102938579,0.190513949732841,0.107713794461003,0.208994607287986,-0.0912669951989182,-0.0309970635431922
0.878452568444192,0.205894614222694,0.534405031771449,-0.00831344846080299,-0.0319779551474356,0.0191818565889794
0.87233143431659,0.187332745933459,0.492886829617556,0.0166743176975587,-0.0276604986366559,-0.03142588554626
0.922555638117823,0.197937940360772,0.195752113286486,-0.0040951157296612,-0.022743911663088,-0.0190936230843499
0.839696889471103,0.161024599985306,0.759213298400183,0.0424468063645441,0.174260450219342,0.0860356113978258
0.822867705683874,0.208438809849974,0.436543175248277,0.0388145241766856,0.00659616534644209,-0.0699517727295773
0.798369335639565,0.20816933218581,0.516039392697265,-0.00832064791905157,-0.0515576183461435,0.0319086572740574
0.847509268464532,0.220867398280472,0.0136346853750987,0.144095471707667,-0.285876675107198,-0.0912792983449527
1.00868622631857,0.170682978644183,0.34756741702657,0.0051829410271663,-0.0971931602947001,-0.067673823783328
0.859217129100072,0.189344930293963,0.576614317970675,0.00341008496092443,0.00234386866338093,0.00278477903866746
0.867269066033128,0.199789031203856,0.707833205599357,0.000451100341806995,-0.00784074059667539,-0.0170938801186092
0.782338089784816,0.206234443946361,0.364927610146993,0.115775996639925,0.00719875660026563,0.116371093591513
0.656494006532914,0.220920565742348,0.327031521300181,0.141570984505268,0.0788974930312069,0.0426796662686174
0.626116575905301,0.255451564110635,0.744520535973977,-0.0126011339851922,0.0318538465355673,0.00994840134637295
0.887266029042723,0.176375644235398,0.299928039878605,0.0498372898449532,0.0000475992699265644,0.0179536929251826
0.772365846059969,0.23398264086298,0.384747596171586,0.0148754994796107,-0.039651132424526,-0.049361286652127
0.85881469991302,0.204592176622252,0.23353001209086,-0.0112048965416061,-0.152403207281397,-0.0422888873172045
0.939260917134191,0.18330658666141,0.490698502409484,-0.0455187802967168,0.00445124325021966,0.01789399546347
0.875709668079094,0.191954179481603,0.615536148567492,-0.0162147890885498,0.0355613108683486,-0.115251487067376
0.792063196592211,0.215429414254651,0.61003471794181,-0.0416043217425214,-0.102215651184559,0.0109945328087725
0.702156523605508,0.209141286912545,0.545475628998356,-0.0243897926737592,0.0693563216910753,-0.0112399847314268
0.850459934246824,0.181015104868409,0.515915757726377,0.129030976946702,0.0559068274524612,0.0176195851071218
0.720839526863582,0.223156917997787,0.376009099229276,-0.0404591599763202,-0.0271720484326536,-0.0363332277391445
0.851347592893188,0.201917073581043,0.458507318348194,0.0887877998163005,-0.0365144177130712,0.00105739896454973
0.91237392071775,0.176695138398945,0.48957571675867,0.0100766732544842,-0.0659447792732547,-0.0212035142327995
0.980490572900037,0.193984406942247,0.625179877685502,-0.0548855539757235,-0.075256038048219,0.0181875123589531
0.851956317490775,0.184120443455197,0.412292854031558,0.0504734518764525,0.0460341204683531,-0.00866904967072798
0.845161747790679,0.195657090299864,0.498421791088867,0.133184327386099,-0.0362276980841843,0.0079869306911697
0.727616342505249,0.188058202167547,0.109291121362326,0.179377953220951,-0.0153889606836973,0.135508758436471
0.80447625378062,0.21792935240451,0.689261561511408,0.00247291801148326,0.0190752318590244,0.00606453974130796
0.716698198448737,0.241686021969979,0.624166498000001,-0.0361733783943076,0.0270138941755698,-0.0606230172371699
0.691717853922235,0.244593098862077,0.604679456124078,0.0468979488670211,0.171710676240409,-0.00611312186671609
0.849219769897397,0.213282319708152,0.340951148736945,-0.00392532750661123,0.0178262122475985,0.0179009417671761
0.954598921925693,0.182176002216102,0.600251008240999,-0.00550282345793592,-0.0188809792010429,-0.00271577956281996
0.860085761729031,0.170478575014513,0.421351100746618,0.125232944995401,0.165427583991529,0.0715178390867985
0.73114435657881,0.199452466460113,0.243685237071351,0.0997194473601008,0.0560925398853893,0.110878590315306
0.741855962834698,0.200737846820148,0.279350891363998,0.250190563994014,0.0477914528339392,-0.00643940592090763
0.834901042424236,0.212324502079359,0.613586824863437,0.00617372076405767,0.0926159800217891,-0.00269460364374358
0.861889155879964,0.207907320096198,0.495963543654113,0.0516974657015768,-0.0930532542380844,-0.200624091720056
0.766592756152933,0.239098109200929,0.511937659339642,-0.024783409738996,-0.0226271564083361,-0.0107381746966603
0.640522996863206,0.229068653740056,0.548590550743427,0.189715799570309,-0.0291427701539487,0.0831841548815937
0.804800706887586,0.2262514407975,0.593886178077415,-0.0332945251594006,0.00443457558985856,-0.0302767108247169
0.816639482001457,0.210694902980457,0.707628774192985,-0.00757644228136274,0.0123930407717104,0.00327625233290558
0.870814486198207,0.203903052705229,0.642258985623917,-0.00417379930109,0.00322500490675596,-0.000336457851136717
0.808681155213008,0.212068153426658,0.24623964929027,0.0877442134844577,-0.00408277876782435,-0.039181812230212
0.936467637864972,0.19269784431,0.531447763628691,-0.0429589443968461,-0.0852989942070083,-0.0567515636360494
0.877400362400174,0.170541419023884,0.429239810196619,-0.00354554967453745,-0.00337778319547463,0.000218445897140414
0.906199377551078,0.178971555503516,0.361983514944563,0.161974869485158,-0.0207861284842132,0.0996479937628263
0.702647384777924,0.214001972937255,0.00400318419503894,0.151229227483126,-0.181862739718203,-0.0445020507221708
0.837404288197951,0.197025789895363,0.439775216903986,-0.00475629391194836,-0.00424374689682781,0.00175060936906103
0.949791838810985,0.176181125734444,0.259090787020079,0.0173082956940695,-0.0880635882076763,-0.0681982958721951
1.00263307300168,0.142507838580572,0.403074333837984,0.00520207074808006,-0.00290709299664992,-0.002520055870685
0.681988053769035,0.264397291796827,0.369018669659029,-0.0373184437467322,-0.0945910559191258,-0.01123088337683
0.76287416860405,0.203840212434331,0.587120487608729,-0.0223529399440438,-0.0115658229901774,-0.0245946761788453
1.00157494831077,0.163013351801068,0.42048327711944,0.0408492646211302,0.00533385294206153,-0.00807846217111835
0.881327466988453,0.181732025020728,0.662643371785089,-0.00501903402609238,-0.00520219818772486,-0.00525266837840375
0.631185492028832,0.246066184637546,0.657500406822158,-0.00397851983170022,-0.00896796653035204,-0.0546884192444391
0.731025355317825,0.222875318556474,0.39539183793087,0.05915641938613,-0.107297310811918,0.0039596239541066
0.836921809881825,0.230519208218956,0.811655951502348,-0.0332424450987738,0.0499487603520408,0.00305063120255869
0.83524539686794,0.208722182647389,0.572649443615309,0.00190062795600217,0.0122364647292576,0.00786586684495599
0.85247531647396,0.209283715068621,0.207293203285624,0.0948532527776284,-0.128403716098436,-0.0789758921633195
0.818511582532085,0.212188502454714,0.489872775517708,0.011099412796479,-0.0274623930076823,-0.0116795783110732
0.881070725795968,0.160966094523842,0.178510803903924,0.111601207565546,-0.00352835808800822,-0.0151809554192908
0.938995058576267,0.177311077282205,0.450208401027288,-0.0681265172417096,0.0118435117099845,-0.00908439349716462
0.787554325999441,0.248405800664812,0.441298758387419,0.028512051370106,-0.0874693237957362,-0.0409614722105724
0.952458294891744,0.187137257674769,0.510543837121049,0.0123124394626134,-0.0475236482260135,0.0777920683713907
0.856134149990103,0.203406216330563,0.475012031776897,-0.0447638314035836,0.0481954111952493,0.0681429986083089
0.957660896777944,0.179206583763299,0.625563718979397,0.0435620465972898,0.00189147424906165,-0.0398715609690984
0.76141188334577,0.207031353405612,0.431728738862435,0.0646626653880045,-0.0618225737361439,-0.0750458528117513
0.72911938893183,0.222992742044111,0.522958305539252,0.0806093957247661,0.0704963071720558,0.0193729741119857
0.784005983726213,0.205770075560365,0.427803194379306,-0.0138709185962321,-0.000907319791605174,-0.0222757397240061
0.905073527174739,0.180795556011596,0.529577434729996,-0.0293194982128406,0.0466606051824055,0.0268826966166743
0.838661956634092,0.211832110383843,0.696872504495631,-0.162669836906485,-0.0693386433620267,-0.0430093315619478
1.05976063150614,0.140252307957101,0.317168840626744,0.02071361813212,-0.0628674369905165,0.0189120405472967
0.749064698989974,0.2087150140934,0.589456629841886,-0.0108406983870659,0.0718369536955957,0.0983888656404356
0.9314285581094,0.183874261604282,0.329763819564685,0.0455261397741457,-0.0398335564917851,-0.109504175653592
0.689846306499974,0.24125032089279,0.498745786906544,0.062584725429566,-0.0174331427003216,0.032283877701185
0.901203802093941,0.126785210872222,0.105730901086336,0.313337223186866,0.0139973513117015,0.12290782663768
0.91901597133216,0.183667778300236,0.837348082950479,-0.0574365157587586,-0.0157546533860166,0.064906239105688
0.808560483543893,0.210678208107973,0.389661756975508,0.0137396656899278,-0.217182087851171,-0.0336397150128065
0.740790395442306,0.227314285785922,0.501961696188076,-0.0110487619426623,0.012161902147686,-0.0141671730727594
0.736393382386523,0.239309630234934,0.527809789006981,0.0796557500358432,0.0468895543243114,-0.0437629739868245
0.879955974959211,0.179366985379775,0.261179028420645,0.098091969924637,-0.0109026213720687,-0.0301835570068694
0.741779731799896,0.225881057238615,0.343705201911707,0.0686655666808403,0.0706580335747514,-0.00565802600022241
0.920488399232348,0.164362978398898,0.428752295416208,-0.0209122949260909,0.0379178084928126,0.0577403410026551
1.04552585003951,0.153176880261252,0.227965152170987,0.0774863076637935,-0.0799929510844235,0.0204800812763849
0.846791026939708,0.201189803379857,0.560943135961432,0.000249499388213559,-0.025066182913496,-0.0164697543497233
0.669813252351672,0.227940128921139,0.698901086298983,0.0581803335558068,0.018999368558672,-0.021890998259983
0.874434898672284,0.141130648505378,0.233907619927424,0.257004600858227,0.0500076351767014,0.101592426572612
0.910531284605295,0.183460950116284,0.542320764170514,-0.0514825043698721,0.055989127449447,-0.0311578831054233
0.641381407949315,0.258016294022727,0.381540841907155,0.0375097871668875,-0.0378353753115495,0.00435743498751105
1.00603286355464,0.152484549989172,0.389853960290962,0.00142758935358361,-0.000787671795039391,0.000945547032581517
1.01049523692853,0.1427780244077,0.179322574982487,0.196298082577082,-0.13692609904868,-0.0688556234006841
0.88326416346641,0.170027309813913,0.367440498360354,-0.017869667070005,-0.0398062409069635,0.0132304719684608
0.97865691494554,0.171023875907377,0.598631044928403,-0.00520185154789271,-0.00528418338078495,-0.0272954867173206
1.00974567160545,0.151160078083282,0.611409718884652,-0.0156874887719444,-0.0487924212422865,0.0304478206678509
0.77103394947821,0.239567697202582,0.535302287251612,-0.0506222911627738,-0.0461852944658333,0.00902582637039573
0.812529711647878,0.193079313773955,0.373599678321034,0.0573063070212075,0.00697948806148779,0.0143914840795076
0.94206466811878,0.183239052207138,0.447629915416542,0.0173103169484485,-0.014161582735752,-0.000374773385376922
0.772488816647302,0.220909291103771,0.462859883001215,0.00501176964865882,0.0477767875288213,-0.0133568557391976
0.692577921505395,0.238730744073983,0.825965883643389,-0.0168493116815354,-0.0379707469429477,-0.0143340650622549
0.76946670743534,0.222997748304382,0.456252311426573,0.0291962895227247,0.0231303340344546,0.0196517754743627
0.892912486754662,0.209328636275434,0.622372155227205,-0.0665350743634972,-0.0220938507039089,-0.0721315480517663
0.978554928936168,0.177383309349043,0.457063161610601,-0.00861099424667273,-0.0361164848088281,-0.0279523789297693
0.845884584091837,0.164393221758547,0.552644081883178,-0.0318745808236216,0.00105239007463962,-0.0110274981904598
1.06386563364405,0.150399352683946,0.349916223786639,0.0778518687157848,-0.0486052090677479,-0.0552699140923729
1.05900303342344,0.127861105745974,0.871194469519888,-0.0248935802285704,0.032553551068886,0.178631434717134
0.820249116432019,0.194199721388733,0.411570503294659,0.0683626693665976,0.00510257196059656,0.00861985519270559
0.707164051570148,0.242630413575224,0.595415866094686,-0.026387927486784,0.0427352161138219,-0.0161117348509066
0.939673790893097,0.181484923820134,0.483021727180961,0.0265638608253047,-0.000311205490536739,0.0109514638273111
1.00012757751209,0.150710050093644,0.353917924995497,0.00619051151070167,0.00514752712102089,-0.00121710247725503
0.73457393226655,0.227925057426767,0.541899472862305,0.0264978812829381,0.0662125205411049,0.0161209972146184
0.860354912346917,0.198587055724679,0.656309371028823,0.0311726055919919,0.0604181192061147,0.0184398218609374
0.889322978436112,0.207450737040808,0.717662120965154,0.00333383643554193,0.00979860401697831,0.010662518307335
0.789583601501357,0.223984855011255,0.35369452115969,-0.039419701167645,-0.0795561110806624,-0.203885789416312
0.82512805857915,0.189397014486453,0.343781934109673,0.204227946744462,-0.0000168749394504045,0.050342675964765
0.968423172250837,0.20484318937242,0.576843054754134,-0.0991436560392097,-0.0678993727462941,-0.260330954343297
0.787866251377739,0.20881419578271,0.541656375307846,0.0159375185780543,-0.0153827885809505,-0.0273023433174097
1.06549957206256,0.14905500490784,0.598979013857515,0.00701383411436334,-0.0485230726146395,0.0288575408840164
0.707343847235723,0.234089822207264,0.441923970762498,0.0195180481832965,-0.144090029489425,-0.127315787764548
0.756568194271649,0.222811750895899,0.592764538074002,-0.0180246038044357,-0.076000062470693,0.0077859457273175
0.99578048362518,0.15135888743643,0.70322732811839,0.0205101862901188,0.0462121000402667,0.0607668583447168
0.940639153983812,0.170263055627276,0.318786138094693,0.0595243996429851,-0.052773788330829,0.00379251999853707
0.775830077289921,0.225731995677919,0.619116062431991,0.00838761705757998,-0.0346000287513847,0.0275634823089591
0.843374205942404,0.210346215924703,0.236588166180921,0.122618385083064,0.0274231066686519,-0.0866870569668668
0.87270402432476,0.198907206903428,0.401584589081199,0.0524059651220527,-0.0155796194733386,-0.0543947754882724
0.83185948604753,0.204988531489413,0.408269598729197,0.000348049800374677,-0.000910545224491846,0.000194977052216005
0.807984237062157,0.226229072983089,0.72888169229026,-0.129453809257183,0.0313935778468605,-0.0660081303414771
0.945365248528523,0.178660843251057,0.745636988059573,-0.000917333165220174,-0.0479780906000996,-0.0797497503722041
0.725389460657476,0.221853987194448,0.443286422148732,0.00705159932996135,-0.0143465314322784,-0.00221354635146004
0.734377715433746,0.206252528646959,0.599634877039758,0.073720035637876,0.0431922320496947,0.125884143765515
0.731321615327013,0.225880779625036,0.710373048758186,-0.0360649728947128,0.00795545181440259,0.0112055077316453
1.00240752956282,0.160331246622829,0.342594032268595,0.0265081292217356,0.0109634049244341,-0.0595493809390064
0.794782916320441,0.223778190478038,0.499262488114047,-0.00608498063651032,-0.00272083983475509,0.00642987348127704
0.836825848483696,0.189836329141132,0.45076431909728,0.00200528101291832,-0.0100841638600322,0.00995328199950412
0.789634880355383,0.220008161839102,0.597189654285452,-0.00864475568636796,0.0139372141262716,-0.0100745809219101
0.855604557114027,0.1861010487997,0.644393885254019,-0.0969028095108392,0.0355200653264929,-0.00656296265958057
0.637690594219135,0.270833512149599,0.429630352527465,0.0587771576157216,0.0568982393918743,0.0194317359462809
0.810241993414189,0.212336948586339,0.46382270544004,-0.017114332707984,0.00985538608941363,0.0119183321571998
1.03578071402577,0.168897701042355,0.349236030357922,0.0105981159658265,-0.121123721207618,0.0368582160095083
0.818398704638422,0.213336887739904,0.446862848589665,-0.0502623746770214,0.0251746567220574,0.0329287752294261
0.871938215051555,0.202940474185272,0.461819397548321,-0.0038901927599262,-0.00824188173954085,0.0112425608485361
0.842237172285247,0.191801225084713,0.655554110196588,-0.0322136585660832,-0.00788059508452797,0.00402706402160214
0.851837132328731,0.188815031563947,0.201587048909233,0.01465224211135,0.00731190394323888,-0.00330308570443005
0.777999307131065,0.21447579357848,0.674999659372354,0.0187067208689595,0.0612697651548658,0.0163560052879894
0.773183708649544,0.212432524014538,0.447977068185376,0.00687711548466998,0.0345009422452887,0.00128859175545865
0.705572130312076,0.218565987949495,0.510454540572724,-0.00223504578001995,0.0266655714449242,-0.0132983675334212
0.918978764991755,0.170297491633589,0.55495558916392,0.000885284088911032,-0.039153046119435,0.0259442431957298
0.834300843186134,0.201590235885552,0.339307382130926,0.093568801276466,-0.116125586210665,-0.0541442444419997
0.978465825103693,0.181710789268057,0.487610091612614,-0.023748298386362,-0.106484175433832,-0.00707837210463315
0.669572415340196,0.236001298584891,0.334477511727369,0.0790690443771993,0.0174695877003424,-0.108281461948876
0.835033681451309,0.20701027008318,0.503962571037072,0.0218034246043621,-0.0149356832584542,-0.0147999977756479
0.872886827007728,0.200013895894951,0.411267956212189,-0.0137484600623556,-0.0431747413825765,0.0166429181153147
0.708613202651375,0.240316260162169,0.344344141827071,0.0433989284055904,-0.128529350241783,-0.00788276167927481
0.73394928135453,0.2334235501894,0.531104260848018,0.0644840488814981,0.0230303160037236,-0.0875811865257011
0.887565301652188,0.200619885288175,0.144987145768769,0.108567487673181,-0.23954963074773,0.00595312729382956
0.72983737875153,0.225223659408311,0.406083609719381,0.0522748781502405,0.000699701940365829,0.0316288457366732
0.934502506000772,0.166553639561243,0.316161304631429,0.120462298685653,0.0103015191312437,0.000809708784255511
0.734191170238578,0.192984767635503,1.04199546397572,0.0887944360083807,0.333651519805128,0.104895585468666
0.86395836118204,0.196168644305528,0.510953941668723,-0.107605508999645,-0.0362359310682116,-0.0186053039854943
0.645645465022264,0.248694258469964,0.312903839596369,0.0792414882433933,-0.00191016962246967,-0.00578950184912488
0.818868379945325,0.203883308998159,0.479910083742534,0.0359164577642001,0.0229211159777213,0.000447374968641762
0.925275112890724,0.190379951919351,0.652173374746902,0.0186749394040004,0.050309799492447,0.0329552254236526
0.868317464185801,0.183983103550793,0.0921980236234957,0.162149826139728,-0.0378896607398523,0.0712994794230034
0.744061350206958,0.236026165439566,0.640247344992977,-0.0289457593015343,-0.0200583293194625,-0.00414564112978559
0.964563521163389,0.153999471198571,0.747334426586656,-0.058945235850824,0.0738698663318331,-0.016846778281455
0.902892338281503,0.21487011061985,0.690791731037812,-0.114302941371152,-0.0469887156851976,-0.0490834540234217
0.829954627253293,0.211588638781901,0.262733043833046,0.120913670903427,-0.0443442777949785,0.0640828231477361
0.789958771796928,0.190476099699465,0.190552710594564,0.25772008018078,-0.0524524850421445,-0.00794335336028514
0.860853364644846,0.192984601909788,0.532280390893943,-0.0499739724212253,-0.08490509217532,-0.0199630508497656
0.980219653621724,0.175300150845933,0.458390105604721,-0.0098774162652495,-0.0296688999694309,-0.0685072520180715
0.770545724198707,0.226911412288865,0.456607507161071,-0.0107019655556342,-0.00114926984970101,-0.0150379062779798
0.882093410973941,0.172438937598927,0.267695959401916,0.0818116172819358,-0.00242680206495982,-0.0274839280740386
1.07355032623447,0.13591401972612,0.211138231805625,0.0608295788039701,-0.0991326012142545,0.0346120305712973
0.81368280375294,0.212345062077406,0.460224011327231,-0.0611805195419469,0.0196253306315421,-0.0569570904444326
0.823714245669852,0.200878140952876,0.637077809168859,-0.0185296871086379,-0.00371265336504645,-0.00253371143211695
0.88095439687762,0.184584730398,0.317528344128765,0.0317982761894457,-0.00760631207059609,-0.0436873356610826
1.03224063800482,0.181878934758134,0.573702924476383,-0.00341358357541616,0.0208258636291539,-0.104546533137452
0.831052803216142,0.189625852774692,0.292333019799692,-0.00313480819607091,-0.000532723148334867,-0.000206232634862182
1.00231726586489,0.15001086977733,0.447853361766522,-0.0171948847092723,-0.000443251950107207,-0.034344125665095
0.781778029482577,0.239739582288542,0.351575591801524,0.123204042699492,0.00229802706644866,-0.0414459362045546
0.857111569880897,0.178219433657688,0.344862828926224,-0.00119411779632978,-0.0230660128976474,0.0165952643684713
0.900679725855438,0.178141798602087,0.442098354802569,0.150310611922365,-0.054990506884053,-0.0354752691930242
1.01893084558102,0.160743348399182,0.543413583104578,0.0036190989121871,-0.00723623257381157,-0.00144983603473836
0.816788408010745,0.195824951722977,0.700576125349362,-0.018351775853602,-0.100237217172657,-0.0298936038331805
1.09209631625868,0.15587206695426,0.324792852969737,-0.0102828188140301,-0.0424219535885803,-0.073351843038345
0.869520264932067,0.187026682014565,0.341219253772599,0.0186703094558375,-0.0233005355923547,0.0499403535839188
0.896499760937626,0.199627230673401,0.576552093096149,-0.0155683518002448,-0.0210812393919142,-0.00000754684405744003
0.868256494274121,0.215759065952591,0.513977711757833,0.0204765181265979,-0.0199968681209969,0.0267701400025051
0.707027447943491,0.26272729678367,0.351199312929578,0.0237905819012983,-0.272717218416549,-0.215108607610259
0.877724590031433,0.202831684510233,0.389210176292302,0.00218890951309337,0.00662365341022346,-0.00806955803069931
0.663357673822407,0.197466663065087,0.055593976756029,0.218756222944749,-0.00714684620840245,0.0398024517027749
0.904519275978882,0.188654728674823,0.608677133156287,0.000503708188710642,-0.00370473343758499,0.00354465440644595
0.671542771192331,0.233084375635593,0.274944472267567,0.10798498077775,-0.0481498051366529,0.0835776051435287
0.881901905370683,0.172782911128589,0.158835319215105,0.263356363741536,-0.114371648234971,-0.0952686491198026
0.633090442377326,0.236371743863198,0.329605857945456,0.0672746483901258,0.00825663504652464,0.00705768455145573
0.913465126533208,0.174902995360625,0.446203015487996,0.0124428285657919,0.00151249412681468,-0.00614531621290981
0.783411368219626,0.201925284219289,0.336918960447415,0.081421968149222,0.010999381666044,0.0242676589415604
0.781336274474963,0.226250544662645,0.322356051232987,0.174712296241058,-0.180571139676519,0.061470406003404
0.778209178682857,0.218293810097996,0.556640522981749,0.00424367061928181,-0.00131501344808932,-0.000973666406692728
0.955061520122272,0.157887570697538,0.330317027225644,0.0424140278987154,-0.0041496987699102,-0.0203528350664114
0.968364997837255,0.181559641247566,0.499559223224166,0.00975736574693223,0.0355563954194188,-0.0248744412388017
0.98304797411529,0.165543091232833,0.483194047992828,-0.0132648959419316,0.118119148333532,-0.0762403192604621
0.744898047109527,0.258085109705391,0.640485217869295,-0.0305147111211606,-0.122383202216941,-0.143376824796298
0.747474716195186,0.216902022317423,0.455566358156752,0.0366341825056999,0.0716999036075842,-0.0259540783960231
0.789304940790548,0.219782293463857,0.594993441350686,-0.00208622865457697,0.0131278434951202,0.000331228354194659
0.798896268571069,0.211469073796271,0.49264684389714,-0.0462635685120822,-0.0320278575017938,0.00907097755179519
0.830049056413285,0.207661609389113,0.464068402578228,0.081506000925615,-0.0448786472054858,-0.040782842147993
0.844631392736917,0.216714571160542,0.690736522638097,-0.0334554455846563,0.18856019670855,-0.0308405338526019
0.911066361079849,0.197703549723497,0.540692827215424,-0.11396647778597,0.0134198545644955,-0.0628883981642557
0.811810887765458,0.213163555886576,0.539791573098828,0.0108007959999145,0.0423533803115336,-0.00720247278599541
0.8854635452576,0.211868728768465,0.611125083175042,-0.0795217059970027,0.03645200850089,-0.0724547253599453
0.634085115999032,0.253488480256513,0.713906597193266,-0.138373959235081,0.073478716101403,-0.0461174650340909
0.721477530804798,0.213553600749969,0.371716838044261,0.0138361548730846,0.00845222095550495,0.0157826885513832
0.711903687006894,0.237473997461911,0.475558091570863,0.000924559330630613,0.00740976507305952,-0.00779476123261349
0.933561526837943,0.211326601557729,0.466209434284314,0.0577301657833445,-0.0236224610297727,-0.0205627976224898
0.716596349399767,0.23437485767697,0.498573227617825,-0.00656258022736519,0.0371392123857165,0.0214639317470749
0.984542522108018,0.190692973917986,0.523490074053644,0.0672885234032503,-0.0739687298332265,-0.0935407983387648
0.717032608086954,0.232060746813573,0.40102604183295,0.0445127519700099,-0.0524052373959743,-0.0218771622568835
0.890059313030204,0.185452887106737,0.061475202143503,0.225962801884789,-0.0335461719197654,-0.120411438841504
0.661533637964734,0.232606187182939,0.426738869635203,-0.0408485468537662,-0.0695626814128118,-0.0229558355317939
0.732951183465318,0.219933042746491,0.557810027560234,0.0322994004795839,-0.0679054502668258,0.00144082550049313
0.769619785860403,0.220643271900136,0.384244928439946,0.0154080392087288,-0.014526843833694,-0.00669661409081609
0.919252254488814,0.156926583687507,0.296342017854821,0.00697709974152336,-0.016401714975642,0.0098043798992894
0.830572653547913,0.195032908553287,0.707294028759155,-0.0016451600531497,0.0279209022038023,-0.0136770137875825
0.802141236127204,0.213995023228427,0.329427162808851,0.0163581856621797,0.00143695250146869,-0.0154540498480005
0.735348177068493,0.227731004332826,0.448960552161819,0.0780467439548389,0.0201462664213303,0.0149852750671589
0.843228842265481,0.207161603964841,0.670905297015066,0.0171957675253372,0.0771522439068468,-0.0356579191414939
0.691324489642194,0.210985569760949,0.133962693222225,0.341663369146575,0.0391353137069274,0.07205794309283
0.718065209771078,0.256715042790293,0.601434301873979,-0.12031368223522,-0.00744031990254367,-0.039773554404084
0.936464377637557,0.183970087210564,0.484244437775783,-0.03166444113479,0.0287625470975838,-0.0199012637371564
0.872222681399933,0.183505257865796,0.480030792257076,0.0434727151818879,-0.0287806909610965,-0.00202957216042658
0.853507824933477,0.188486443250525,0.30232062944461,0.0359071294373319,0.0507041951814584,0.0096006302923938
0.752324754504315,0.201766041443446,0.354091772930443,0.03163180129853,-0.00162221572451434,0.0439853076950725
0.833440656168073,0.205647443030802,0.411202076120187,0.0459671338041521,0.0245589841924801,-0.0327160267806472
0.889350962937942,0.19940483184078,0.274097132839686,0.00610491601397239,0.00372294337647095,0.00511910826567906
0.859758557888286,0.177104326248541,0.307945962206705,0.0443011533286098,-0.0205324520872727,0.0115908452554377
0.883379556601958,0.188795277457847,0.648118908806456,-0.00734573399121086,-0.00428567331378556,0.01928295565897
0.687513986578335,0.225598549756136,0.592138107635171,0.00177302807687156,0.00901415897771874,-0.011238762072314
0.668656966903819,0.223971154077335,0.418360171876771,0.023421035479021,0.0424753828615654,0.00576382639212777
0.807938078294841,0.200431156480915,0.405911756615318,0.129179474274229,-0.00608754098453808,-0.0352234634726111
0.771658963373381,0.214951085252538,0.515131031584412,0.0189416057958539,0.00528459648236805,-0.0115595162815459
0.751195294006305,0.207729217338739,0.573216013068713,0.0197446384411011,0.00135953887367329,-0.0101630992469503
0.753676925215997,0.237696657554677,0.372743601613523,0.0174713081353446,-0.0243734860095714,-0.0421169489667541
0.801156250373057,0.213319761525981,0.298219081647818,-0.0193851457291046,-0.0556781934498492,0.0143435244026142
0.734698874245036,0.20524655834435,0.270257958566833,0.167498692503485,0.0640600030908893,-0.0198454346887312
0.880127134473176,0.207464991951535,0.531772817410922,-0.0270007041693928,-0.0344615496226144,-0.0402253604961413
0.755300975253109,0.191467234127687,0.283878784899243,0.081361402534228,0.0761194514780108,0.00862648746822474
0.737076099164466,0.212409234153248,0.550613486138519,0.0130518268201621,0.0071379314980803,0.0145178706507846
0.641242029732686,0.202952188482244,0.00465519188023895,0.51337282972254,-0.0061822407033102,0.108674242064006
0.814174525757803,0.204410842146112,0.509611331893349,0.0117209341453664,-0.0259498173402089,-0.00507604733340546
0.889481429690746,0.193555329476615,0.637199059333279,0.0284968051144515,0.00980652261995437,-0.0525271694332808
0.920811182034565,0.204807210871382,0.640547711806018,0.0071149264163981,-0.00575114821850188,0.0208861691534352
0.78661467567393,0.172408518517571,0.170532259480388,0.254667186763302,-0.0256116572517928,0.0347996489801549
0.878086891338577,0.201830002083794,0.300338108080513,0.0344492195016918,-0.14740066619764,-0.111163635475596
0.92936296965586,0.197100897306481,0.425763858950632,0.0519652290668118,-0.0393298116777951,-0.070568907470844
0.842911096504477,0.200082802230113,0.492226424649456,0.0037016975792673,-0.000211907627408047,0.00384276895140848
0.933108061677972,0.172727726406672,0.430408920773165,0.0191398057308221,0.00431039142231387,-0.011006262347299
0.622080258825106,0.239907859018586,0.477108363070547,0.133467162829158,0.129661114836026,0.042191078267412
0.860198652901187,0.204718228238734,0.594295390070621,-0.0104122835396466,0.036668807976022,-0.0146233390206956
0.72652643298299,0.218352821585156,0.466978005738236,0.0416355592801662,-0.01633925358395,-0.0184052182259343
0.780461326206747,0.213277122436594,0.260321050949126,0.0267975069643381,-0.0413568818484754,-0.0125908116403308
0.815323567275547,0.214404829135319,0.482805366483149,0.0166400890957962,-0.0296275061298872,-0.0026783707662918
0.699481134202598,0.247889065518876,0.517007240952599,0.0184393494285599,-0.147724580298341,0.0405504077389712
0.89853908603016,0.17473666632664,0.466324555956487,-0.113575203842245,0.0180083010832029,-0.0428366366783388
0.671521687947353,0.221596501266084,0.824084828780514,0.00819800353722838,0.037862336256889,0.061956125727025
0.8396398523147,0.168143060179446,0.23795729314752,0.185554206435486,-0.0128035865090377,0.127642565273271
0.891393978725678,0.190476872850271,0.586180466197423,-0.0198770644322434,-0.0382843967117154,-0.0123985262822378
0.872826587260633,0.201793324919031,0.518995299276638,-0.013572852686392,-0.0444502953081571,-0.104955908774102
0.874774980089188,0.186192487338341,0.378212438769368,-0.052993987918822,-0.0218420485969141,-0.0376688692899051
0.699588006690028,0.250108846928739,0.619480523864877,0.0301714776334334,0.0660194767360786,-0.0715918736674407
0.72531661283387,0.21262353127535,0.422331650977929,-0.000991188420072522,-0.00300116186599763,-0.0192313531853732
0.926614885349519,0.17685968482908,0.195979579223782,0.112297081984064,-0.0681530543757913,0.00395950939002846
0.906693654733041,0.173910286224746,0.437239409842131,0.0259708975079895,0.0269790685072141,0.0328282563264267
0.92741683695506,0.173711696317867,0.546915119548441,0.014292178118807,-0.011216236978835,0.00419997466291167
0.971339253307857,0.174982197489612,0.486524002053649,0.00563530428614168,-0.00629909928492354,0.021187888932359
0.737634262889219,0.218447724782666,0.3705779397152,0.0915981511017673,0.053274078531572,0.0692884100559664
0.769035863085544,0.195315370443664,0.654981158871203,0.0198826861896,0.00466729090784185,0.0448398540840769
0.663805485487155,0.256039798795614,0.24803103634178,0.0318559285831242,-0.026743113821103,-0.0124976914649109
0.886289475112478,0.189045536144188,0.388360111875808,0.00812438951002228,-0.00429400810803613,0.0478269111083848
0.840143497463822,0.170175885034116,0.24045817531612,0.217228076840331,-0.123811062388204,0.0140520880643316
0.909477062502141,0.198668713508871,0.621600964195131,-0.0447082447417428,-0.0276827794583355,-0.043135394855808
0.938947738042793,0.197733186143811,0.509358093455344,-0.0134962769567537,-0.0664691068331962,-0.0602242522625929
0.910399370734418,0.183668275449659,0.495837200943062,0.00633304380556846,0.00300680078296775,-0.000561831439827251
0.78160422750924,0.198193006345394,0.553660040252286,0.0022178746022052,-0.0249852484691495,-0.0333498853629757
0.992344556156803,0.163110629365357,0.75980866716246,0.0361501327622201,0.00420624257181087,-0.00123851757208365
0.821204597406258,0.196823867870561,0.43918299550803,0.0523777153590905,0.0669186195361076,-0.00161863259396119
0.860494241847244,0.194709271627221,0.747161159294931,-0.0021037102493807,-0.00342756963530884,0.000284370182379898
0.769574556032257,0.208205675609421,0.353250154230351,-0.00563106617739919,-0.00503306942226617,-0.00550239397697445
0.804789994545771,0.218029807323412,0.366265981236256,0.0522015483691964,0.0353191436825136,-0.0648925326162969
0.932349106437283,0.200002458175076,0.309676137613836,-0.0381374785151636,-0.0206110795528855,0.00572571196429948
0.906971482866203,0.177663543909394,0.351844897050183,0.0375545797248296,0.0226698219989069,-0.0176147465480343
1.00749883212211,0.162441308192973,0.344739692917169,0.0145773935147161,-0.0167720268590215,-0.000870767527954134
0.832179792919739,0.199357722384629,0.71683931910472,0.012976250508954,0.10536488628549,0.0017640917887591
0.950675070545087,0.160265883514714,0.534894720230494,-0.00608552236546633,0.000145943860912643,0.00080740364469191
0.794132757714377,0.203440184286664,0.534822788205719,-0.00828592254104914,-0.000493929570279951,-0.00341006165585414
0.821228400198224,0.187126712136236,0.366313590739684,0.243872909080698,-0.00729809391760792,0.0198426117940014
0.97599513803404,0.157830043238768,0.464138725731681,-0.0223592057836776,0.0182146740697083,0.0235225954163595
0.757982190325099,0.234773396198404,0.456919671855686,-0.0379894518838236,0.00673561639253624,-0.0724316592513229
0.975233449408849,0.160306719951114,0.428520049098081,0.0704068566703749,-0.137232734284077,-0.0937543129238866
0.972417350632092,0.186279843835879,0.439102998527546,-0.0773497751447968,-0.0296665753077788,-0.145292550571106
0.850884875229617,0.196132779111568,0.52529835631102,0.00251645365228291,-0.000383882977711657,0.00281057752858324
0.864028086380032,0.195129575156908,0.314055338599529,0.00356368751088584,-0.0654926045257305,0.00733332130024508
0.930027649290624,0.177290057004206,0.483840572393522,-0.00806864033587899,-0.0157738036311279,-0.00713582945828162
0.947710272514855,0.17024179532705,0.494976468191695,-0.0164478461491009,-0.00760967936253121,0.0119069765820732
0.679768776133854,0.225053788832595,0.392517880001555,-0.0288331111232706,0.000334553371571712,0.00609790574824208
0.699801832855971,0.235613661077125,0.465503778427647,-0.000591094718167959,-0.012119153481141,-0.0173023171548215
0.885603572144057,0.179785784590595,0.483623374048157,-0.00426245470013731,0.0319479327169269,0.00854037210766969
0.752628224305276,0.210546258031311,0.751780197058206,0.0662467760091711,0.0970225315552484,-0.0130485119142211
0.744890529706068,0.228094114652825,0.50694820317813,0.00534979957827523,0.00191327017254077,-0.0134028047313926
0.936248672629887,0.159080409447713,0.248011691708569,0.119987917383284,-0.0541273073549735,-0.014400699060216
0.771502061321058,0.23667515502233,0.317764236419299,-0.019192259538746,-0.0185026193878628,-0.0200491917389244
0.839205379257399,0.199095270912327,0.582565080973653,0.123864025465496,-0.0255466098075979,0.00573002312144219
0.754922517804818,0.208383102990517,0.22637681282305,0.00377152836499971,-0.0072006453129899,0.00564083435290216
0.953562597504062,0.161450224751756,0.521452532849947,-0.00822028028150457,0.0107705153287075,0.00277945104898402
0.73996342688364,0.217188160023023,0.551558406125377,-0.0340968563490322,0.0207502512946712,0.0373087233572295
0.827178249350499,0.181431413174624,0.369902639074871,0.114857630344836,0.0641449636189223,0.118481232370311
1.01822066186582,0.167475761086558,0.444503744517102,-0.00712229119919071,-0.00964634204324114,-0.0420694902377345
0.881086531885461,0.201794788048286,0.616597943026848,-0.0156192748013586,0.000768646178131886,-0.00961401222098852
1.03205184346665,0.16167132638652,0.52257236779198,-0.00177318064622757,0.00353196759561099,-0.0177930056982855
0.924909072277732,0.185589583505766,0.349488117467126,-0.000112455506982359,0.000235863318638847,0.00141464095526628
0.863768832494792,0.206389551965355,0.36030514712471,0.038323234274781,-0.0359807815819772,-0.102901917605608
0.835073502703432,0.186696262327456,0.469522260092435,0.012728344307237,-0.00692669201317382,0.0163882680813
0.779141824093461,0.214924490880639,0.571102000934385,-0.0148276257735251,-0.0357040878789266,0.0125258866062951
0.676137527146535,0.24445856180268,0.378643484778646,0.013503395540704,-0.0345408136624837,-0.0831409295220844
0.848946492468997,0.200871310352858,0.454654419333119,0.00796115073010365,-0.0532346318858173,0.0742084097267511
0.894428015988789,0.203415730588812,0.440971270645127,0.00520845060344198,-0.0248116601722342,0.0329520443717143
0.81443461299294,0.204123112918787,0.697380943148533,-0.000940622910607028,0.00570233725827063,-0.0327146740520841
0.852178413309731,0.200605736474569,0.568654357891879,-0.0386223080966135,0.000277834136560558,-0.0400775798717356
0.848738077661167,0.191075137388943,0.599948876782939,0.0250069931513526,0.0332473568513874,-0.0377529797906571
0.712456468011355,0.236004023361821,0.520430888249535,-0.0182470199881085,0.0126232581242006,-0.0846734962776889
0.797313511946951,0.232827591660816,0.0739055651849647,0.0384429170853252,-0.181955043058242,-0.0291811951405255
0.695258632497307,0.216498041012323,0.506090943440529,0.0552588926817247,0.0439322718123322,0.0603027430849974
0.928512669078984,0.180519664928299,0.533100136700282,0.00556371309986894,0.00288877166684137,-0.00676367906322477
0.749292138234706,0.224715570249233,0.397012415418796,0.0279880959554081,0.0208649762937987,0.0280907954623078
0.918694633125356,0.18026347071108,0.366651340249404,0.00268487688108723,-0.041047702701587,-0.031406578516771
0.912475060148502,0.180355740937498,0.664136659195307,-0.0477313453795616,0.062826227842557,-0.00458161519402342
0.832865294166067,0.175204420500459,0.536706164688092,-0.048452979943777,0.204842424418124,0.04459833799609
0.862615975573142,0.194327930306358,0.52827672683588,-0.0215489681821051,0.00935633479684199,-0.0514449275419836
0.604270681250851,0.262176755140114,0.681166515303339,-0.0154955356769799,-0.011131671828481,0.00451949569238728
0.773046577807626,0.224047249510057,0.45638592288705,-0.00778233095641877,-0.0378884509425217,-0.142373990378441
0.604365179111229,0.267501458311431,0.752205821934372,-0.00215686051099723,0.00194762497871023,0.00916261491149336
0.882223402801403,0.17592230177679,0.26077420585162,0.0598938795268534,0.0291705942051567,0.0183100060946838
1.00700611957331,0.187926641049603,0.407105957094994,-0.0102955793081377,-0.0672115369138069,-0.00916555702502875
0.791843570113372,0.199747931509504,0.653111151389599,-0.00351726585854709,0.00656666488321455,0.0026719256184472
0.73933223298909,0.225016451107035,0.503548001977009,-0.0274796167009736,0.0170288783746236,0.00773843001505447
0.839450397506504,0.186678550015566,0.643041521330659,0.0645974830664548,0.0569727449626011,0.00642471615329103
0.743457794322033,0.211842806935503,0.308263343438656,0.154702327902112,-0.0578442422545632,0.0408303396730755
0.813082134606035,0.216139682977147,0.619914041502461,0.0396016807829447,0.0904384783432453,-0.0367073156672466
0.832851370948978,0.240916819193655,0.296822893157857,0.0662204384343569,-0.140863293326476,-0.203529611247346
0.978757287888986,0.18083780500335,0.150225902080905,-0.0456552443443924,-0.00803487870441053,-0.158103117620911
0.804631458929125,0.199917816740337,0.24766512494807,0.0605310675704926,-0.0408101454401665,-0.114277298704792
0.932267501845403,0.172481064510654,0.408757596361944,0.00139393073335084,0.00222364810696765,0.000417147395826738
0.710466282123929,0.209864128502761,0.156900373090705,0.307681630087559,-0.0169468204917995,0.0837031149970636
0.935324922360665,0.16768269555896,0.401693272941747,0.00773854531662121,-0.0633447533274783,0.024077917507341
0.872388032570858,0.198733807131446,0.47217458152398,0.0164486259340629,0.0449535561165959,-0.0306674508897995
0.782431563741422,0.213738103862982,0.328180332829889,0.133453544523426,0.0227227640078621,-0.0619538249219693
0.726950692825049,0.223726135778499,0.424636514202853,-0.0206210232649538,-0.0341530168263401,-0.0148351576416713
0.762843866684732,0.210490783644435,0.501883113533718,0.0783520397322822,0.0210522782412189,0.0275943008161399
0.989670174512347,0.158749216454517,0.425103980823145,0.000222984020409876,0.0104000273991392,0.014791563548565
0.818268654340173,0.200744330493311,0.569956964566827,0.0121763861066889,0.0312318804536006,-0.0189015387375686
0.902472545333417,0.188411587125944,0.27196931471249,-0.0367733933667845,-0.0697459792820787,-0.0218559106059188
0.79856632243425,0.214057596941451,0.545272101965739,0.0841007430070916,0.200392820896705,-0.0279610445712994
0.723324912852472,0.260797659223254,0.376222306506343,0.0428401649685771,-0.0230394412281235,-0.108434194142391
0.892994844086021,0.201493452526075,0.795279421855164,-0.0687119342627012,-0.0118060134412141,-0.030589507317836
0.782994762582787,0.209208702184481,0.680596777017882,-0.0231458617218153,0.128898012920962,-0.0257236761211103
0.793902058519564,0.223400414031776,0.597310371762712,-0.0239878651747413,0.0180536051931416,-0.0724382949979415
1.11204914907389,0.136862152793968,0.521674057034903,-0.00533958356483286,-0.0924446429731448,-0.0863151120562752
0.789726875086772,0.210744008299929,0.524488192648652,0.0184393842868689,0.0105686498206215,-0.109550496261759
0.881415752065277,0.198269688389809,0.517961831334879,-0.00426560481865486,0.0058046534338365,0.032729319138386
0.875133657941832,0.194540820639837,0.373531254818027,0.190710782052667,-0.0480552773132839,-0.121807366854726
0.833550383639872,0.208142379302845,0.533948913261807,0.0332252511366715,0.0119358295943923,-0.0051091026144788
0.846297622252273,0.178053754440286,0.345568827956903,0.204610020367767,0.0695331931064693,0.10544375704028
0.91625353433281,0.171211443602981,0.346347664540698,0.0713038250312065,-0.00134714238855318,-0.127137253531944
0.716704904199037,0.227915232351911,0.543868230477016,-0.0221095301315612,0.0178238169730337,-0.0299348907348766
0.823210090105474,0.216693445975055,0.437693206367451,0.00237183831602962,0.00194280834813779,-0.0213861472050332
0.93593487337994,0.192230785039322,0.365567904165773,-0.00797984177395088,-0.000266341359251494,0.00151626839481346
0.777035197671114,0.21381124822807,0.372969971924714,0.0229066247080663,-0.0521913294547482,0.0493454591654061
0.824975201549756,0.205122600504345,0.402560430543974,0.0121143548423564,-0.0386342684225188,0.00956391500268952
0.996378228466877,0.163277179705673,0.4100556382642,0.037014340868802,-0.0588553053386801,0.0128024635503893
0.697235080917996,0.213824206215644,0.463448238903124,0.144190991962512,0.165340150326949,0.115861535067681
0.969472656112866,0.146576001752751,0.184920634894036,0.190724758177898,-0.0573402392155481,0.0550419783661387
1.00178694217926,0.164705309165126,0.671886476425532,-0.00531481070211483,0.00485812380604865,-0.0117138400227567
0.760999444959457,0.209110850084197,0.569019226577296,-0.00100520819079796,0.00982429917776155,0.0026295813897044
0.81199573838525,0.23458068616158,0.560601674881106,-0.0209907452855643,-0.0392615000525167,-0.00485689573453155
0.815585489633057,0.212039895336569,0.85877644798017,0.0203292693270548,0.0922856396715377,-0.0152244828285342
1.00910312209246,0.182225328661277,0.854933427294759,-0.0154452667752521,-0.0591621452963369,0.00670005843234985
0.741463540390766,0.222630353708574,0.28300419674816,0.0627420187403708,-0.080003083039624,-0.0991437840887515
1.03733701500016,0.178197466191929,0.20518658333341,0.0928365075283474,-0.192074940607629,-0.123799207244126
0.874713128041055,0.210339561392428,0.235775627340031,0.0323827354326098,-0.11716901968589,-0.115175381164957
0.755786920828272,0.236772459890068,0.427137760674265,0.0412330479326485,-0.0378710892781907,-0.092584598252825
0.784640954101154,0.229680961575113,0.647923072687728,0.000176995852348863,-0.0024051847524222,0.000427990203314933
0.957387545064422,0.174376461116814,0.399696654501021,-0.00937275635916245,0.0294920727588017,0.015259944284336
0.792221677300582,0.20618505530517,0.46409607770847,-0.0271577106432517,0.0242035806586968,0.0237360518736234
0.848600086551701,0.199026790094956,0.496523329027144,0.0196442873388082,-0.0022217251063503,-0.0139530327600961
0.847822268065617,0.18689533420514,0.521417663701527,-0.00497182233022886,-0.0157485140563681,0.00323639876165083
0.701510507099794,0.235750589245371,0.566754641402185,0.0139103818385849,0.00718842950222698,-0.000302424617387534
0.718874427814683,0.2242213555342,0.452357760617094,0.000191828793101802,-0.000784998009927902,-0.000381891839770528
0.846183134983461,0.1897991086965,0.537990482172584,-0.0176961266108978,0.103194432872257,0.0664298313482133
0.843962275059688,0.179554943817433,0.212321025577991,0.121176925756997,-0.065548687563218,0.0303405969637235
0.925394055396665,0.180483803784704,0.568664396793318,0.0267030742630405,0.0131330959010375,-0.0216013221793206
0.902974348109889,0.188767502965379,0.481354695150124,-0.0230365493318086,-0.0627826003867824,0.00883077190142153
1.16418168037576,0.130781111950878,0.641630601442666,-0.0538033195454986,-0.0274180888831348,-0.0700275112907867
0.909433363799283,0.185965023520434,0.46049908478994,0.026254474930078,-0.100381723369946,-0.121613660114938
0.97413101576274,0.186663431317139,0.48590048755397,0.0108385099479861,-0.000434010455838839,-0.0169750363959166
0.883242964414151,0.203160096331939,0.423041176319958,-0.0295442088925135,-0.0220564493853398,0.0664311614146693
0.73234256852535,0.224337863155922,0.736520445294027,0.0277133107096581,0.00528554403805867,-0.0710656385217801
0.820202390842582,0.20603642469657,0.446228782137207,0.0410969656355763,0.000247473214101455,-0.00297209317510362
0.763408192196967,0.241505938188617,0.22689788847418,0.00441119617910849,-0.000944133661043519,-0.00225132714351945
0.63346214593875,0.226472041015366,0.0291855791750971,0.156881272574703,-0.157655764354213,0.142860259507381
0.739593300918838,0.227435988099902,0.417494303114128,0.140716252469576,-0.0884832222626836,-0.00609807520779431
0.651112360759291,0.235535591534335,0.701000535957127,-0.012906531176419,0.0131922257593757,-0.0111407158803078
0.808136484297313,0.226222931803563,0.520354695652096,0.0493583159290526,-0.0326888718017823,-0.165709771904287
0.770858669017614,0.217209772883132,0.442929696525867,-0.00533656958985886,0.00236270616983011,-0.00145452730087454
0.736484656836482,0.238288349274747,0.769762087959642,-0.08615587857919,0.0230684445029655,-0.142897515619243
0.739652850928614,0.204633594962278,0.243671757458495,0.222654415491974,-0.075572506295912,0.0406455514046584
0.917624113676972,0.198719834431297,0.597784126634114,0.0000872558574351391,-0.00953386937852138,0.00282125634689234
0.67678946531983,0.24687745703251,0.53578299400448,0.0643994561411458,-0.00260160038896399,0.00475379015026505
0.891944422290376,0.179012673687034,0.570569860804366,0.0368971639858939,0.0342658472099385,-0.0127614357929347
0.870638143597987,0.189116424215989,0.581370194841207,0.00102079936144216,0.000497073159468049,0.0330841454716885
0.783571341140102,0.247825898334081,0.241877978833248,0.0962932109027065,-0.0796887105719854,-0.0622991246759528
0.844750564632542,0.192502210052411,0.544488537790465,0.0170505027670288,0.0457156937396191,0.0197737525361318
0.760391064338774,0.185885249116823,0.782823569248524,0.0790827947681107,0.101061087436748,-0.0081110498601573
0.844629743203743,0.214613909260805,0.417343550156334,0.0257396507304914,-0.00442077172321084,0.0435633864629518
0.891368330585519,0.205008189337791,0.337161925840941,0.0359227730782222,-0.0196854235955597,-0.0563578813181219
0.952061824287305,0.174463592918259,0.146093611180186,-0.00222844904347612,-0.0000133070235406869,-0.00629130386250212
0.796318338258508,0.213901804468497,0.262823267565837,0.0415856234101941,-0.0325760108344674,-0.0336582759647122
0.728131982387539,0.247297171405506,0.415278624065577,0.0291046994879772,-0.0891587743212969,-0.100538822907258
0.855164755358639,0.177980328146573,0.172813002352984,0.218823284217506,-0.0704056931239642,-0.0314257353843424
0.917804775669964,0.193423294281273,0.597447522477434,-0.00348349463527864,0.00547431426703056,-0.00555055356938349
0.936067269782902,0.175359752759251,0.205207714636474,0.12529029674834,-0.0343813578144504,0.0617196346772109
0.762296255227822,0.202536176536284,0.512051205860473,0.0169685330743578,-0.00831057858874869,-0.00249483767014922
0.662444306849408,0.212409300622816,0.512683952243232,0.0669645310165846,0.290891004933803,0.135333533201299
0.56639502903075,0.242699397169065,0.0275318546419256,0.255980207901668,-0.0605079263976205,0.307674183032669
0.770170067020408,0.192144902766212,0.740746520758902,-0.0330323314147457,0.0717050337249666,0.0358048763024683
0.87542024027598,0.203382023058569,0.328378399881589,0.040684928710638,-0.0536975129490088,0.0253208629750027
0.880666291537954,0.187755447932082,0.370230506817317,-0.026655800613214,-0.0694181769629298,0.0431230687504443
0.690965621921323,0.245673013044127,0.398206038786098,0.0382109602236309,-0.0695997954546345,-0.0591407672213393
0.885661458034171,0.19001821809148,0.553675199930608,-0.0077788065137114,0.0730644612978943,-0.0792288185199683
0.66335348421026,0.250473861562183,0.48257688330474,0.00765437542207471,-0.0233272983030173,-0.0171249017648072
0.814879933481964,0.214645041352351,0.00822050868950131,0.10591210651984,-0.144515998768842,-0.0182984736022019
0.824095315033459,0.199683055106413,0.606228325943174,0.010225501181913,0.04718210038191,-0.0105251066645098
0.942218055316596,0.16010308042759,0.388806678886581,0.038941314221955,0.0272556016577436,0.0833059149819706
0.759591857508648,0.239775344479011,0.660953464551069,-0.0681452030176094,0.0792942334517896,-0.0624399772705732
0.927269295066579,0.179312279419165,0.604130058359154,-0.0000388857779121191,0.00202146108179576,-0.00366030935822765
0.974239731288013,0.145960771933885,0.452495296458287,-0.00140577212377928,-0.00145173960429491,0.013112090385868
0.866850897976209,0.196028684239998,0.617446797896947,-0.0188305838696802,0.0759171346792997,0.0421173568589588
0.839335210015623,0.193590678598045,0.396536602054214,0.287012799413081,-0.0249399697869242,-0.0808598847156586
0.885394518323084,0.200439363465375,0.446093943020925,0.000163688812978198,0.0137057790839193,0.00152892047947515
0.847924702809328,0.207163813065524,0.435299688005455,0.0164305991035096,0.00453010191765177,-0.0118723103592791
0.777894575568393,0.232956296186563,0.869473408696187,-0.0152519751039021,-0.00166238105940672,-0.00676372147171501
0.682506174423239,0.189825158539956,0.133518507755353,0.33110726812861,0.0283587752793018,0.00182039726107677
0.83505877685962,0.201007272836792,0.338383325828356,0.0911466918561749,-0.0804924890688397,-0.0267088315239425
0.967795083286175,0.189044142705912,0.429435647570699,-0.0527480165377635,-0.069079134264304,-0.075173378716698
0.751710368366017,0.245677068480963,0.500410069569839,-0.0117856981753843,-0.0138557704676681,0.0168801205837042
0.806653255709355,0.204043358124006,0.599601362900307,-0.0194030838166331,0.0408586433949073,-0.00851194266283286
0.798050531539748,0.22455618170714,0.237946322968317,0.165317415203047,-0.0620868104332823,-0.0965859257141273
0.749220492655112,0.211934957935698,0.379333212342224,0.0779783661888847,0.0423970626458574,0.0352917996693977
0.682479216024845,0.244391115633158,0.310392768006849,-0.0314191761838992,0.103535188994951,-0.0513425939429532
0.721453354936047,0.230568009920697,0.61323793936837,0.023363221405747,0.0106107752052892,-0.0195973405789435
0.71796939570797,0.224871223597493,0.347462928944494,0.00730357507254852,0.00685435677071788,-0.00202168040533514
0.900671129634866,0.172070016219412,0.59286480422954,0.0539066918979588,0.0145699892676194,0.00402740795087813
0.839860178932643,0.195966253449725,0.499368854359962,0.00305771780042343,0.00644561540108294,-0.0239592024682551
0.935124789894002,0.18213376225021,0.525496674077239,0.0221069988023215,-0.00347821501615081,-0.0348246085842481
0.733523849493425,0.230314828436111,0.301710675952189,-0.0459210939619285,-0.148453753926291,0.0120674621149942
0.945526597187923,0.187564095139392,0.524500603689095,0.00095417816857988,-0.00672915056921931,-0.00621802429179101
0.816442032942508,0.216641474120476,0.347098692861471,0.130963937289528,-0.0600789838751917,0.00154509979423293
0.942365798207312,0.169367911785935,0.536866712846692,-0.00671907346342996,0.00220502088341123,-0.00382048670720937
0.824811761178764,0.217108984876046,0.421077320346737,0.0297662359623493,0.00582864196902284,0.0673347666996861
0.952934412352399,0.198157910859032,0.57606213608685,-0.0435352433177349,-0.107091751313108,-0.175390784836398
0.71857768974899,0.19743971280722,0.0664161393214309,0.222075590103232,0.0342062794915049,0.0288520385596974
0.787389106857014,0.225671247117747,0.685453814070682,-0.052640713653059,-0.0879528717714693,-0.0183880861593146
0.945600191347259,0.183720662822008,0.116210764254303,0.0367416597892377,-0.141215446797418,0.0976657555275061
0.779305139052335,0.21611823670243,0.436911561722213,-0.0814734333506736,0.0128137333747758,-0.0538123848285133
0.837456385722982,0.209309022345781,0.149435390381479,0.143299890176009,-0.0406883578667461,-0.0328362204738596
0.746760286292021,0.220778971304124,0.31612887633721,0.013955138829722,-0.0529803376740821,-0.0181855309181992
0.822169146304632,0.186550163158503,0.347294310505053,0.0208859000927424,0.104106534355493,0.0838703379544555
0.92590956438185,0.202945548282267,0.304500418393761,0.0601923731852027,-0.14517117607066,-0.236364689965388
0.891118270438546,0.199464411452154,0.414173370728851,0.0437988829796056,-0.0296211926741187,-0.038305899060475
0.94282130006913,0.187689893879315,0.577301181270485,0.0556883071793499,-0.0410935667959639,-0.0128739550613952
0.923789264621795,0.1654349170635,0.587341477699632,0.0636906366421964,0.115677345457729,0.0154528830266482
0.741009992005562,0.226247782459164,0.350129400046681,-0.0113311095012606,-0.0150911731049358,0.00683306791150146
0.701345173502763,0.239483631065744,0.630567038431484,-0.00197110279926407,-0.0109958964037396,-0.0422602886059993
0.77736125506679,0.196281989725957,0.203353610033788,0.14978914528196,-0.0545597617164016,-0.0011621643014691
0.802054492104076,0.214300022388035,0.583952878942709,-0.00220008623880955,-0.00553438790652011,-0.0108550180049773
0.766742523510928,0.235126817268034,0.244701082753077,0.00892010997253733,-0.0308440454998451,-0.0538072559420841
0.869925741084565,0.16323030792012,0.342671912106677,0.213890172785355,0.0595984209640295,0.095812268450896
0.825739916958249,0.215337936468247,0.548502238600938,0.000598904981746046,-0.000735501949754832,-0.00154300854369062
0.778309500707476,0.205797756039434,0.226926394797884,0.141336573440614,-0.0335937065715813,0.0320127337360527
0.783530744600831,0.22492965974949,0.327851843220463,0.00753702609890768,-0.00676802937545481,-0.00695900219926599
1.06862067846469,0.161686749401465,0.589999975181007,-0.122612964612654,-0.0784040891124259,-0.0674484417261994
0.899313543453302,0.170343871474187,0.703557272055638,0.0612547801276478,0.15125685658497,0.00600923657985296
0.875695563634712,0.191495394898467,0.534941762237227,0.0117351588069308,0.00561970951281834,0.0193083725720336
0.772101250381711,0.197736587541436,0.518808485591483,-0.0200240996276153,0.0818937144423164,0.103675448370924
0.919110900555354,0.192142347119698,0.584050415022628,-0.0623883894757321,0.0360963725718015,-0.0528780719581105
0.907408047951541,0.165797800954619,0.33460761211599,0.0584448221039161,0.0550053076515632,0.0507485324337471
0.777103227241059,0.200914680873706,0.695325149277913,-0.0234921739694278,0.00254258612443484,0.0165320118620637
0.990201865159789,0.148800408316358,0.40819774302895,0.0203134236175804,-0.00607330299907209,-0.00835018008893311
0.771494818427431,0.200994422875184,0.513458630846528,0.0128444716558932,-0.0161828597482038,0.0343239074172107
0.92092194712643,0.16673535559858,0.336405085748008,0.106427770497406,-0.0249416627570256,0.0181424608759764
0.798228232852593,0.198067983614236,0.513611058790195,0.0299053535606921,-0.0207324876012873,0.0303355120920979
0.763106946749498,0.205929304223469,0.485272541881722,-0.0256965083500506,-0.0180897962233892,0.0371277521991775
0.796987685267845,0.216426736514212,0.478646193755389,0.00533558553701629,0.0471082992645961,-0.122379040011788
0.557862436088387,0.245998494098478,0.165859378134948,0.166048235341315,0.0655691951255772,0.0335810385957697
0.875182944515546,0.196339941258294,0.296079339976844,-0.105840155036392,-0.263842956262457,0.175488405439325
0.833496051633962,0.205423402828486,0.622916026144728,-0.0211565787194157,-0.00175356738811295,0.00967277796207488
0.731471189562634,0.255552047670792,0.699701464073393,0.00612420932994294,0.00852942025470847,-0.00823696593599037
0.826049391751516,0.156513344612246,0.192093578055185,0.238630248323151,-0.00470790874252406,0.0550657540034713
0.877549474806793,0.1942826044469,0.459718823242843,0.0250487217881045,-0.0810899270610673,0.0186089810646322
1.09598745909222,0.165861736689173,0.0297442420809993,0.105022463675034,-0.245285334790469,-0.107940728776309
0.778838214133177,0.197887845263355,0.299849439165708,0.0416584525100243,-0.0789961418115847,0.117043008122123
0.658877816460425,0.239723100687158,0.462116556341988,0.1279296323826,0.0446131707606959,-0.00771706358187427
0.869354491024137,0.197772098804435,0.438861567434933,-0.00269397353211105,0.00952432016059578,0.0199307094493228
0.973938386787716,0.154937630356985,0.447589711433646,0.0419317466527095,-0.0576804492026536,0.121397143600602
0.712933807819046,0.208271525051531,0.632516421023964,0.166300898924148,0.0423562854477936,0.197376453004021
0.90068420768102,0.165626749827498,0.626699849246278,-0.000831115605528073,-0.00496319734849896,-0.0014871402515835
0.93544234920394,0.181570818473356,0.522275932066598,0.00925418946203187,0.00271505054397287,0.00978092156591265
0.767964111129867,0.204469978514312,0.561087610074448,0.00592110564370508,0.0231294048192584,0.0112617603006909
0.817811585194769,0.212048153686677,0.619397874981762,0.0406130822855968,0.0276975397427977,0.0299100483845495
0.888698504118617,0.187863532933,0.639997660608409,0.00712767368929739,0.00704577119557586,-0.00286052006800469
0.830496869958965,0.200441185732584,0.46780439680326,0.0606331972283385,0.00635214489787801,-0.0280949380547369
0.703782138012732,0.242134437248872,0.450433330694091,-0.00385400439997481,-0.0051098900546656,0.00475332931522685
0.924500576037585,0.182976077826273,0.485262716293573,-0.0151713602516066,0.0300205636594327,0.00654561486991435
0.809959864887388,0.199467464667703,0.341794877372623,0.0481727063310188,0.00485978040829813,0.0357187617992269
0.847929104187313,0.160088538077085,0.638927180560712,-0.0492524599176117,0.105967283299277,0.080756972175368
0.93703803470191,0.189996846078688,0.504929917292805,-0.026769243836098,-0.0158742258982703,0.0237726725303693
0.803877729835439,0.225292070745918,0.543459816632211,-0.025352227530874,0.0216663896699306,-0.0199274570781052
0.875611545790115,0.246707247832,0.120169053268757,-0.122459580996958,-0.204030556102923,-0.18867629725717
0.690229699886941,0.241747917187467,0.460224423916035,0.00231719276132837,-0.00000800682598765032,0.0110178749167889
0.849632796588517,0.194751947517499,0.491059298198181,-0.00259997061772225,0.00135369358770567,0.00585722199865736
0.896317181130279,0.179289819479882,0.579402612758403,0.0263343785582309,0.0208118343666164,0.0619375124518278
0.763583894226773,0.222750221222033,0.40543723064776,0.00575537299539282,0.00090889348824919,0.00540467147544878
0.678678606510402,0.223777543913149,0.657957745490022,0.0096645955877225,-0.00324200826211283,0.0420360170351031
0.948959944934844,0.183760698763857,0.226418177435951,0.0830311089495668,-0.0984309087170978,-0.0531786033144404
0.690340885894219,0.241797762942608,0.408416845176714,-0.00380900465213018,0.050672018585183,-0.0118503801907755
0.632161560142935,0.245390889478673,0.418196189623163,0.0290190286026978,-0.0534776316159208,-0.0795274682352877
0.789295519253311,0.227349370678842,0.709007623978654,-0.00298647425309588,-0.0164932389922829,0.00694352184449654
0.910248866583869,0.202663376260009,0.481794968693457,-0.0000245436266570377,0.0000336544181471317,0.000133648407454121
0.972471945795339,0.19482077779258,0.637343599627589,-0.0227561998328862,-0.013757652456788,-0.0516777513490624
1.01414707386775,0.168568890995241,0.541411956073394,0.00285047780058118,-0.00047819098372979,0.00139452363262528
0.924488846495034,0.190313778932021,0.604854480417295,-0.00896266270616704,0.015403325644398,0.000194660299342276
0.723669031110122,0.219859591676829,0.70511627031628,0.00726107569534722,-0.00644381349954271,-0.0178491088119469
0.836553839813655,0.218610906802995,0.391242635934146,-0.0545553168369263,-0.0524425990348109,-0.0457890884407504
0.650860970748857,0.238209733455697,0.525156920784828,-0.000879535656640695,0.0330070746476441,-0.0177969398136194
0.78250406037682,0.231069797573176,0.358002668065039,0.0266893700093503,-0.0776595554911827,-0.12880079085285
0.853083020813021,0.212813726624927,0.455863367897611,-0.0515114193176152,-0.0493162274361082,-0.00865257152950382
1.05590873815795,0.177564066440096,0.146797011230503,-0.0181667365524779,-0.168113506936807,-0.0847416173246345
1.06588885451567,0.15855004015442,0.243242885922799,0.00928211857862555,-0.0877810979371485,-0.100907621130929
0.810893814172831,0.189892784798347,0.710686585062466,0.00319736050041003,0.0076669245088734,0.037186196391734
0.902772124861349,0.161301376538043,0.479337653441766,0.00966232328517524,-0.0322822860246949,-0.0053351632420078
0.847847298495681,0.215759904366335,0.143554411902433,0.00129149339858624,-0.00684020987587802,0.00229588866019916
0.795067853556337,0.231846900031749,0.508041196313257,-0.103535554973189,-0.134527832138341,-0.108648380714323
0.755810640643859,0.213545156913942,0.758569090207343,0.0155914721259165,0.0157894021499063,-0.0156317068751206
0.941788149214764,0.169347749484498,0.517779664478254,0.0558681392002183,0.0292750384352197,-0.00464146941593913
0.981312388927652,0.17896389762874,0.496335232256597,-0.028529224659431,-0.00829124587304699,-0.0578152652590436
0.813956692761085,0.214444841363084,0.243934551154948,0.0201414047545997,-0.00479521461249434,0.0172646288955063
0.820289517766741,0.207564027835989,0.288044621301959,0.0258039136812079,-0.00874002200451647,0.0503744076397425
0.73303003342748,0.189661267864374,0.49495588282221,0.0472719951421084,0.0328117298136821,0.0689469268761416
0.910966832656307,0.184829423316705,0.244812493374764,0.0498450928842753,-0.107738424530636,-0.0732329715885563
0.951979965024078,0.167857016336147,0.50419956200309,0.000332774904474102,-0.035776099504124,0.0228435035399457
0.910112129776804,0.184924219145572,0.27335153299702,0.151785354857806,-0.020760587842214,0.057310466150526
0.846650876941031,0.205387913514012,0.440302835450952,0.00784982387125373,-0.0460818681259789,0.012342074623656
0.758138874026557,0.211678938160818,0.66441564667208,0.0164646414164465,0.001206119472843,-0.00575187736852844
0.770345040179575,0.215717681297193,0.489807617736887,-0.019513392800498,-0.0348369911914727,-0.0380677161333706
0.746767665313133,0.210395404326202,0.592861001460343,0.0556430617075937,-0.00944875966879541,0.0859777950878794
0.802323924231596,0.20447908898562,0.650236303260363,-0.0121025672996149,0.00671155846837472,-0.0554547189943595
0.97841579335251,0.153938246525737,0.406038307331497,0.00133202794080068,-0.00355972692185337,-0.000275882436809696
0.721885327612823,0.242281278549593,0.51320818036651,-0.0450110796223979,-0.0254809058307607,0.00781733360105067
0.903609280483848,0.176035350867649,0.320618854076373,0.0162396818351055,-0.0262834288387123,0.0172661723079811
0.995203412899875,0.170997348171303,0.47616276470909,0.0391172921815073,0.00918592345850587,-0.0933680428582992
0.964333693946268,0.152316831121577,0.616114016896239,-0.023510710341582,0.139242353896978,-0.0319697274483733
0.799118180036964,0.204187561876327,0.198626048476876,0.108531462532037,-0.0885829605087908,-0.0574109684509945
0.962819228179835,0.147331081354419,0.386894089385173,0.0465388151122308,0.01129292915416,-0.0144286618186551
0.785408222260368,0.224600789419926,0.511702984561911,-0.110485081083535,-0.04701908280981,0.0267503800483817
0.983091192753394,0.189022710126078,0.397061724371049,-0.00626009444931612,-0.0673514930966004,-0.0497568747098444
0.694885426221405,0.216387704341162,0.278171711135403,0.095807517588887,-0.104662032777331,0.0450141683224689
0.981188557488987,0.154625451344235,0.671038338957848,-0.0197520656055456,0.111749860540569,-0.0541718273531624
0.781190286609798,0.211132263912512,0.457057274867917,-0.00783730683937749,-0.00437157594255417,-0.00188219103102483
0.713461889034639,0.223917798067527,0.526253542118885,0.126090318612036,-0.00419785880045164,-0.00363018561151813
0.969279454173266,0.178206503242768,0.371174711005238,0.051630623317003,-0.00720928217361553,-0.149334605962398
0.902789794109983,0.19036203994046,0.37405027929236,0.0201776979083948,0.00788615663687878,-0.136378123837617
0.70687386314213,0.238970206477331,0.503396172887073,0.0242133277883821,0.0206005486136561,-0.0138590186217972
0.837054784653054,0.228896237631869,0.731978660128592,-0.037589660887477,0.0362856168632932,-0.0136409088469531
0.818037824392467,0.207654794480295,0.517031435628618,-0.00164343083350166,0.0318140065935128,-0.0220287294769503
0.63622763460666,0.250781566807512,0.300596020710154,0.0839403779447815,-0.0452388599961134,-0.0280901361590456
0.765543538133806,0.224887112348362,0.681323391884824,0.00831101156891827,0.035627867924343,-0.0335644989421403
0.927444350878915,0.215659210535413,0.624171032285024,-0.0815165187321573,-0.109923912318985,-0.14639565493407
0.964994489274128,0.18174579227999,0.106614912169263,0.137865030477095,-0.0985509399495721,0.0185744278915366
0.766840730662666,0.20510708193633,0.414078626520689,0.0332882461568123,0.0275806213402998,-0.00250244225571633
0.856835990027516,0.205091219662757,0.515713784602233,0.00077198365201193,0.0212313763548945,0.0170895558347626
0.7978019693061,0.193146556489626,0.416385060500983,0.00337463802828103,-0.0192764965293425,0.00977303559483741
1.00724289371546,0.15742954869137,0.397422866070617,-0.0349786723448338,-0.14209698913046,-0.00362766231064996
0.986651562129891,0.179725974868036,0.529981039197533,-0.0155490893675071,-0.0330079082088944,-0.205908613375432
0.823471066436346,0.211510226597859,0.43543631414095,-0.00399050352739842,-0.00364985507529751,-0.0118739995291214
0.757342664179242,0.212444795253786,0.273863978562442,0.12215055327994,-0.087310981612428,-0.116280324733075
0.791454640987678,0.221833872556957,0.49906156505521,0.010697076117652,0.00794510010450995,-0.0151742547568819
0.750899160965808,0.220926519882063,0.337691904837513,0.0102559844060996,0.00975442237513316,0.003754663829986
0.81455197392057,0.211488778749873,0.350439316588838,-0.0143444679341869,-0.00970068496795916,-0.0270319311730011
0.596682126875454,0.237751433771829,0.266881391212064,0.198626149500875,0.057734279022404,0.0426562242909648
0.868732572703431,0.226310451632931,0.340821787311141,-0.0850909686913479,-0.121240486204613,-0.0203968789148355
0.840225973529855,0.190520721076237,0.35198868120988,0.0112171892699137,-0.00268908288762154,-0.000651755814364397
1.01945983150138,0.160107677899031,0.590495124238539,0.00240601225597217,0.00283250677350224,-0.00791646820740792
0.815790993919214,0.204392203725544,0.573291672278856,0.0267725890016053,-0.039179465036233,-0.00757337531901539
0.840206020916104,0.197701369528999,0.527542344123668,0.0475674267117661,0.0165170863388822,-0.0171696626431885
0.961948435059772,0.168286135870654,0.522835023281382,-0.0336466397845614,0.00947599829952829,-0.00509380651725969
0.80182743773406,0.186525824635797,0.353137294524161,0.141420098959244,-0.0793585316017903,0.028649754666821
0.91118042336496,0.180724496802067,0.41788314471713,0.0597456261341778,0.0304434777725751,-0.0606500130674724
0.87744967578127,0.186794824907734,0.328325061114746,0.0990670106267863,-0.083091637936991,-0.00622408093944363
0.787228043994712,0.246638789813756,0.311879162140197,-0.067420029037466,-0.109340616526512,-0.205332706821103
0.645535866679042,0.238399573982564,0.405033321540243,0.0550557329857019,0.174042597389154,0.128672587980053
0.941585574831525,0.1861806196207,0.0725095023488185,0.0603773317075141,-0.292333764017647,-0.186490774659329
0.812053662665965,0.204564770157685,0.677754433533328,0.054821280870865,0.0298547578926389,0.069944702005831
0.69001742598933,0.233912884412075,0.721739990667558,-0.0057366948383853,0.0168750904965341,0.0151607696492263
0.820639291930643,0.209587911600207,0.528414919366378,0.0513878138566294,0.0181400327369091,0.0273956612677309
0.802078250925615,0.206112595208633,0.171815568856897,0.0646099902875419,-0.0210467088605284,-0.0460426286767769
0.558018008705938,0.248220531013093,0.483457314069719,0.222344287298696,0.0569086441149333,0.101211610031915
0.823828935779141,0.190546710358149,0.12265566071151,0.181523695347061,-0.112953685266713,0.0725203262411909
0.785022723269382,0.213661863892106,0.375990260422253,0.0586060776408565,0.0107658281573413,0.0473321112795298
0.728629984399402,0.223373494894986,0.635978750295309,0.00839588034115833,-0.00365968716434782,0.0697572762374033
0.840379041697739,0.209059813742412,0.440371581755205,0.00176039058301143,-0.000329536398314654,-0.00026152387828981
0.939764680729948,0.156908873766441,0.5807148758827,0.0435876935821057,-0.0290285985028094,0.029599046065999
0.843241400092163,0.22799095078424,0.857276628794641,-0.024431268049024,-0.00931605937770095,-0.0350405917944769
0.786726772546522,0.197569951164798,0.20838560715517,0.247586912488555,-0.0150063223515126,0.0930585762303533
0.95524146731597,0.165146763036891,0.306645402291279,0.0185836284004741,-0.0404125851086114,-0.0165940397598009
0.881754586361742,0.201400781973009,0.480387090526928,0.00511701708973997,0.0193251462185473,0.00606400469102173
0.944818048468366,0.178953090047645,0.610908442614871,0.000857865043336567,-0.00212789149106355,-0.00158888761040073
0.550440586798027,0.272605310556956,0.50494445638958,0.000710276148709066,-0.00108427652785443,-0.0188755090518383
0.782346951721966,0.21374776523917,0.37586710115339,0.136327720818548,-0.0302751028676102,0.0506180449059985
0.813506435141646,0.199548650747043,0.404165742223364,0.0967484880357756,-0.0131266201919647,-0.0101947025197064
0.92132501057511,0.179948064838118,0.126946153669389,0.129617429902681,-0.15951336185421,0.0544451931497893
0.854104245592455,0.192637305641827,0.298250878903026,0.0441705370952131,-0.072846287384673,-0.0187841026023213
0.810040954467941,0.220047759378697,0.0972493766115149,0.135952196932835,-0.187256467619444,-0.0652388446684948
0.884119006488363,0.209898835832075,0.606942413188751,-0.011493428697943,0.0022142453787382,0.000906613804834766
0.758180134138662,0.179837003131775,0.35841902515245,0.180823719543144,0.00312368703006133,0.144467246894216
0.906647866694488,0.190744176266908,0.513161230130262,0.0111847119947161,0.0729234127031066,0.0750747293208793
0.808366327413862,0.192567187942903,0.620896856024168,-0.0229604463410706,0.0185866898554469,-0.0353606759035279
0.862662788967613,0.211880976145555,0.508978411766653,-0.0560607850097887,-0.0469179169119211,-0.0755464837610493
0.910437295607297,0.183222590746417,0.396114879173363,-0.0131118313610907,-0.00473688853575285,0.0113199041397934
0.78887508175382,0.222099928914555,0.257054617734049,0.076635127481098,-0.123970734588367,-0.086190996818388
0.986518731753307,0.19861528005986,0.519502939215334,-0.0575212836418524,-0.0166442121287894,-0.138759563070152
0.800540912379841,0.226137456315668,0.745455495977949,-0.00228718709455943,-0.0405359729623083,-0.000871237648873933
0.587262517107358,0.218248220562949,0.148881530770044,0.351576726276913,-0.0610579864204942,0.0720888982946899
0.709935418983125,0.250486616293494,0.13903353588064,0.0221633513246962,-0.320906508043411,0.0199347824720729
1.04748441229454,0.191564865284651,0.285859281027547,-0.16231440944106,-0.137783404338413,-0.277911210884903
0.81675841276543,0.201470924412995,0.348705831592968,0.0230441361003571,-0.00106273783933148,-0.0260150479755639
0.822045887966602,0.198826769389977,0.573011000694842,0.0373106522459647,0.0498110563531947,0.0302426920058958
0.92956849828249,0.198023051259333,0.471163650683334,-0.0151899911443642,-0.0217877577747203,-0.0219606895361694
0.938216442843175,0.167449887138027,0.385592331910489,0.013076929559821,-0.0397755744886124,0.0102674560638977
0.792290667030218,0.225815508480474,0.462897237919706,0.0561153773222074,0.00482229636685117,-0.100480537300485
0.692645520189568,0.238401137601082,0.33995996308571,-0.0141979308710496,0.022579502101523,0.00212316820127971
0.783894179403302,0.235491692326859,0.588868603065224,0.0276431098753092,-0.0939775716931965,-0.162060267852509
0.579106822715212,0.274356655915126,0.705489755800188,-0.0045979155900294,-0.0102139803253978,-0.0413906578607558
0.834100449011077,0.203598675862596,0.249243996488851,0.177176220569523,-0.156574821489829,-0.0341776948485078
0.89312104241848,0.19945132874764,0.959600416508021,-0.125587189773173,0.0742939448173499,0.0463482602764953
0.792812715780355,0.207526761697559,0.502350458365619,0.0111347951895448,0.0015867501100504,0.0151667545714432
0.917354946670005,0.180566134856825,0.1623133225685,0.138101783043907,-0.0158840229950961,0.00416580370113625
0.846700934003493,0.178356613394286,0.573249780301727,0.0182658966421916,0.013821925937339,0.108724900909447
0.98024608690196,0.132876938459168,0.153129690819951,0.150501408749939,-0.0599487960294749,0.0870226386252386
0.914888159471308,0.17525121108893,0.248001296649098,0.0567004654871526,-0.264618306196931,0.0152367580636809
0.80591337569169,0.228783277380691,0.592285729530764,-0.0291062049425594,-0.0474569643175304,-0.0471078154753791
0.935063624364548,0.176715198053231,0.84066304636157,-0.0792313930945194,0.0471757780731199,0.0133011260865887
0.848553421645737,0.193366121581574,0.326574617378159,0.081611502370867,-0.0361557337178266,-0.0571924246914745
0.862689824593593,0.200227599366762,0.138548309494012,0.0939595190396745,-0.10759317505587,0.0628611827578422
0.813163362564963,0.201228814999042,0.256556547311784,0.144855823438291,0.0560172377406632,-0.0505860505099175
0.942611766339754,0.16374080822302,0.501081186815568,0.0130456232641195,0.0104242049337069,0.0153073274946935
0.872381460534216,0.192169185693639,0.445846356466316,0.106344425148115,0.0235505270768553,-0.0875180240271111
0.781850662815885,0.199136689520194,0.144688371659478,0.0699605383781963,0.107298603088032,0.0400600490123928
0.876222631478179,0.186807507568082,0.352363478337941,0.0065593007191242,-0.10075769548973,-0.0453335429786752
0.851034771496727,0.184485363331263,0.00693454185458843,0.315712253698708,-0.117562605368933,0.022219934313987
0.883953877569356,0.176055959432863,0.00884675537072669,0.2328975711219,-0.15059592458597,-0.0253333206451236
0.937550472029091,0.185749109901119,0.467204345146029,-0.00981385628173181,-0.00356276585871458,0.030821617029145
0.932963535354646,0.190012317313476,0.694420364484417,-0.000103685270817513,-0.0000640223673745894,0.000225096938151798
0.808455242833406,0.193038734691036,0.496506920692712,0.0301592045126849,0.0273919493641317,0.0292741243593477
1.08798953551942,0.161543265803274,0.358464069931932,0.00526982901770673,-0.098535111949027,-0.0672502991495948
0.838791524642135,0.195146722183947,0.546680077746966,-0.0000427281426945515,-0.000713873684696168,0.000527371194417805
0.822945232905516,0.217317667410367,0.459414863647527,-0.00167453469729544,-0.000228128731245495,-0.00987111968571008
0.959915797903929,0.170196106591711,0.344727414413962,0.0126147698352344,-0.00413763733220001,0.0158479384530345
0.908785420324874,0.191802994174055,0.331944471315464,0.00329191255776899,0.00301686665858644,0.0225854976603018
1.06131058149618,0.151634527067265,0.44584862502177,-0.0806301441602605,-0.117516674889492,-0.0148011719420135
0.861016286348474,0.196257805956059,0.500053273368977,0.00561168713778807,0.0119735896451677,-0.00332292229877475
1.03382086381441,0.169962856051799,0.521759349582173,0.0131405366910699,0.0233147047467663,0.00331739583863144
0.887404077428534,0.193000741274881,0.54046287926262,0.00668644477859959,-0.0015929433716465,0.0143797645826488
0.887384496001202,0.174652646097789,0.183357877081905,0.223870026335303,-0.0838328884037466,0.0456639975564677
0.764383629629436,0.196235465857086,0.554460725802501,0.039307671753223,0.0222829324284879,0.0205921850847581
0.927433011931461,0.179277402387349,0.547327451864071,0.0139804663444201,-0.00481958443894475,0.000727066022361791
0.818312284602946,0.198437387383876,0.524633607141074,0.0471820268019682,0.00305686642692485,0.0220822691439085
0.819739201624397,0.215645713275784,0.377444773167287,0.029996684062839,-0.00214069312816864,0.017690447439463
0.988207511005359,0.155578853467602,0.199271193298883,0.0346160388578454,-0.0161780336609482,-0.0177353049926219
0.942860712177379,0.188877857159119,0.662277727418781,-0.0151045240538115,0.0345285399003844,-0.0286843077244779
0.722844339297129,0.215932670195163,0.555324252441903,0.19738620048924,0.148115669926805,0.0691246899085742
0.875635752569478,0.19349704058959,0.469568648362222,0.0359244267182768,0.0236902864447552,-0.0237540695293782
0.886129991216494,0.184689436060391,0.468069392332498,0.117960370970874,-0.060483971420345,0.071648306465824
0.834724371259296,0.189988970046808,0.289812269458021,0.0967343446846335,-0.0574107739694276,0.0575947067924642
0.8783734344307,0.184587153947029,0.673915648078986,0.0520139892638377,-0.00862267496068934,0.104904655451481
0.941629873759301,0.189156289310031,0.576593534467778,-0.00267313027646901,0.0111348759142384,0.00437762594546242
0.822643048735226,0.174526630121795,0.254943399396308,0.0567272831151371,0.00497235757434604,-0.0117571688194895
0.881672204490913,0.184357950730906,0.731265874623867,-0.0100754689818648,0.00775172660891496,-0.0105065932997978
0.854765999383729,0.194005281734445,0.309407049828079,0.0143659747222874,-0.118724073576735,-0.0112278093941746
0.83680886068609,0.235368668271845,0.514804927165721,0.0970470927418403,-0.0221459361180973,0.0437704059640844
0.850615339034409,0.191857349107992,0.30709277146009,0.009016316416999,0.0100094102767121,-0.0268453874811277
0.851366259222731,0.217507222750465,0.680815368870303,-0.00531821280362664,0.00104877765174389,-0.00684570277839565
0.944141849656663,0.164505617189668,0.585441982474441,0.000314331265879663,0.000425468875417639,-0.000648094654100808
1.02055586984537,0.149786231186171,0.559241596338449,-0.00631179441103807,-0.00271706437078386,-0.00263109993041345
0.67725838588948,0.252694301687401,0.527381503525051,0.00335761249476919,-0.0207060682585355,-0.0605996761796096
0.952722703547583,0.173931299861677,0.489000605911661,0.0399498403006698,-0.0391173954815017,-0.0103924648381976
0.896241461282668,0.192690051123602,0.21720017945,0.0000266116473967807,0.00593278086662516,-0.00238730216631095
0.804265871088046,0.217632254315112,0.728571687004058,-0.0449969219151652,-0.0312808845819833,-0.0579767507904528
0.945779103343073,0.184629965858396,0.0609694333676683,0.0933804172561247,-0.0948482532138654,-0.0400832900880334
0.905560942270661,0.188454024927422,0.454335340855634,0.000829154956145704,-0.00987390963483927,0.00476616085146354
0.936624409801175,0.186222214895696,0.684180309471584,0.0150798327032869,0.0669216718673506,-0.0366015256829394
1.07324308692878,0.139648395796139,0.597997580272221,0.0717659527827945,0.0793124480546454,0.00545852684158186
0.767761510106515,0.215357776834049,0.424237916998354,-0.0214198768327985,-0.00930926530817608,-0.00443584440020774
0.836864529607417,0.198932884846919,0.107575729200493,0.245310028966441,-0.107952006392342,0.0300556550601825
0.789014315090928,0.208533008817893,0.579204128444912,-0.0284859023623893,-0.0207515896440038,0.0168475667646026
0.766684916626281,0.211755937959933,0.613932675554763,-0.0414080926909378,0.0171033570435744,0.00736809752616173
0.770963350808676,0.196692394298596,0.454865233343331,0.247117048826828,-0.0149197673493205,-0.0330437237983577
0.947083583816881,0.162654916284776,0.526037070956264,-0.0894591566240647,0.0597829982307088,-0.0643532539110803
0.80650149701174,0.189541584914043,0.317722656626438,0.0398444000288192,-0.0366052358100161,-0.00488375963000931
0.742857220916865,0.194690812963128,0.47522830696516,0.0900845035445551,-0.0199144006927181,0.0368012115842983
0.984567218813947,0.167204445426031,0.464266931449533,-0.00584381030854683,-0.0483356200057061,-0.113806339277185
0.864344869342526,0.19162796015759,0.400792643054681,0.069079559748027,-0.00625990432328706,-0.0144516925698391
0.875970843514368,0.19376453613674,0.420251837334451,0.0111676328603053,-0.0635404219570239,-0.0313435673897129
0.859649606848216,0.186705867104729,0.454189004419316,0.0513827908870518,-0.0216845596455155,-0.0353538008521843
0.778666287466695,0.222537892995172,0.546345183219312,-0.0015295345721825,-0.000435425744620164,-0.00243001192349666
0.771796802197026,0.206060306634659,0.393042742008583,0.233669623538353,0.0404091905170213,-0.000963547128076519
0.901845735030805,0.179362413009016,0.543081112129929,0.0843078722752148,-0.0420101733957488,0.0458549945106157
0.696229894134921,0.224717762024549,0.741656816484748,0.0195123129967305,-0.0238552794195955,-0.0188779043458957
0.821614748639037,0.210580978005291,0.321584004826022,0.103383209892479,-0.0397323714928037,-0.0178997557822223
0.919733498652871,0.175573100020739,0.553027587231999,0.00386726375594916,0.0148572415898712,0.00415657581185126
0.908715566297661,0.189359827807987,0.474028236799956,-0.0203347570146264,-0.0697462512657654,-0.0131767596246957
0.569560115455187,0.256280563332835,0.0738527194398412,0.169053165865359,-0.157537352611155,-0.0945006286203818
0.840424510295343,0.179390479051519,0.21487751166506,0.149900148172868,-0.0708013243907621,-0.0125750181573542
0.858479832361683,0.200076198109062,0.383058510040877,0.0704363535647838,-0.128476029758423,-0.0500886117036545
1.01197279213064,0.180500748611829,0.746574761877967,0.071052695146446,0.0440961206185071,-0.071408636843929
0.872283867137463,0.196058554645345,0.533449027947158,0.0212777404789776,-0.0017751003570272,0.00357057002192505
0.974935497390362,0.174387108871078,0.349577838839974,-0.00931705520105745,-0.145743052354253,0.0097475959823663
0.788594315411954,0.204973903356139,0.385498034091625,0.0362044635012638,-0.017512070430385,0.0205740904361837
0.918690563255922,0.197446920149294,0.4144940892647,0.0363401689923705,-0.140756428409273,-0.0896527590321586
0.889866251899581,0.212028269582155,0.678755037023631,0.00233651037435429,0.000033655099584857,-0.00138660410912144
0.818241372795404,0.204288148666156,0.589911381744911,-0.00157837588223202,0.0160170071092401,-0.0649330307268688
0.80158484781257,0.204671711118441,0.916006355966144,0.0244149273303562,0.0473051141181785,-0.00179717010362009
0.755380210248831,0.233662152023163,0.344166940940371,0.0456800249826632,-0.0981877759053231,-0.111201251020385
0.740705974605692,0.197578557679783,0.611978750648689,0.118123205697326,0.15086891315796,0.119527289291162
0.776887148265722,0.241221050962124,0.714862900309794,-0.153445420857296,-0.0542648777211855,-0.0417557731108451
0.868450625935814,0.213169283671811,0.273645963209571,0.0418374671857584,-0.017752007416353,-0.0498056714965958
0.954522638616415,0.172286809890801,0.468516424245703,-0.017123920407526,-0.0312976206354536,-0.080745820663847
0.782087637274695,0.212387722808501,0.500786580777839,0.0024580587213014,-0.00205156587624286,-0.00360552845121312
0.765866857013435,0.205716096099182,0.531582308521611,0.0302162925490241,0.00462964368740639,0.0877294458223858
0.707780706000593,0.212613424198016,0.505005099404541,0.13749228428173,0.168142848651492,0.0483504658428074
0.693663004060464,0.261150511117736,0.746921080625661,-0.132149940456854,-0.0304156356394186,-0.0542372227274256
0.933784545579986,0.173211071099336,0.394070530126814,0.00772889962811482,0.0227048682219395,0.063409276634892
0.940015257033633,0.175265467837514,0.563312142021334,0.0572190046881077,-0.0236458209739783,-0.0996717047558094
0.833909615013498,0.216062861071362,0.105579085191715,-0.0490115609760799,-0.166015973726716,-0.070761624866127
0.773103389371149,0.19551307170391,0.37630636113516,0.126957411646945,-0.0138406465258078,-0.0234499936063624
0.77124141008211,0.203198578607685,0.265098476327519,0.102223106503797,-0.0790934226664498,0.0666597568442673
0.943921183741157,0.162076832070641,0.104407810443281,0.102311144748787,-0.102139784060299,0.0700003679011637
0.752274284774799,0.230831260933379,0.664619054183339,-0.0377304284130512,0.00441225339335168,0.0130302483973443
0.881536763293362,0.14814042546471,0.257756141794116,0.285277654681484,-0.00737151827139353,0.0950546743030494
0.721447174995307,0.227403842657319,0.393763305074115,0.0414910857470889,-0.010437700438491,-0.0321800678540278
0.880729068260088,0.187452138065311,0.450818765644528,0.00432507660992687,-0.0182997320963412,0.0116314976820835
0.95639029644453,0.146626207544723,0.302243684903911,0.0917202675120609,0.0603332747524053,-0.000603785505022306
0.857630895240288,0.207231038613034,0.373102396564378,-0.0186317727975109,0.00954051127070084,-0.0144577085164196
0.85902060580678,0.185478669396156,0.397074162545503,0.103257106329011,0.0794621936254638,-0.0398347353962522
0.840560671877849,0.188619824690189,0.218136036866666,0.00743149095362941,0.035255621480842,0.0578824343390767
0.960080072448883,0.169095059676302,0.323897962389885,0.0523923775142634,0.0181115939742313,0.0378569939491632
0.944556191101899,0.175224532575676,0.652027534731002,-0.0260248320882014,-0.0215126708832399,-0.026496235057012
0.811450917008212,0.189708189537243,0.328704920979794,0.0302850419270593,0.0269836943077109,-0.0205496847028797
0.900906550507781,0.202862201164417,0.612160468059785,0.00391488911517638,0.00474190323934605,0.000897262024596094
0.670007524453235,0.205824427497271,0.339286470775548,0.209390776309631,0.126520578506923,0.123334922122174
0.872100518679696,0.176035826503642,0.308286710685362,0.0378413807303281,0.0105956715421018,-0.00570452479234267
0.989697702538042,0.140120911979097,0.275559713146803,0.101665286564245,-0.020510202090693,0.0664628081561717
1.05736411822926,0.168091681378516,0.337175521868067,-0.00202519103898119,-0.00805743631553146,0.00763410339312871
0.823321719779998,0.22451245647117,0.602972877951106,-0.117261535859932,-0.221030181512087,-0.0471187879040152
0.911751419365466,0.18028884739,0.441311046233967,0.0409150421931293,-0.00930529162781779,0.0226111715962436
1.0704227228917,0.140797015009022,0.217011397683776,0.129521370244722,-0.0656757678427525,-0.0566696253963215
0.881219445973024,0.200410523210658,0.360638968294858,0.0237216265181514,0.00403708915067172,-0.0250547120736511
0.885026397494206,0.188968229774968,0.493171757539576,0.00193920550574553,0.00147947866439541,0.00212446915102224
0.791342824013713,0.196716532148835,0.326246727888039,0.230524611275943,-0.0184851118499735,0.07117139513602
0.895693794682964,0.196804919554361,0.241402744478178,0.100140511681575,-0.147659755959532,0.103269757321269
0.81353450180996,0.193451963522711,0.285240741099055,0.0057028918939985,0.0238930437788147,0.013222589428202
0.882077268790082,0.192626106633729,0.431600332713577,0.0790261034109446,-0.0639340622477839,0.00499651811620365
0.686740020098941,0.23445485151181,0.442625025202043,0.0620459592966387,0.0491310446073228,0.0026830557117462
0.774365397167364,0.224139297290683,0.51698990664339,0.000266416545028021,-0.0124851239070542,-0.00220729385712991
0.890961676964496,0.199344860568425,0.302955751359195,0.123531658660799,-0.0838384100702881,-0.15897284866732
0.918682942992655,0.174076746882729,0.413210922094239,0.0760832111177521,0.0869329497603412,0.0154052605671788
0.806367933079368,0.187749098431165,0.493241118295357,0.0882409112988471,0.0388377054555719,0.0586338210480864
0.892480016461691,0.188538188304378,0.042110090995207,0.143813577910176,-0.0435915141285117,-0.0114563232993724
0.709862107267372,0.228099796398087,0.263225236584438,0.106471458377817,-0.00611055199068311,-0.000563822935533681
1.00042486211801,0.167633864641257,0.391689790368915,0.00370986126181189,-0.0190440392639952,-0.0107398087855361
0.767725705709922,0.205811122747223,0.536688921909666,-0.0133921813881623,-0.00945361319737078,0.00798923718750335
0.807927604128601,0.213820034735344,0.388794053197805,0.00690329084307976,0.00115756610319026,-0.000321709079523777
0.812294973146599,0.191654343956459,0.3446119993785,0.014437380710373,0.00283107880157219,0.00453314787116713
0.84833413137741,0.216449971614992,0.321896007371938,-0.00509761738648073,0.0263030826815071,0.0143585610479785
1.01578300105165,0.136676633224041,0.598759248406639,-0.0572357557319077,0.127924647252782,0.174539358793068
0.834850323921506,0.206477292726547,0.482969824560023,-0.0253571149717362,-0.0751172411351286,-0.00476798683761709
0.757454117053985,0.202081452600078,0.394502425683232,0.0323330047229445,0.0305939633685276,0.00829184631043276
0.786671097509681,0.201620736577447,0.583669507331423,0.0348970195876469,0.0826827558452312,0.0368094287908822
0.899815884673209,0.204703170200928,0.598661057383906,-0.0358352852509818,-0.0116615446293263,0.0317201195566979
0.758571817809347,0.233825245422062,0.53592955300546,-0.000563902345706323,0.000527662415112123,-0.000279726954880479
0.850952364768882,0.213684238887733,0.605406175537204,0.00500299417601431,0.00553460748327076,-0.00127628159458668
0.956106426023182,0.167355806798284,0.406793911642477,-0.00194564881854272,0.00442152091823564,0.00115764267224973
0.82942570220415,0.204195434610636,0.515288982918731,0.0435723296729673,0.0103222416600979,0.0193643924676102
0.917532369105207,0.19341446518652,0.587514065209755,0.052009448631498,0.00228013711223785,-0.073353410739535
0.855375235769463,0.188916745490935,0.607430651092049,0.0270474015658459,0.0592605224133934,0.00102611724395659
0.857304660549596,0.200705336757224,0.523130657963181,0.0035489675064012,-0.0361203711084931,0.0134716759502747
0.953521720333783,0.182746732652974,0.52687773270638,0.00167412279495856,0.0267335168090066,-0.0278454394658804
0.870587713452806,0.197345109199399,0.446968812747977,0.00237093042506489,-0.000822708639824304,0.00932718713241822
0.672605055880634,0.237173478266119,0.412008651517987,0.000341605947397146,-0.00104914373203933,-0.000469120954359175
0.872966549217814,0.186285365434913,0.681524396415684,-0.0385131181630665,-0.00838276272165631,-0.0193126402843213
0.937166292670411,0.184320092829096,0.617983487152569,0.000884149411227524,0.000380061322254658,0.00172074689343166
0.763122369601016,0.22406173697962,0.64346602812909,0.0025001333232872,0.000313562685513723,-0.00917368719827159
0.779682714605701,0.203583443182315,0.560559157009152,-0.0390539140433985,0.0403830778224673,-0.0123678757270958
1.07203848172112,0.156847968145047,0.51032048808934,0.0359221831736994,-0.0301575540855392,0.0271969727548023
0.792554922203152,0.185709776754801,0.278206584437345,0.0915993652264823,-0.0706327649401682,-0.0160558265703939
0.901708568799993,0.211263125175596,0.142907442162865,0.0601374772226362,-0.18022894220359,-0.145572889288603
0.76588376314912,0.234917884000157,0.448173656024695,0.0344390579854944,0.0467216952280222,-0.0666873267470704
0.795952180299848,0.243091746263599,0.590587573907129,-0.0307337767564416,0.0468027575581696,-0.0478262481422883
0.688184887659282,0.230184857542628,0.591382412393788,-0.0269563880941755,0.00548743975195238,-0.0217185190561001
0.813136891774251,0.215625360437718,0.475926948059298,0.0919777081356038,0.0680849562091347,-0.0369880718435462
0.84639791112429,0.221538545828292,0.259863474647663,-0.0470833350047152,-0.143277036454358,-0.109655418105739
0.635708664806797,0.255598139667268,0.414164654805426,0.012010976327831,-0.0774703961312958,0.0679071146983484
0.798457002762463,0.198278809148313,0.64861273256793,-0.00824555210924201,0.0272077433107147,-0.00162461093195485
0.849809440068806,0.210545614511592,0.219293271579379,0.0620717309252946,0.00657146907127144,-0.13913708400806
0.797113772722602,0.205711659595992,0.507844871581689,-0.00375839335897265,0.0460052732841409,-0.0191706848304427
0.937857065707653,0.184692294580485,0.60149794152641,-0.0396021346075979,0.00351932606153048,-0.0165484729340042
0.893572675213962,0.196963025931561,0.573630368008764,0.0102635747364308,0.00557547233379987,0.00356138611220613
0.74934371403983,0.241614076799424,0.211308384665742,0.0869318288500358,-0.0764739655928843,0.0581988198157102
0.867293239626544,0.199127351203953,0.55711861724031,-0.00651901711768793,0.0022334260263622,-0.0025914236823602
0.845187688164557,0.210385516691129,0.638598675148521,-0.00322379482849698,0.00171925194760904,-0.0595660703060724
0.863758093846175,0.201277631411735,0.572476899460361,0.0276705507444042,0.000969032001600189,0.0292055840273632
0.665902671133683,0.238524301534298,0.53160220630063,0.0358940586803084,-0.0155680094052693,-0.0217255893291649
0.783406056292822,0.168587175719372,0.0502911860360011,0.374849621744232,-0.0479118926142546,0.011401541622738
0.980028281557153,0.154436111869435,0.620876598031245,0.0119213311921947,-0.00605790236895816,-0.0145319105223995
1.00220046010796,0.185608079409312,0.433255136324103,-0.0809667673585472,-0.155111870441104,-0.203140205057377
0.809868442864477,0.218902167200423,0.56447965481387,0.00242192254275708,-0.0914569490503667,0.0217062628456591
0.930092057994662,0.158037615681497,0.587046883466798,0.0605715042005801,0.0089694624905107,0.0289696029876107
0.750109764948194,0.207145855353063,0.516849993538058,0.0212213849686759,0.0448630543691513,0.0410046039096378
0.895256628083419,0.192415490835081,0.469774962642767,0.0124947416838456,-0.0000419760316407192,0.0328353752832611
0.670863073629031,0.237638910740969,0.267951539785799,0.0792252668894122,-0.0558987051090701,-0.0607530059977749
1.00989781837498,0.138234507200906,0.285139761718061,-0.0024307697953441,-0.0919959089660689,0.057655559210263
0.897529231161174,0.18002487906286,0.562112451246532,-0.00639007501613997,-0.000309303245871367,0.00391111869245956
0.91346460035657,0.194292992478531,0.398963671993346,0.00638623186063413,0.00592232785923451,0.00479131037620802
0.939829809780611,0.170607637159228,0.117307216970285,0.139106979596903,-0.136784352815277,-0.0598042504301121
0.71861528692259,0.240884774567156,0.495284056281687,-0.0407179371948146,-0.047210370863253,-0.0461723077605929
0.87565317004908,0.170550621239409,0.333832972593809,0.158708193500444,-0.0630634896846896,0.160698293196584
0.810236835232137,0.198808632967529,0.580935395003766,0.0847356935791088,-0.0362781143260798,-0.00561898211217829
0.838649639855278,0.206542536221384,0.512631127048754,0.0896407284345871,0.00290026731925551,0.0107513944797383
0.811238391958251,0.206856096548616,0.686766288059596,0.0122341757708449,0.029825089875284,0.00735389995936481
0.730156571704802,0.218421383622638,0.624004018882691,0.00385292801370911,0.00867550144416304,0.00986377233900573
0.726162701979109,0.215171252813832,0.548568683180683,0.0159125410064818,0.00169566404103786,-0.0253095774584294
0.870005178515676,0.198864614373273,0.426043509733455,0.00980324506014683,-0.0344858217174095,0.0291512929830922
0.684615405953235,0.241322083107921,0.157632632247129,0.102365916945987,-0.134317443627845,-0.0243776088536693
0.880303482263262,0.195063637322607,0.665522256377958,-0.010303920890423,-0.000511487985942992,0.012050069721669
0.778483942321167,0.256249984451022,0.263342171805708,-0.0218363583255935,-0.108214060661827,-0.0216405538720761
0.738216149060501,0.212859230037581,0.480401896391899,0.00321299921811582,0.0188001980386864,0.0526606280145296
0.829606800780083,0.191726888003904,0.270583912070762,0.139220306692951,0.0156637556156651,0.171754232249765
0.694756947488707,0.273645281137784,0.408247681180268,-0.012476266582682,0.0123204650082547,0.0210297523723823
0.822257708616867,0.207900086358174,0.661283877287478,0.0541516095303309,0.240262836447892,0.0234048158718905
0.726379528361654,0.191962372609026,0.417658152945845,0.209731726107772,0.107385463487293,0.0709662928324294
1.00771953003643,0.161397514692389,0.737331026436987,-0.0565641440606804,0.19165447811294,0.0573637239981745
0.898849515462842,0.190282367808955,0.759298082172547,0.00239483447959144,0.0000312439189466063,0.00474667975448029
0.878534000942926,0.178954162619738,0.614212000972036,0.107728795522529,-0.0196187043173761,0.146933730418142
0.84014200529173,0.189761094191025,0.332173789586279,0.00867869202180694,-0.00765363780292425,-0.00113118826962171
0.81865249410176,0.188756521768935,0.458211008965902,0.0119313092885639,-0.0216151988276856,0.0430484706118949
0.843976038021612,0.196260058250107,0.31661028337081,0.0135003911250417,0.0151998154003035,-0.00894179845565687
0.680397881814659,0.221073938596092,0.583119845840385,-0.00670475586222528,-0.00235312950966098,0.00215046332421313
0.745932019664845,0.218180334777457,0.582008499903839,0.0209501090427168,-0.0492762102263697,-0.0487956477831223
1.0088693458981,0.175815463800931,0.318118263733824,0.000461951826197022,0.0539886570699446,-0.0469974148555209
0.889133342941771,0.157463461907797,0.184231406319908,0.149255263021049,0.0160150296396319,-0.017752377725923
0.951035186080045,0.178316408138507,0.778849042558259,-0.0883199364394093,-0.0206616306668668,-0.00969379487714163
0.784313753191971,0.225174785224594,0.498728231050231,0.00154987743977,-0.0139734512417579,-0.00203300230954588
0.874524101300622,0.200294724213235,0.476615825075589,-0.0370247275600462,-0.0445750507441788,-0.0199710361125602
0.933544817815152,0.158112370827677,0.686940132225485,-0.0193359286316805,0.0307728738978335,-0.0155903212311442
0.811120927386495,0.208533769160463,0.6211993796088,0.065917971003861,0.0230984132883722,-0.011522304183956
0.802328712900746,0.205161659262242,0.52763884390245,0.0474996175134767,0.027351184997936,0.00439051697080167
0.764112565827922,0.202077475804948,0.0730024103865209,0.230548387057325,-0.0308206021925611,0.108576136107321
1.03369007848044,0.163374170004442,0.441651938015377,-0.0173422862795302,-0.0573103378673134,0.0243553792059494
0.928544427004377,0.169722637117521,0.125397665927448,0.187498845825482,-0.0117169453206669,0.047464481992843
0.912195961001241,0.161335887438095,0.293403362784485,0.159361764651184,-0.02432768145879,0.0123801327179924
0.96590061864632,0.172695431037186,0.355866453671509,0.115463023372241,0.0181995238889196,0.0000400409471889067
0.749852889807473,0.225116098007198,0.598634676714793,0.0106353370922298,0.0471255618256577,-0.0183922325553448
0.885847565199425,0.178003583797006,0.515069491817558,0.0215008154818302,-0.0531107396654493,0.0459145990831186
0.838651845054288,0.212150762988618,0.456014758781497,-0.109356794440831,-0.0352268185491549,0.0103043711170996
0.714917687810356,0.204402407175812,0.157694212974268,0.265589807094035,-0.128608008130399,-0.077913798378937
0.842332111205798,0.200628175764259,0.172991899953078,0.113745157088904,-0.0642824007436044,-0.0450745137181468
1.01363040842616,0.166147043011274,0.335727195502558,0.195632714758228,-0.0137291549413099,-0.0307650192191596
0.869443101923513,0.187902414634826,0.67573481520383,-0.0246291155106096,0.00493333331175007,-0.0020508580561915
0.653127389280872,0.256731704716712,0.462717781665323,-0.0405900311334694,-0.0122146841016072,0.0235651419202299
0.928238044965756,0.187840485875904,0.478262127329686,0.00482822440234712,0.00226290708041311,-0.00715028945528327
0.915254989204321,0.203901015086889,0.396474855492033,-0.00562613460676318,-0.0140190580844008,-0.0268104657293708
0.824821883581837,0.203724477958699,0.224371075887858,0.0465360317374295,0.0294138743526518,-0.0255785775691031
0.794956847689858,0.193149448323889,0.638421304755061,-0.0119198291680924,-0.00441727002406853,0.0266143504851073
0.837653490548038,0.186144801911354,0.334976009788901,0.0975702081315964,-0.045167083789799,-0.0348126348579781
0.926360893661907,0.189060963346681,0.735502693507021,-0.0106085847064308,-0.00378694688320395,-0.0253581010434121
0.969256767555567,0.160718042405646,0.216165838569727,0.0631609182272649,-0.102336059176913,0.0485065770494071
0.844126453339656,0.196587412725889,0.329981208454712,0.0146537999376419,-0.0482862834319911,-0.0279327915446963
0.727084091079661,0.218330171147439,0.34338603675792,0.0705426256216857,-0.0535648649903091,0.00698698252137183
0.935898979878138,0.177902665237509,0.269404308645671,0.240465258442938,-0.0427895178307943,-0.0269630641598436
0.767951815178011,0.209642279024935,0.575414711456624,0.0273991837074299,-0.0132465324156889,0.0729926051309406
0.929481570274939,0.176451072140842,0.295542342030288,0.174833803354108,-0.0517193747297876,0.0292573362249855
0.768598354786479,0.221446527161957,0.510400644577779,-0.00565647011464117,0.00371474402940923,-0.00491859650548878
0.844877762791042,0.205848540037101,0.614174387547279,0.00143433895888359,0.00884647783961097,-0.0233320475103816
1.01964540072268,0.160252721474199,0.604233055043324,0.0601304394373903,0.021820681997169,0.00165379020370946
0.760809140352081,0.216763301291725,0.568768089079456,0.0577210710455409,-0.00112961751001126,-0.0432837847834617
0.80565698736572,0.200412486375993,0.559798169100793,0.0777402421760847,0.0557494971434347,-0.0428618413639448
0.720251399626705,0.244986963340821,0.540646678854047,-0.000591747607862594,-0.00132508911048344,0.000809617395513402
0.807684718455381,0.212379131697551,0.418978816956364,0.0656043366737551,-0.0297225670533163,-0.0857296208572805
0.968107071308507,0.159159489449279,0.519626009957003,0.0112846906070873,0.00281319750308812,0.0248012042472551
0.739841941693837,0.231281548100256,0.454463904633939,0.0252907088100054,-0.0276110010630112,-0.00305949595867789
0.931262608749607,0.178267194507271,0.32930454309596,0.0148390028978698,-0.00848012291821832,0.00118205420077472
0.719797189015548,0.225021790251412,0.359092331955843,-0.0366847283942083,-0.0350106209986165,0.0179397355986072
0.866971728370984,0.200594104156862,0.573799128074161,0.0123309235134564,0.0350167963440968,-0.0322013186958497
0.745621676223305,0.194199827497594,0.134340999876067,0.430807396080692,0.0507689146389655,0.0286059699678968
0.826244922006897,0.205972134091975,0.42526316959107,0.0106026518390943,0.0553700430155325,0.0231219221001225
0.987470262563441,0.164839653664258,0.348580254586956,0.0213598765469589,-0.006923810121209,-0.0061459183244008
0.898415288805624,0.212482162602529,0.458389139747446,0.00251806773740249,0.0116167340863588,0.01001265478408
0.748070951682885,0.221502274155191,0.43537705245034,0.020935256360243,0.02506666201942,0.0665961256738146
0.867361991247712,0.211778165216928,0.549583013662611,-0.0360966084688516,-0.0541607935246235,-0.00223270350974706
1.01300327107334,0.151649153309671,0.451429008457118,0.146063596286453,0.0871864535220016,-0.00632588303762118
0.711379324005803,0.245260147690401,0.470438686592407,0.024207445881153,-0.0735330275144025,-0.048805076730229
0.842893159407231,0.206222102860589,0.466577796688731,0.0950425196796202,-0.155154491279939,-0.00897501380200507
0.933272925043213,0.194514625865252,0.240619612903785,0.0196512720047603,0.00741738896302232,-0.00879669811577423
0.968767441811221,0.129352852566344,0.293295025959765,0.160411467160168,0.0112973341202152,0.0547798067154507
0.84572410315804,0.186478361110671,0.515745043363867,0.109913290866043,-0.00142396100052828,0.0405924072550022
1.07978462123229,0.17031344831274,0.537804440246683,-0.0653322740932478,-0.0464590150019945,-0.0868049674945647
0.863285751415421,0.191703999006165,0.678815816752107,-0.0127240618342855,0.0223200407005543,0.0224515067083479
0.806682256978872,0.221286151838172,0.702632871096548,-0.098399700663739,-0.0472923378421067,-0.145672171989556
0.863017773431681,0.195557692097522,0.634933860852387,-0.00852184668342385,-0.0087682555206796,-0.00601572276034709
0.784530990212954,0.193662751720563,0.485543001480805,0.126654873640974,0.0985925289260429,0.0994144797064795
0.932814722462954,0.171525797806299,0.296441054802579,0.0817745238257556,-0.089488091605056,-0.00329811477395861
0.661832515892072,0.24550935208353,0.715998761924378,0.0101610197167329,0.0278464339238491,-0.0857542682348091
0.737084383354979,0.226802204609583,0.480903441935701,-0.00709128475987516,-0.0364106249652966,-0.0233491340507421
0.896052452353054,0.169543147154517,0.415128638783734,0.00623867345276896,0.00108290979000443,0.00660896554375607
0.716797002174429,0.238371428893772,0.379056810559545,-0.00866835399868371,-0.0373336029280448,-0.0315586724952701
0.915186082703162,0.17530700549467,0.151424974926073,0.144328923506901,-0.0499095909446782,-0.10319668698661
0.706432572069392,0.210843067100235,0.420974136579588,0.200794928597479,0.0571682260839763,0.0527572658200146
0.813491002363595,0.186090956107427,0.466413667555706,-0.0013960201903666,0.00680561738786526,0.00122538898384629
0.785459582144057,0.196891959283945,0.143299896381231,0.228015225468022,-0.0528574720512329,0.0791267895258745
0.820214719947489,0.17867343843318,0.553582880121064,0.0375347356303358,-0.00421366902997966,0.00716045219704323
0.794190056389043,0.219892836579184,0.524694341892626,0.0438461416960218,0.0310123354228415,0.0663067535121924
1.03108675245734,0.176536308839568,0.518170425464037,0.00502161743448621,0.0167780410093015,-0.0158110441804404
0.605071677289034,0.278072209550299,0.754058302735804,0.026113585271629,-0.00361788608577543,-0.0254502776106327
0.735927580104999,0.243758348439898,0.231840193184556,0.0279723054593406,-0.173575297084833,-0.0987646892896704
0.589384117857251,0.263070264370206,0.137003040316473,0.0509903699228169,-0.0394136917990701,-0.00277871333974899
0.893601759189187,0.165349828772739,0.303243036581222,0.155669221266489,0.0687460638031334,-0.0230683343069966
0.852414637411555,0.208845679225239,0.300680190235781,-0.00261861792911621,-0.0558395059153947,0.0793495218165123
0.567725945072454,0.269877465894144,0.579774275096784,-0.0140803889513229,-0.0347378465925024,0.00904555652847957
0.838502728942733,0.210663028141823,0.258316881905017,0.0581099139251956,-0.0928505928261931,0.0128773436564619
0.888144505913838,0.197133722170934,0.40854562702741,0.0302696217494991,0.0227667141477923,0.00469644957070673
0.830395976649009,0.202673248357905,0.468822032279571,-0.033425968734405,-0.0242310050078038,-0.0023106255225737
0.728922361348563,0.218024785902029,0.358301819212707,0.00797575625435981,-0.0147364772141622,0.0320289351324586
0.677368358199289,0.181035024275202,0.442087349882151,0.219312585567154,0.231069876897165,0.193368811020975
0.799990660054315,0.202353667917047,0.31822177591065,0.0518694531786889,-0.0207290392541098,-0.0349113154748788
0.772907218729598,0.192753342569403,0.272751984802009,0.163520332738224,-0.0366367515432666,0.105333542955662
0.550538057434972,0.188926604844487,0.319342721244277,0.357374858184839,0.164736893312588,0.426730107068549
0.697237230283072,0.18633786789002,0.947482028258534,0.0993483942917897,0.297209161575391,0.275993144742341
0.785917964821674,0.20528036301517,0.649640960109594,-0.05418731348266,0.0543598489469861,0.0374928503088962
0.764324663515483,0.235907388805208,0.761705768624731,-0.0473615381601153,0.043419090369327,-0.0691929335663401
1.02746099690165,0.164039778564478,0.233261752800143,0.000755939526208539,0.0323699919915032,0.120120466137055
0.914104429244666,0.185556949250494,0.324326480888495,-0.00780358830342681,0.00866945563778536,0.00604290284735687
0.857048543116354,0.204768413043035,0.657109666514929,-0.000538242626388641,-0.0319879859439814,-0.0367766798261345
0.870064002180905,0.193998397670631,0.101825015250974,0.172081332723051,-0.0229524786767265,0.0660203974716189
0.882379730210567,0.172707403033014,0.283963359652903,0.0114904435010521,0.00980226332048953,0.0168357155862974
0.708028486130034,0.256329826346655,0.621287439320913,0.0218482125531877,-0.0545605848984787,-0.00720573764580305
0.888942762517887,0.17890638084704,0.83678714608096,-0.00366808994777431,0.0431623402998002,-0.126967065324658
0.79437277397045,0.181412450352021,0.143745088527713,0.271593990047548,-0.00447727046054162,0.0670192308187884
0.62664956043815,0.236587593917739,0.772906442682171,0.0303538027711084,0.156524659691363,0.110599488213975
0.78713859177788,0.213322973742568,0.369349449102503,-0.00728088013674332,-0.00250210427557407,-0.0123024824987091
1.01771818187419,0.16187179520021,0.557953397060004,-0.00874480058050415,0.0244185708734469,-0.00928623613042748
0.781259605964127,0.22580716354899,0.0188659432429066,0.121387549288439,-0.212621478813924,-0.107195353953775
0.84844965380701,0.200849000885251,0.582021703516001,0.0499920703360825,-0.00948143552157265,0.000362607449417071
0.893940767136259,0.187818542934293,0.361045463009652,0.098068290503605,-0.0848062253934715,-0.0581565869698943
0.900862365452511,0.187132929775461,0.376522449720938,-0.00037676959291255,-0.0320270613822571,-0.0246525531393723
0.801971076897201,0.201028016609153,0.112615180156419,0.208503679288513,-0.163114325651273,0.0293003748319182
0.760382297497573,0.220837828201488,0.245187686891675,0.00934908821877617,-0.0748004569153756,-0.0197267804274128
0.971556765665398,0.168864746733378,0.552925876744823,0.00909394998118616,-0.0118642418138953,0.00861056162128286
0.821829794916454,0.198065855299526,0.20507098990053,0.0345075062490638,-0.148221055685812,-0.0294324663856311
0.986303358188208,0.147142908982609,0.463409570920111,0.082747284441186,0.00506248310455507,0.0279519626747171
0.6978042773448,0.238588914203084,0.542639707378405,0.00796950991900779,0.00707191026748481,0.00124158915942207
0.901737714275417,0.18155253427701,0.324412382283793,0.0709923258843519,-0.0257946131997016,0.0100595497528963
0.762790779361899,0.218442582681603,0.406092121651027,0.0480752704692734,0.00623118107937426,-0.0191946699862946
0.795673579064054,0.212857551035934,0.547861692718464,-0.0262718050613194,0.0163355185671197,-0.00234611458147611
0.802450635176884,0.190588161424466,0.643019282962017,-0.0338020347326772,0.104266874516556,0.0412966790677006
0.830856090617245,0.200745049721131,0.463031372543159,0.111569403480798,-0.137470611686601,0.00819256453621753
0.710926306143529,0.221800929665102,0.458851662252486,0.025506434928061,0.00444756639050662,0.0176594239659247
0.89743108186311,0.179311618925887,0.233602966514465,0.111615039115932,-0.099003947764904,0.00503125126899108
0.777346383582844,0.225419844663113,0.304341304270681,0.0754716775864883,-0.0441059066850802,-0.0572672898707558
0.82376326707967,0.218629708048102,0.457403928393146,0.0476767671912331,-0.0416330648561474,-0.101901868531313
0.839937363163861,0.186967521820365,0.0176942987795302,0.249044584317892,-0.075818673416592,-0.0361836292147924
0.871711772748891,0.201351940596889,0.599161740451603,-0.0129876171768733,0.0149218478600438,0.00164604880376894
0.994235575179273,0.154402069265628,0.402437820918873,0.0139277498960682,0.0483424726682471,0.0622869588016644
0.923184112903196,0.184401854772082,0.715372461366616,-0.00789773454035143,-0.00034145256794243,-0.00711307497869859
1.04129510052301,0.169813395774104,0.446761958761995,-0.017357615511089,-0.0182853376916409,0.034354043609115
0.998760252847282,0.180030207118164,0.679188544585428,0.000594904225786623,0.0000580790969236999,0.000632052379659961
0.782880469450409,0.209270793915498,0.361269918725301,0.131774466516477,-0.0468093940634985,-0.0222535529358192
0.957169711197759,0.150142260836971,0.341924060211363,0.0254878734909564,-0.0245848795538289,0.015770851593893
0.973315790056927,0.166892821232985,0.582150212035142,-0.0540299827076199,0.00485523215161034,0.101326122718814
0.777638945933148,0.184221839910066,0.358577626810768,0.11787487107343,0.0925088716686303,0.00743139516329441
0.883657084697431,0.175335865208939,0.392859468592625,0.0567305644922244,-0.0848206630923415,-0.0102398063327045
0.917660083340978,0.190214874149473,0.552884840826331,0.00758674762944176,-0.00606684977610468,-0.0408162838294127
1.02235567454611,0.146114477151488,0.528035004693867,-0.00443970777189491,0.0144383135867819,0.00482342116996076
0.803124750938799,0.233448114546412,0.463215792194476,0.0786196328057403,-0.069438971700331,-0.0485204222674892
0.753758388538101,0.204141300506727,0.53208705123129,-0.00590224416642982,0.00117803682873671,0.00278346316353722
0.820086380923728,0.212592543210158,0.19000122247645,0.110203602650517,-0.226322144399254,-0.15339849110352
0.829775781950785,0.223189108384615,0.210818125452406,0.0592286201317427,-0.244837497544828,-0.103309699686753
1.06592827945321,0.139460651852672,0.392836006050336,-0.00888954815155652,0.00136694671087894,0.0140504077413132
0.559732426475691,0.256344235531912,0.626843222261104,0.0954072806825726,0.235031806844642,-0.0691432590081352
0.969110202853896,0.167143358711903,0.702930246054724,-0.00924657264531972,0.0603567400149719,0.0341659585610697
1.00479037746768,0.167948137145639,0.544749716417572,0.0467117415128451,-0.130375500246609,-0.0568460671886354
0.86296760560186,0.188311833976524,0.518577413717797,-0.0186967566323906,0.0170022102025549,-0.00300247552464272
0.772375020589818,0.212574032555145,1.0851907369158,-0.105649388615407,0.227608775908055,0.0697479663426042
0.795506565893967,0.223271756699496,0.606966223504743,-0.0129605901365535,-0.0752994374097155,0.0165016587824582
0.862903298672805,0.18504575291376,0.351190884018601,0.265470529555968,-0.0544573282058302,-0.0244693625639818
0.828553561355816,0.192209004760717,0.436392911532853,0.0775202817802299,-0.0170826571847591,-0.0370311862918679
0.941707195890189,0.185106162306414,0.231956122572866,-0.0254051562946261,-0.0459889441249382,-0.00104784664809272
0.82430023788188,0.190754355167541,0.438619037481459,0.140957258000239,0.0600342200141723,-0.013577949583529
0.75947640073639,0.215365691104076,0.255881411545018,0.0686453603673819,-0.0534381631904704,0.0130579546242112
